dataset,selection_mode,source_condition,target_condition,selected_layer,ridge_alpha,n_fit,n_test,accuracy,macro_f1
BEANS Dogs,source_selected,full_0-8k,full_0-8k,10,100.0,554,139,0.9280575539568345,0.9095401765010166
BEANS Dogs,source_selected,full_0-8k,lp_0-1000,10,100.0,554,139,0.4028776978417266,0.29997196069352267
BEANS Dogs,source_selected,full_0-8k,lp_0-2000,10,100.0,554,139,0.5971223021582733,0.6208736352214613
BEANS Dogs,source_selected,full_0-8k,lp_0-4000,10,100.0,554,139,0.8129496402877698,0.816868170507411
BEANS Dogs,source_selected,full_0-8k,lp_0-6000,10,100.0,554,139,0.920863309352518,0.9059667204072864
BEANS Dogs,source_selected,full_0-8k,lp_0-8000,10,100.0,554,139,0.9136690647482014,0.8964361227185986
BEANS Dogs,source_selected,lp_0-1000,full_0-8k,11,100.0,554,139,0.38848920863309355,0.3661864782504317
BEANS Dogs,source_selected,lp_0-1000,lp_0-1000,11,100.0,554,139,0.8776978417266187,0.8607247343497344
BEANS Dogs,source_selected,lp_0-1000,lp_0-2000,11,100.0,554,139,0.49640287769784175,0.5052955776328207
BEANS Dogs,source_selected,lp_0-1000,lp_0-4000,11,100.0,554,139,0.28776978417266186,0.23042772422419183
BEANS Dogs,source_selected,lp_0-1000,lp_0-6000,11,100.0,554,139,0.33093525179856115,0.30899365867107803
BEANS Dogs,source_selected,lp_0-1000,lp_0-8000,11,100.0,554,139,0.381294964028777,0.3722394220846233
BEANS Dogs,source_selected,lp_0-2000,full_0-8k,15,100.0,554,139,0.7050359712230215,0.6990292531082004
BEANS Dogs,source_selected,lp_0-2000,lp_0-1000,15,100.0,554,139,0.43884892086330934,0.36806228665093493
BEANS Dogs,source_selected,lp_0-2000,lp_0-2000,15,100.0,554,139,0.9136690647482014,0.8812386330107043
BEANS Dogs,source_selected,lp_0-2000,lp_0-4000,15,100.0,554,139,0.7482014388489209,0.7404706626037896
BEANS Dogs,source_selected,lp_0-2000,lp_0-6000,15,100.0,554,139,0.7122302158273381,0.7064069588582332
BEANS Dogs,source_selected,lp_0-2000,lp_0-8000,15,100.0,554,139,0.7266187050359713,0.7246906913235514
BEANS Dogs,source_selected,lp_0-4000,full_0-8k,12,100.0,554,139,0.8705035971223022,0.8456919285941883
BEANS Dogs,source_selected,lp_0-4000,lp_0-1000,12,100.0,554,139,0.34532374100719426,0.22193805058255184
BEANS Dogs,source_selected,lp_0-4000,lp_0-2000,12,100.0,554,139,0.7338129496402878,0.7449017141217512
BEANS Dogs,source_selected,lp_0-4000,lp_0-4000,12,100.0,554,139,0.9136690647482014,0.9134225635498329
BEANS Dogs,source_selected,lp_0-4000,lp_0-6000,12,100.0,554,139,0.8776978417266187,0.8766467409263778
BEANS Dogs,source_selected,lp_0-4000,lp_0-8000,12,100.0,554,139,0.8776978417266187,0.8718951167018758
BEANS Dogs,source_selected,lp_0-6000,full_0-8k,7,10.0,554,139,0.8345323741007195,0.8127998156259025
BEANS Dogs,source_selected,lp_0-6000,lp_0-1000,7,10.0,554,139,0.3381294964028777,0.20910552445784827
BEANS Dogs,source_selected,lp_0-6000,lp_0-2000,7,10.0,554,139,0.539568345323741,0.5312710437710437
BEANS Dogs,source_selected,lp_0-6000,lp_0-4000,7,10.0,554,139,0.7769784172661871,0.774938511780617
BEANS Dogs,source_selected,lp_0-6000,lp_0-6000,7,10.0,554,139,0.8920863309352518,0.8744344666748042
BEANS Dogs,source_selected,lp_0-6000,lp_0-8000,7,10.0,554,139,0.7985611510791367,0.7898878923919931
BEANS Dogs,source_selected,lp_0-8000,full_0-8k,17,100.0,554,139,0.9280575539568345,0.9209920634920635
BEANS Dogs,source_selected,lp_0-8000,lp_0-1000,17,100.0,554,139,0.37410071942446044,0.24462319693147525
BEANS Dogs,source_selected,lp_0-8000,lp_0-2000,17,100.0,554,139,0.7410071942446043,0.7327516349575174
BEANS Dogs,source_selected,lp_0-8000,lp_0-4000,17,100.0,554,139,0.8561151079136691,0.8631886323322832
BEANS Dogs,source_selected,lp_0-8000,lp_0-6000,17,100.0,554,139,0.9136690647482014,0.9101282290694055
BEANS Dogs,source_selected,lp_0-8000,lp_0-8000,17,100.0,554,139,0.9496402877697842,0.9501827046722683
BEANS Dogs,full_shared,full_0-8k,full_0-8k,10,100.0,554,139,0.9280575539568345,0.9095401765010166
BEANS Dogs,full_shared,full_0-8k,lp_0-1000,10,100.0,554,139,0.4028776978417266,0.29997196069352267
BEANS Dogs,full_shared,full_0-8k,lp_0-2000,10,100.0,554,139,0.5971223021582733,0.6208736352214613
BEANS Dogs,full_shared,full_0-8k,lp_0-4000,10,100.0,554,139,0.8129496402877698,0.816868170507411
BEANS Dogs,full_shared,full_0-8k,lp_0-6000,10,100.0,554,139,0.920863309352518,0.9059667204072864
BEANS Dogs,full_shared,full_0-8k,lp_0-8000,10,100.0,554,139,0.9136690647482014,0.8964361227185986
BEANS Dogs,full_shared,lp_0-1000,full_0-8k,10,100.0,554,139,0.302158273381295,0.3021023713128976
BEANS Dogs,full_shared,lp_0-1000,lp_0-1000,10,100.0,554,139,0.8776978417266187,0.8638428020780962
BEANS Dogs,full_shared,lp_0-1000,lp_0-2000,10,100.0,554,139,0.4460431654676259,0.4741694873604624
BEANS Dogs,full_shared,lp_0-1000,lp_0-4000,10,100.0,554,139,0.2589928057553957,0.2689885408708938
BEANS Dogs,full_shared,lp_0-1000,lp_0-6000,10,100.0,554,139,0.2949640287769784,0.3006569843764966
BEANS Dogs,full_shared,lp_0-1000,lp_0-8000,10,100.0,554,139,0.2733812949640288,0.27708175363168525
BEANS Dogs,full_shared,lp_0-2000,full_0-8k,10,100.0,554,139,0.6906474820143885,0.6977376603110956
BEANS Dogs,full_shared,lp_0-2000,lp_0-1000,10,100.0,554,139,0.4892086330935252,0.3757063593683312
BEANS Dogs,full_shared,lp_0-2000,lp_0-2000,10,100.0,554,139,0.920863309352518,0.9067049559586229
BEANS Dogs,full_shared,lp_0-2000,lp_0-4000,10,100.0,554,139,0.7769784172661871,0.7633385289542189
BEANS Dogs,full_shared,lp_0-2000,lp_0-6000,10,100.0,554,139,0.7553956834532374,0.7450913364300787
BEANS Dogs,full_shared,lp_0-2000,lp_0-8000,10,100.0,554,139,0.7266187050359713,0.7411902369883353
BEANS Dogs,full_shared,lp_0-4000,full_0-8k,10,100.0,554,139,0.8561151079136691,0.8429149606319323
BEANS Dogs,full_shared,lp_0-4000,lp_0-1000,10,100.0,554,139,0.37410071942446044,0.2553667516284338
BEANS Dogs,full_shared,lp_0-4000,lp_0-2000,10,100.0,554,139,0.7697841726618705,0.7744618937445336
BEANS Dogs,full_shared,lp_0-4000,lp_0-4000,10,100.0,554,139,0.9064748201438849,0.8939495723910424
BEANS Dogs,full_shared,lp_0-4000,lp_0-6000,10,100.0,554,139,0.8489208633093526,0.8514292562668556
BEANS Dogs,full_shared,lp_0-4000,lp_0-8000,10,100.0,554,139,0.8776978417266187,0.8770053326425868
BEANS Dogs,full_shared,lp_0-6000,full_0-8k,10,100.0,554,139,0.920863309352518,0.9041131227452708
BEANS Dogs,full_shared,lp_0-6000,lp_0-1000,10,100.0,554,139,0.39568345323741005,0.3095996248856661
BEANS Dogs,full_shared,lp_0-6000,lp_0-2000,10,100.0,554,139,0.7338129496402878,0.7296848372060378
BEANS Dogs,full_shared,lp_0-6000,lp_0-4000,10,100.0,554,139,0.920863309352518,0.9117312834224599
BEANS Dogs,full_shared,lp_0-6000,lp_0-6000,10,100.0,554,139,0.9424460431654677,0.9319208208428265
BEANS Dogs,full_shared,lp_0-6000,lp_0-8000,10,100.0,554,139,0.8920863309352518,0.8814530697005161
BEANS Dogs,full_shared,lp_0-8000,full_0-8k,10,100.0,554,139,0.935251798561151,0.9217726829287308
BEANS Dogs,full_shared,lp_0-8000,lp_0-1000,10,100.0,554,139,0.3597122302158273,0.2717599161610051
BEANS Dogs,full_shared,lp_0-8000,lp_0-2000,10,100.0,554,139,0.5827338129496403,0.6171863377745731
BEANS Dogs,full_shared,lp_0-8000,lp_0-4000,10,100.0,554,139,0.8057553956834532,0.8099891880338127
BEANS Dogs,full_shared,lp_0-8000,lp_0-6000,10,100.0,554,139,0.8848920863309353,0.8846033268379816
BEANS Dogs,full_shared,lp_0-8000,lp_0-8000,10,100.0,554,139,0.9280575539568345,0.9222598818299048
BEANS Watkins,source_selected,full_0-8k,full_0-8k,8,100.0,1356,339,0.8820058997050148,0.8824960111870902
BEANS Watkins,source_selected,full_0-8k,lp_0-1000,8,100.0,1356,339,0.09734513274336283,0.06296714423893278
BEANS Watkins,source_selected,full_0-8k,lp_0-2000,8,100.0,1356,339,0.24188790560471976,0.22586634765876087
BEANS Watkins,source_selected,full_0-8k,lp_0-4000,8,100.0,1356,339,0.7109144542772862,0.7152167280029336
BEANS Watkins,source_selected,full_0-8k,lp_0-6000,8,100.0,1356,339,0.8259587020648967,0.8253235746944351
BEANS Watkins,source_selected,full_0-8k,lp_0-8000,8,100.0,1356,339,0.8672566371681416,0.8704685308584394
BEANS Watkins,source_selected,lp_0-1000,full_0-8k,11,100.0,1356,339,0.20353982300884957,0.20770663250641946
BEANS Watkins,source_selected,lp_0-1000,lp_0-1000,11,100.0,1356,339,0.7404129793510325,0.759210466332681
BEANS Watkins,source_selected,lp_0-1000,lp_0-2000,11,100.0,1356,339,0.48672566371681414,0.5258894204269708
BEANS Watkins,source_selected,lp_0-1000,lp_0-4000,11,100.0,1356,339,0.2448377581120944,0.24097756283548377
BEANS Watkins,source_selected,lp_0-1000,lp_0-6000,11,100.0,1356,339,0.22123893805309736,0.22848814745450974
BEANS Watkins,source_selected,lp_0-1000,lp_0-8000,11,100.0,1356,339,0.20058997050147492,0.2057748942016675
BEANS Watkins,source_selected,lp_0-2000,full_0-8k,19,100.0,1356,339,0.4365781710914454,0.4603977334139437
BEANS Watkins,source_selected,lp_0-2000,lp_0-1000,19,100.0,1356,339,0.43952802359882004,0.4608938613132817
BEANS Watkins,source_selected,lp_0-2000,lp_0-2000,19,100.0,1356,339,0.7787610619469026,0.7932108668465286
BEANS Watkins,source_selected,lp_0-2000,lp_0-4000,19,100.0,1356,339,0.5368731563421829,0.5781279456189279
BEANS Watkins,source_selected,lp_0-2000,lp_0-6000,19,100.0,1356,339,0.4837758112094395,0.5114953799004006
BEANS Watkins,source_selected,lp_0-2000,lp_0-8000,19,100.0,1356,339,0.40412979351032446,0.4410120126618794
BEANS Watkins,source_selected,lp_0-4000,full_0-8k,9,100.0,1356,339,0.6814159292035398,0.7085922427477267
BEANS Watkins,source_selected,lp_0-4000,lp_0-1000,9,100.0,1356,339,0.11209439528023599,0.10394420713901749
BEANS Watkins,source_selected,lp_0-4000,lp_0-2000,9,100.0,1356,339,0.39233038348082594,0.4048770001195117
BEANS Watkins,source_selected,lp_0-4000,lp_0-4000,9,100.0,1356,339,0.8584070796460177,0.866897113878201
BEANS Watkins,source_selected,lp_0-4000,lp_0-6000,9,100.0,1356,339,0.8200589970501475,0.8335779573818428
BEANS Watkins,source_selected,lp_0-4000,lp_0-8000,9,100.0,1356,339,0.6371681415929203,0.6630338847565735
BEANS Watkins,source_selected,lp_0-6000,full_0-8k,12,100.0,1356,339,0.8082595870206489,0.8207040246791912
BEANS Watkins,source_selected,lp_0-6000,lp_0-1000,12,100.0,1356,339,0.09734513274336283,0.0726501705970703
BEANS Watkins,source_selected,lp_0-6000,lp_0-2000,12,100.0,1356,339,0.3480825958702065,0.3521778760538374
BEANS Watkins,source_selected,lp_0-6000,lp_0-4000,12,100.0,1356,339,0.8495575221238938,0.8529398718542666
BEANS Watkins,source_selected,lp_0-6000,lp_0-6000,12,100.0,1356,339,0.8672566371681416,0.873602323423793
BEANS Watkins,source_selected,lp_0-6000,lp_0-8000,12,100.0,1356,339,0.7699115044247787,0.7854015610108824
BEANS Watkins,source_selected,lp_0-8000,full_0-8k,21,10.0,1356,339,0.8436578171091446,0.8479548295899908
BEANS Watkins,source_selected,lp_0-8000,lp_0-1000,21,10.0,1356,339,0.0943952802359882,0.07430934472051914
BEANS Watkins,source_selected,lp_0-8000,lp_0-2000,21,10.0,1356,339,0.2536873156342183,0.25349829063120605
BEANS Watkins,source_selected,lp_0-8000,lp_0-4000,21,10.0,1356,339,0.6371681415929203,0.6515184909220726
BEANS Watkins,source_selected,lp_0-8000,lp_0-6000,21,10.0,1356,339,0.7492625368731564,0.7649857232332958
BEANS Watkins,source_selected,lp_0-8000,lp_0-8000,21,10.0,1356,339,0.8407079646017699,0.8470249435173
BEANS Watkins,full_shared,full_0-8k,full_0-8k,8,100.0,1356,339,0.8820058997050148,0.8824960111870902
BEANS Watkins,full_shared,full_0-8k,lp_0-1000,8,100.0,1356,339,0.09734513274336283,0.06296714423893278
BEANS Watkins,full_shared,full_0-8k,lp_0-2000,8,100.0,1356,339,0.24188790560471976,0.22586634765876087
BEANS Watkins,full_shared,full_0-8k,lp_0-4000,8,100.0,1356,339,0.7109144542772862,0.7152167280029336
BEANS Watkins,full_shared,full_0-8k,lp_0-6000,8,100.0,1356,339,0.8259587020648967,0.8253235746944351
BEANS Watkins,full_shared,full_0-8k,lp_0-8000,8,100.0,1356,339,0.8672566371681416,0.8704685308584394
BEANS Watkins,full_shared,lp_0-1000,full_0-8k,8,100.0,1356,339,0.23008849557522124,0.2180282304972342
BEANS Watkins,full_shared,lp_0-1000,lp_0-1000,8,100.0,1356,339,0.7551622418879056,0.7712516999828326
BEANS Watkins,full_shared,lp_0-1000,lp_0-2000,8,100.0,1356,339,0.4837758112094395,0.4935924517053271
BEANS Watkins,full_shared,lp_0-1000,lp_0-4000,8,100.0,1356,339,0.2536873156342183,0.2581372588732751
BEANS Watkins,full_shared,lp_0-1000,lp_0-6000,8,100.0,1356,339,0.23893805309734514,0.23066345753614204
BEANS Watkins,full_shared,lp_0-1000,lp_0-8000,8,100.0,1356,339,0.2153392330383481,0.2009129366469702
BEANS Watkins,full_shared,lp_0-2000,full_0-8k,8,100.0,1356,339,0.4424778761061947,0.49102121568167356
BEANS Watkins,full_shared,lp_0-2000,lp_0-1000,8,100.0,1356,339,0.4306784660766962,0.4702102329345291
BEANS Watkins,full_shared,lp_0-2000,lp_0-2000,8,100.0,1356,339,0.8112094395280236,0.8229004466835148
BEANS Watkins,full_shared,lp_0-2000,lp_0-4000,8,100.0,1356,339,0.5309734513274337,0.563042288064048
BEANS Watkins,full_shared,lp_0-2000,lp_0-6000,8,100.0,1356,339,0.49852507374631266,0.5340481939733972
BEANS Watkins,full_shared,lp_0-2000,lp_0-8000,8,100.0,1356,339,0.4277286135693215,0.4871657588364418
BEANS Watkins,full_shared,lp_0-4000,full_0-8k,8,100.0,1356,339,0.6873156342182891,0.6957854132545311
BEANS Watkins,full_shared,lp_0-4000,lp_0-1000,8,100.0,1356,339,0.11209439528023599,0.09376374853602285
BEANS Watkins,full_shared,lp_0-4000,lp_0-2000,8,100.0,1356,339,0.40412979351032446,0.4017530783160131
BEANS Watkins,full_shared,lp_0-4000,lp_0-4000,8,100.0,1356,339,0.8495575221238938,0.8580753852849463
BEANS Watkins,full_shared,lp_0-4000,lp_0-6000,8,100.0,1356,339,0.8082595870206489,0.8224547040602791
BEANS Watkins,full_shared,lp_0-4000,lp_0-8000,8,100.0,1356,339,0.6106194690265486,0.6392443178681751
BEANS Watkins,full_shared,lp_0-6000,full_0-8k,8,100.0,1356,339,0.7964601769911505,0.8071659576779558
BEANS Watkins,full_shared,lp_0-6000,lp_0-1000,8,100.0,1356,339,0.09734513274336283,0.06749205805211735
BEANS Watkins,full_shared,lp_0-6000,lp_0-2000,8,100.0,1356,339,0.3215339233038348,0.32903200806014105
BEANS Watkins,full_shared,lp_0-6000,lp_0-4000,8,100.0,1356,339,0.8289085545722714,0.8337071105463699
BEANS Watkins,full_shared,lp_0-6000,lp_0-6000,8,100.0,1356,339,0.8820058997050148,0.8859517731815455
BEANS Watkins,full_shared,lp_0-6000,lp_0-8000,8,100.0,1356,339,0.7669616519174042,0.7835314112652505
BEANS Watkins,full_shared,lp_0-8000,full_0-8k,8,100.0,1356,339,0.8436578171091446,0.8450759875232429
BEANS Watkins,full_shared,lp_0-8000,lp_0-1000,8,100.0,1356,339,0.09144542772861357,0.0610570122155765
BEANS Watkins,full_shared,lp_0-8000,lp_0-2000,8,100.0,1356,339,0.23303834808259588,0.2343894406182996
BEANS Watkins,full_shared,lp_0-8000,lp_0-4000,8,100.0,1356,339,0.7020648967551623,0.7079157435053736
BEANS Watkins,full_shared,lp_0-8000,lp_0-6000,8,100.0,1356,339,0.8053097345132744,0.8084480019019353
BEANS Watkins,full_shared,lp_0-8000,lp_0-8000,8,100.0,1356,339,0.8820058997050148,0.8860937051690022
