event_id,audio_path,label,recording_id,provenance,expert_votes,condition
193131,/root/animal-omni-kv/data/marmaudio/expert_interventions/full_0-8k/193131.wav,Infant Cry,2022_3_3,four_experts_unanimous_affirmative,Yes|Yes|Yes|Yes,full_0-8k
213327,/root/animal-omni-kv/data/marmaudio/expert_interventions/full_0-8k/213327.wav,Infant Cry,2019_12_0,four_experts_unanimous_affirmative,Yes|Yes|Yes|Yes,full_0-8k
223077,/root/animal-omni-kv/data/marmaudio/expert_interventions/full_0-8k/223077.wav,Infant Cry,2019_12_0,four_experts_unanimous_affirmative,Yes|Yes|Yes|Yes,full_0-8k
223312,/root/animal-omni-kv/data/marmaudio/expert_interventions/full_0-8k/223312.wav,Infant Cry,2019_12_0,four_experts_unanimous_affirmative,Yes|Yes|Yes|Yes,full_0-8k
223332,/root/animal-omni-kv/data/marmaudio/expert_interventions/full_0-8k/223332.wav,Infant Cry,2019_12_0,four_experts_unanimous_affirmative,Yes|Yes|Yes|Yes,full_0-8k
223352,/root/animal-omni-kv/data/marmaudio/expert_interventions/full_0-8k/223352.wav,Infant Cry,2019_12_0,four_experts_unanimous_affirmative,Yes|Yes|Yes|Yes,full_0-8k
223383,/root/animal-omni-kv/data/marmaudio/expert_interventions/full_0-8k/223383.wav,Infant Cry,2019_12_0,four_experts_unanimous_affirmative,Yes|Yes|Yes|Yes,full_0-8k
223396,/root/animal-omni-kv/data/marmaudio/expert_interventions/full_0-8k/223396.wav,Infant Cry,2019_12_0,four_experts_unanimous_affirmative,Yes|Yes|Yes|Yes,full_0-8k
223400,/root/animal-omni-kv/data/marmaudio/expert_interventions/full_0-8k/223400.wav,Infant Cry,2019_12_0,four_experts_unanimous_affirmative,Yes|Yes|Yes|Yes,full_0-8k
299793,/root/animal-omni-kv/data/marmaudio/expert_interventions/full_0-8k/299793.wav,Infant Cry,2022_3_7,four_experts_unanimous_affirmative,Yes|Yes|Yes|Yes,full_0-8k
329778,/root/animal-omni-kv/data/marmaudio/expert_interventions/full_0-8k/329778.wav,Infant Cry,2022_3_10,four_experts_unanimous_affirmative,Yes|Yes|Yes|Yes,full_0-8k
342684,/root/animal-omni-kv/data/marmaudio/expert_interventions/full_0-8k/342684.wav,Infant Cry,2022_3_11,four_experts_unanimous_affirmative,Yes|Yes|Yes|Yes,full_0-8k
352081,/root/animal-omni-kv/data/marmaudio/expert_interventions/full_0-8k/352081.wav,Infant Cry,2022_12_2,four_experts_unanimous_affirmative,Yes|Yes|Yes|Yes,full_0-8k
354197,/root/animal-omni-kv/data/marmaudio/expert_interventions/full_0-8k/354197.wav,Infant Cry,2022_3_12,four_experts_unanimous_affirmative,Yes|Yes|Yes|Yes,full_0-8k
357670,/root/animal-omni-kv/data/marmaudio/expert_interventions/full_0-8k/357670.wav,Infant Cry,2022_3_12,four_experts_unanimous_affirmative,Yes|Yes|Yes|Yes,full_0-8k
405841,/root/animal-omni-kv/data/marmaudio/expert_interventions/full_0-8k/405841.wav,Infant Cry,2022_4_3,four_experts_unanimous_affirmative,Yes|Yes|Yes|Yes,full_0-8k
508764,/root/animal-omni-kv/data/marmaudio/expert_interventions/full_0-8k/508764.wav,Infant Cry,2023_4_1,four_experts_unanimous_affirmative,Yes|Yes|Yes|Yes,full_0-8k
508801,/root/animal-omni-kv/data/marmaudio/expert_interventions/full_0-8k/508801.wav,Infant Cry,2023_4_1,four_experts_unanimous_affirmative,Yes|Yes|Yes|Yes,full_0-8k
509083,/root/animal-omni-kv/data/marmaudio/expert_interventions/full_0-8k/509083.wav,Infant Cry,2022_12_3,four_experts_unanimous_affirmative,Yes|Yes|Yes|Yes,full_0-8k
509091,/root/animal-omni-kv/data/marmaudio/expert_interventions/full_0-8k/509091.wav,Infant Cry,2022_12_3,four_experts_unanimous_affirmative,Yes|Yes|Yes|Yes,full_0-8k
518850,/root/animal-omni-kv/data/marmaudio/expert_interventions/full_0-8k/518850.wav,Infant Cry,2022_12_4,four_experts_unanimous_affirmative,Yes|Yes|Yes|Yes,full_0-8k
526040,/root/animal-omni-kv/data/marmaudio/expert_interventions/full_0-8k/526040.wav,Infant Cry,2021_1_0,four_experts_unanimous_affirmative,Yes|Yes|Yes|Yes,full_0-8k
526671,/root/animal-omni-kv/data/marmaudio/expert_interventions/full_0-8k/526671.wav,Infant Cry,2021_1_0,four_experts_unanimous_affirmative,Yes|Yes|Yes|Yes,full_0-8k
526711,/root/animal-omni-kv/data/marmaudio/expert_interventions/full_0-8k/526711.wav,Infant Cry,2021_1_0,four_experts_unanimous_affirmative,Yes|Yes|Yes|Yes,full_0-8k
540984,/root/animal-omni-kv/data/marmaudio/expert_interventions/full_0-8k/540984.wav,Infant Cry,2020_5_0,four_experts_unanimous_affirmative,Yes|Yes|Yes|Yes,full_0-8k
558438,/root/animal-omni-kv/data/marmaudio/expert_interventions/full_0-8k/558438.wav,Infant Cry,2020_10_0,four_experts_unanimous_affirmative,Yes|Yes|Yes|Yes,full_0-8k
558594,/root/animal-omni-kv/data/marmaudio/expert_interventions/full_0-8k/558594.wav,Infant Cry,2020_10_0,four_experts_unanimous_affirmative,Yes|Yes|Yes|Yes,full_0-8k
558633,/root/animal-omni-kv/data/marmaudio/expert_interventions/full_0-8k/558633.wav,Infant Cry,2020_10_0,four_experts_unanimous_affirmative,Yes|Yes|Yes|Yes,full_0-8k
565266,/root/animal-omni-kv/data/marmaudio/expert_interventions/full_0-8k/565266.wav,Infant Cry,2020_10_1,four_experts_unanimous_affirmative,Yes|Yes|Yes|Yes,full_0-8k
583214,/root/animal-omni-kv/data/marmaudio/expert_interventions/full_0-8k/583214.wav,Infant Cry,2020_10_1,four_experts_unanimous_affirmative,Yes|Yes|Yes|Yes,full_0-8k
604234,/root/animal-omni-kv/data/marmaudio/expert_interventions/full_0-8k/604234.wav,Infant Cry,2020_12_1,four_experts_unanimous_affirmative,Yes|Yes|Yes|Yes,full_0-8k
609454,/root/animal-omni-kv/data/marmaudio/expert_interventions/full_0-8k/609454.wav,Infant Cry,2020_10_2,four_experts_unanimous_affirmative,Yes|Yes|Yes|Yes,full_0-8k
612455,/root/animal-omni-kv/data/marmaudio/expert_interventions/full_0-8k/612455.wav,Infant Cry,2020_12_1,four_experts_unanimous_affirmative,Yes|Yes|Yes|Yes,full_0-8k
618440,/root/animal-omni-kv/data/marmaudio/expert_interventions/full_0-8k/618440.wav,Infant Cry,2023_3_0,four_experts_unanimous_affirmative,Yes|Yes|Yes|Yes,full_0-8k
623691,/root/animal-omni-kv/data/marmaudio/expert_interventions/full_0-8k/623691.wav,Infant Cry,2020_10_2,four_experts_unanimous_affirmative,Yes|Yes|Yes|Yes,full_0-8k
628729,/root/animal-omni-kv/data/marmaudio/expert_interventions/full_0-8k/628729.wav,Infant Cry,2021_1_1,four_experts_unanimous_affirmative,Yes|Yes|Yes|Yes,full_0-8k
631861,/root/animal-omni-kv/data/marmaudio/expert_interventions/full_0-8k/631861.wav,Infant Cry,2021_1_1,four_experts_unanimous_affirmative,Yes|Yes|Yes|Yes,full_0-8k
6633,/root/animal-omni-kv/data/marmaudio/expert_interventions/full_0-8k/6633.wav,Infant Cry,2022_1_0,four_experts_unanimous_affirmative,Yes|Yes|Yes|Yes,full_0-8k
667865,/root/animal-omni-kv/data/marmaudio/expert_interventions/full_0-8k/667865.wav,Infant Cry,2020_11_1,four_experts_unanimous_affirmative,Yes|Yes|Yes|Yes,full_0-8k
667905,/root/animal-omni-kv/data/marmaudio/expert_interventions/full_0-8k/667905.wav,Infant Cry,2020_11_1,four_experts_unanimous_affirmative,Yes|Yes|Yes|Yes,full_0-8k
670039,/root/animal-omni-kv/data/marmaudio/expert_interventions/full_0-8k/670039.wav,Infant Cry,2020_11_1,four_experts_unanimous_affirmative,Yes|Yes|Yes|Yes,full_0-8k
691528,/root/animal-omni-kv/data/marmaudio/expert_interventions/full_0-8k/691528.wav,Infant Cry,2023_3_3,four_experts_unanimous_affirmative,Yes|Yes|Yes|Yes,full_0-8k
693164,/root/animal-omni-kv/data/marmaudio/expert_interventions/full_0-8k/693164.wav,Infant Cry,2023_2_0,four_experts_unanimous_affirmative,Yes|Yes|Yes|Yes,full_0-8k
731937,/root/animal-omni-kv/data/marmaudio/expert_interventions/full_0-8k/731937.wav,Infant Cry,2023_2_1,four_experts_unanimous_affirmative,Yes|Yes|Yes|Yes,full_0-8k
742006,/root/animal-omni-kv/data/marmaudio/expert_interventions/full_0-8k/742006.wav,Infant Cry,2023_3_4,four_experts_unanimous_affirmative,Yes|Yes|Yes|Yes,full_0-8k
763863,/root/animal-omni-kv/data/marmaudio/expert_interventions/full_0-8k/763863.wav,Infant Cry,2023_2_2,four_experts_unanimous_affirmative,Yes|Yes|Yes|Yes,full_0-8k
765458,/root/animal-omni-kv/data/marmaudio/expert_interventions/full_0-8k/765458.wav,Infant Cry,2023_2_2,four_experts_unanimous_affirmative,Yes|Yes|Yes|Yes,full_0-8k
799579,/root/animal-omni-kv/data/marmaudio/expert_interventions/full_0-8k/799579.wav,Infant Cry,2023_3_7,four_experts_unanimous_affirmative,Yes|Yes|Yes|Yes,full_0-8k
817109,/root/animal-omni-kv/data/marmaudio/expert_interventions/full_0-8k/817109.wav,Infant Cry,2023_4_6,four_experts_unanimous_affirmative,Yes|Yes|Yes|Yes,full_0-8k
9024,/root/animal-omni-kv/data/marmaudio/expert_interventions/full_0-8k/9024.wav,Infant Cry,2022_1_0,four_experts_unanimous_affirmative,Yes|Yes|Yes|Yes,full_0-8k
108998,/root/animal-omni-kv/data/marmaudio/expert_interventions/full_0-8k/108998.wav,Phee,2022_2_4,four_experts_unanimous_affirmative,Yes|Yes|Yes|Yes,full_0-8k
202978,/root/animal-omni-kv/data/marmaudio/expert_interventions/full_0-8k/202978.wav,Phee,2022_3_4,four_experts_unanimous_affirmative,Yes|Yes|Yes|Yes,full_0-8k
221515,/root/animal-omni-kv/data/marmaudio/expert_interventions/full_0-8k/221515.wav,Phee,2022_3_5,four_experts_unanimous_affirmative,Yes|Yes|Yes|Yes,full_0-8k
223196,/root/animal-omni-kv/data/marmaudio/expert_interventions/full_0-8k/223196.wav,Phee,2019_12_0,four_experts_unanimous_affirmative,Yes|Yes|Yes|Yes,full_0-8k
223206,/root/animal-omni-kv/data/marmaudio/expert_interventions/full_0-8k/223206.wav,Phee,2019_12_0,four_experts_unanimous_affirmative,Yes|Yes|Yes|Yes,full_0-8k
223208,/root/animal-omni-kv/data/marmaudio/expert_interventions/full_0-8k/223208.wav,Phee,2019_12_0,four_experts_unanimous_affirmative,Yes|Yes|Yes|Yes,full_0-8k
268974,/root/animal-omni-kv/data/marmaudio/expert_interventions/full_0-8k/268974.wav,Phee,2022_12_1,four_experts_unanimous_affirmative,Yes|Yes|Yes|Yes,full_0-8k
285967,/root/animal-omni-kv/data/marmaudio/expert_interventions/full_0-8k/285967.wav,Phee,2020_2_0,four_experts_unanimous_affirmative,Yes|Yes|Yes|Yes,full_0-8k
36485,/root/animal-omni-kv/data/marmaudio/expert_interventions/full_0-8k/36485.wav,Phee,2022_1_3,four_experts_unanimous_affirmative,Yes|Yes|Yes|Yes,full_0-8k
377896,/root/animal-omni-kv/data/marmaudio/expert_interventions/full_0-8k/377896.wav,Phee,2022_10_1,four_experts_unanimous_affirmative,Yes|Yes|Yes|Yes,full_0-8k
389438,/root/animal-omni-kv/data/marmaudio/expert_interventions/full_0-8k/389438.wav,Phee,2022_4_1,four_experts_unanimous_affirmative,Yes|Yes|Yes|Yes,full_0-8k
395548,/root/animal-omni-kv/data/marmaudio/expert_interventions/full_0-8k/395548.wav,Phee,2022_4_2,four_experts_unanimous_affirmative,Yes|Yes|Yes|Yes,full_0-8k
408631,/root/animal-omni-kv/data/marmaudio/expert_interventions/full_0-8k/408631.wav,Phee,2022_4_3,four_experts_unanimous_affirmative,Yes|Yes|Yes|Yes,full_0-8k
508696,/root/animal-omni-kv/data/marmaudio/expert_interventions/full_0-8k/508696.wav,Phee,2023_4_1,four_experts_unanimous_affirmative,Yes|Yes|Yes|Yes,full_0-8k
508775,/root/animal-omni-kv/data/marmaudio/expert_interventions/full_0-8k/508775.wav,Phee,2023_4_1,four_experts_unanimous_affirmative,Yes|Yes|Yes|Yes,full_0-8k
508966,/root/animal-omni-kv/data/marmaudio/expert_interventions/full_0-8k/508966.wav,Phee,2022_12_3,four_experts_unanimous_affirmative,Yes|Yes|Yes|Yes,full_0-8k
509009,/root/animal-omni-kv/data/marmaudio/expert_interventions/full_0-8k/509009.wav,Phee,2022_12_3,four_experts_unanimous_affirmative,Yes|Yes|Yes|Yes,full_0-8k
509036,/root/animal-omni-kv/data/marmaudio/expert_interventions/full_0-8k/509036.wav,Phee,2022_12_3,four_experts_unanimous_affirmative,Yes|Yes|Yes|Yes,full_0-8k
509047,/root/animal-omni-kv/data/marmaudio/expert_interventions/full_0-8k/509047.wav,Phee,2022_12_3,four_experts_unanimous_affirmative,Yes|Yes|Yes|Yes,full_0-8k
509050,/root/animal-omni-kv/data/marmaudio/expert_interventions/full_0-8k/509050.wav,Phee,2022_12_3,four_experts_unanimous_affirmative,Yes|Yes|Yes|Yes,full_0-8k
511620,/root/animal-omni-kv/data/marmaudio/expert_interventions/full_0-8k/511620.wav,Phee,2022_12_3,four_experts_unanimous_affirmative,Yes|Yes|Yes|Yes,full_0-8k
525796,/root/animal-omni-kv/data/marmaudio/expert_interventions/full_0-8k/525796.wav,Phee,2021_1_0,four_experts_unanimous_affirmative,Yes|Yes|Yes|Yes,full_0-8k
525942,/root/animal-omni-kv/data/marmaudio/expert_interventions/full_0-8k/525942.wav,Phee,2021_1_0,four_experts_unanimous_affirmative,Yes|Yes|Yes|Yes,full_0-8k
527518,/root/animal-omni-kv/data/marmaudio/expert_interventions/full_0-8k/527518.wav,Phee,2021_1_0,four_experts_unanimous_affirmative,Yes|Yes|Yes|Yes,full_0-8k
528688,/root/animal-omni-kv/data/marmaudio/expert_interventions/full_0-8k/528688.wav,Phee,2021_1_0,four_experts_unanimous_affirmative,Yes|Yes|Yes|Yes,full_0-8k
536094,/root/animal-omni-kv/data/marmaudio/expert_interventions/full_0-8k/536094.wav,Phee,2020_3_0,four_experts_unanimous_affirmative,Yes|Yes|Yes|Yes,full_0-8k
539354,/root/animal-omni-kv/data/marmaudio/expert_interventions/full_0-8k/539354.wav,Phee,2020_3_0,four_experts_unanimous_affirmative,Yes|Yes|Yes|Yes,full_0-8k
54180,/root/animal-omni-kv/data/marmaudio/expert_interventions/full_0-8k/54180.wav,Phee,2022_1_5,four_experts_unanimous_affirmative,Yes|Yes|Yes|Yes,full_0-8k
558541,/root/animal-omni-kv/data/marmaudio/expert_interventions/full_0-8k/558541.wav,Phee,2020_10_0,four_experts_unanimous_affirmative,Yes|Yes|Yes|Yes,full_0-8k
582669,/root/animal-omni-kv/data/marmaudio/expert_interventions/full_0-8k/582669.wav,Phee,2020_11_0,four_experts_unanimous_affirmative,Yes|Yes|Yes|Yes,full_0-8k
583172,/root/animal-omni-kv/data/marmaudio/expert_interventions/full_0-8k/583172.wav,Phee,2020_10_1,four_experts_unanimous_affirmative,Yes|Yes|Yes|Yes,full_0-8k
584012,/root/animal-omni-kv/data/marmaudio/expert_interventions/full_0-8k/584012.wav,Phee,2020_10_1,four_experts_unanimous_affirmative,Yes|Yes|Yes|Yes,full_0-8k
61472,/root/animal-omni-kv/data/marmaudio/expert_interventions/full_0-8k/61472.wav,Phee,2022_2_0,four_experts_unanimous_affirmative,Yes|Yes|Yes|Yes,full_0-8k
631485,/root/animal-omni-kv/data/marmaudio/expert_interventions/full_0-8k/631485.wav,Phee,2021_1_1,four_experts_unanimous_affirmative,Yes|Yes|Yes|Yes,full_0-8k
632863,/root/animal-omni-kv/data/marmaudio/expert_interventions/full_0-8k/632863.wav,Phee,2021_1_1,four_experts_unanimous_affirmative,Yes|Yes|Yes|Yes,full_0-8k
638580,/root/animal-omni-kv/data/marmaudio/expert_interventions/full_0-8k/638580.wav,Phee,2023_3_0,four_experts_unanimous_affirmative,Yes|Yes|Yes|Yes,full_0-8k
639491,/root/animal-omni-kv/data/marmaudio/expert_interventions/full_0-8k/639491.wav,Phee,2023_3_1,four_experts_unanimous_affirmative,Yes|Yes|Yes|Yes,full_0-8k
647588,/root/animal-omni-kv/data/marmaudio/expert_interventions/full_0-8k/647588.wav,Phee,2020_10_3,four_experts_unanimous_affirmative,Yes|Yes|Yes|Yes,full_0-8k
658275,/root/animal-omni-kv/data/marmaudio/expert_interventions/full_0-8k/658275.wav,Phee,2023_3_2,four_experts_unanimous_affirmative,Yes|Yes|Yes|Yes,full_0-8k
669577,/root/animal-omni-kv/data/marmaudio/expert_interventions/full_0-8k/669577.wav,Phee,2020_11_1,four_experts_unanimous_affirmative,Yes|Yes|Yes|Yes,full_0-8k
773651,/root/animal-omni-kv/data/marmaudio/expert_interventions/full_0-8k/773651.wav,Phee,2023_3_6,four_experts_unanimous_affirmative,Yes|Yes|Yes|Yes,full_0-8k
788000,/root/animal-omni-kv/data/marmaudio/expert_interventions/full_0-8k/788000.wav,Phee,2023_4_4,four_experts_unanimous_affirmative,Yes|Yes|Yes|Yes,full_0-8k
794666,/root/animal-omni-kv/data/marmaudio/expert_interventions/full_0-8k/794666.wav,Phee,2023_4_4,four_experts_unanimous_affirmative,Yes|Yes|Yes|Yes,full_0-8k
822050,/root/animal-omni-kv/data/marmaudio/expert_interventions/full_0-8k/822050.wav,Phee,2023_4_6,four_experts_unanimous_affirmative,Yes|Yes|Yes|Yes,full_0-8k
824405,/root/animal-omni-kv/data/marmaudio/expert_interventions/full_0-8k/824405.wav,Phee,2023_4_7,four_experts_unanimous_affirmative,Yes|Yes|Yes|Yes,full_0-8k
851005,/root/animal-omni-kv/data/marmaudio/expert_interventions/full_0-8k/851005.wav,Phee,2023_4_9,four_experts_unanimous_affirmative,Yes|Yes|Yes|Yes,full_0-8k
852264,/root/animal-omni-kv/data/marmaudio/expert_interventions/full_0-8k/852264.wav,Phee,2023_4_9,four_experts_unanimous_affirmative,Yes|Yes|Yes|Yes,full_0-8k
857896,/root/animal-omni-kv/data/marmaudio/expert_interventions/full_0-8k/857896.wav,Phee,2023_4_10,four_experts_unanimous_affirmative,Yes|Yes|Yes|Yes,full_0-8k
860537,/root/animal-omni-kv/data/marmaudio/expert_interventions/full_0-8k/860537.wav,Phee,2020_10_3,four_experts_unanimous_affirmative,Yes|Yes|Yes|Yes,full_0-8k
862343,/root/animal-omni-kv/data/marmaudio/expert_interventions/full_0-8k/862343.wav,Phee,2020_10_4,four_experts_unanimous_affirmative,Yes|Yes|Yes|Yes,full_0-8k
211832,/root/animal-omni-kv/data/marmaudio/expert_interventions/full_0-8k/211832.wav,Seep,2019_12_0,four_experts_unanimous_affirmative,Yes|Yes|Yes|Yes,full_0-8k
211974,/root/animal-omni-kv/data/marmaudio/expert_interventions/full_0-8k/211974.wav,Seep,2022_3_4,four_experts_unanimous_affirmative,Yes|Yes|Yes|Yes,full_0-8k
212002,/root/animal-omni-kv/data/marmaudio/expert_interventions/full_0-8k/212002.wav,Seep,2022_3_4,four_experts_unanimous_affirmative,Yes|Yes|Yes|Yes,full_0-8k
212106,/root/animal-omni-kv/data/marmaudio/expert_interventions/full_0-8k/212106.wav,Seep,2022_3_4,four_experts_unanimous_affirmative,Yes|Yes|Yes|Yes,full_0-8k
212109,/root/animal-omni-kv/data/marmaudio/expert_interventions/full_0-8k/212109.wav,Seep,2022_3_4,four_experts_unanimous_affirmative,Yes|Yes|Yes|Yes,full_0-8k
212110,/root/animal-omni-kv/data/marmaudio/expert_interventions/full_0-8k/212110.wav,Seep,2022_3_4,four_experts_unanimous_affirmative,Yes|Yes|Yes|Yes,full_0-8k
212120,/root/animal-omni-kv/data/marmaudio/expert_interventions/full_0-8k/212120.wav,Seep,2022_3_4,four_experts_unanimous_affirmative,Yes|Yes|Yes|Yes,full_0-8k
212127,/root/animal-omni-kv/data/marmaudio/expert_interventions/full_0-8k/212127.wav,Seep,2022_3_4,four_experts_unanimous_affirmative,Yes|Yes|Yes|Yes,full_0-8k
212130,/root/animal-omni-kv/data/marmaudio/expert_interventions/full_0-8k/212130.wav,Seep,2022_3_4,four_experts_unanimous_affirmative,Yes|Yes|Yes|Yes,full_0-8k
223298,/root/animal-omni-kv/data/marmaudio/expert_interventions/full_0-8k/223298.wav,Seep,2019_12_0,four_experts_unanimous_affirmative,Yes|Yes|Yes|Yes,full_0-8k
235891,/root/animal-omni-kv/data/marmaudio/expert_interventions/full_0-8k/235891.wav,Seep,2022_4_0,four_experts_unanimous_affirmative,Yes|Yes|Yes|Yes,full_0-8k
294079,/root/animal-omni-kv/data/marmaudio/expert_interventions/full_0-8k/294079.wav,Seep,2022_3_7,four_experts_unanimous_affirmative,Yes|Yes|Yes|Yes,full_0-8k
297892,/root/animal-omni-kv/data/marmaudio/expert_interventions/full_0-8k/297892.wav,Seep,2022_12_1,four_experts_unanimous_affirmative,Yes|Yes|Yes|Yes,full_0-8k
303572,/root/animal-omni-kv/data/marmaudio/expert_interventions/full_0-8k/303572.wav,Seep,2022_3_7,four_experts_unanimous_affirmative,Yes|Yes|Yes|Yes,full_0-8k
411252,/root/animal-omni-kv/data/marmaudio/expert_interventions/full_0-8k/411252.wav,Seep,2022_10_1,four_experts_unanimous_affirmative,Yes|Yes|Yes|Yes,full_0-8k
414997,/root/animal-omni-kv/data/marmaudio/expert_interventions/full_0-8k/414997.wav,Seep,2022_10_1,four_experts_unanimous_affirmative,Yes|Yes|Yes|Yes,full_0-8k
495081,/root/animal-omni-kv/data/marmaudio/expert_interventions/full_0-8k/495081.wav,Seep,2022_12_2,four_experts_unanimous_affirmative,Yes|Yes|Yes|Yes,full_0-8k
508896,/root/animal-omni-kv/data/marmaudio/expert_interventions/full_0-8k/508896.wav,Seep,2023_4_1,four_experts_unanimous_affirmative,Yes|Yes|Yes|Yes,full_0-8k
509065,/root/animal-omni-kv/data/marmaudio/expert_interventions/full_0-8k/509065.wav,Seep,2022_12_3,four_experts_unanimous_affirmative,Yes|Yes|Yes|Yes,full_0-8k
523406,/root/animal-omni-kv/data/marmaudio/expert_interventions/full_0-8k/523406.wav,Seep,2023_3_0,four_experts_unanimous_affirmative,Yes|Yes|Yes|Yes,full_0-8k
527437,/root/animal-omni-kv/data/marmaudio/expert_interventions/full_0-8k/527437.wav,Seep,2021_1_0,four_experts_unanimous_affirmative,Yes|Yes|Yes|Yes,full_0-8k
533988,/root/animal-omni-kv/data/marmaudio/expert_interventions/full_0-8k/533988.wav,Seep,2020_7_0,four_experts_unanimous_affirmative,Yes|Yes|Yes|Yes,full_0-8k
541326,/root/animal-omni-kv/data/marmaudio/expert_interventions/full_0-8k/541326.wav,Seep,2020_3_0,four_experts_unanimous_affirmative,Yes|Yes|Yes|Yes,full_0-8k
556028,/root/animal-omni-kv/data/marmaudio/expert_interventions/full_0-8k/556028.wav,Seep,2020_11_0,four_experts_unanimous_affirmative,Yes|Yes|Yes|Yes,full_0-8k
571992,/root/animal-omni-kv/data/marmaudio/expert_interventions/full_0-8k/571992.wav,Seep,2020_10_1,four_experts_unanimous_affirmative,Yes|Yes|Yes|Yes,full_0-8k
582662,/root/animal-omni-kv/data/marmaudio/expert_interventions/full_0-8k/582662.wav,Seep,2020_11_0,four_experts_unanimous_affirmative,Yes|Yes|Yes|Yes,full_0-8k
583884,/root/animal-omni-kv/data/marmaudio/expert_interventions/full_0-8k/583884.wav,Seep,2020_10_1,four_experts_unanimous_affirmative,Yes|Yes|Yes|Yes,full_0-8k
584362,/root/animal-omni-kv/data/marmaudio/expert_interventions/full_0-8k/584362.wav,Seep,2020_10_1,four_experts_unanimous_affirmative,Yes|Yes|Yes|Yes,full_0-8k
586064,/root/animal-omni-kv/data/marmaudio/expert_interventions/full_0-8k/586064.wav,Seep,2020_10_1,four_experts_unanimous_affirmative,Yes|Yes|Yes|Yes,full_0-8k
617822,/root/animal-omni-kv/data/marmaudio/expert_interventions/full_0-8k/617822.wav,Seep,2023_3_0,four_experts_unanimous_affirmative,Yes|Yes|Yes|Yes,full_0-8k
619623,/root/animal-omni-kv/data/marmaudio/expert_interventions/full_0-8k/619623.wav,Seep,2020_12_1,four_experts_unanimous_affirmative,Yes|Yes|Yes|Yes,full_0-8k
622417,/root/animal-omni-kv/data/marmaudio/expert_interventions/full_0-8k/622417.wav,Seep,2020_10_2,four_experts_unanimous_affirmative,Yes|Yes|Yes|Yes,full_0-8k
623382,/root/animal-omni-kv/data/marmaudio/expert_interventions/full_0-8k/623382.wav,Seep,2020_10_2,four_experts_unanimous_affirmative,Yes|Yes|Yes|Yes,full_0-8k
631021,/root/animal-omni-kv/data/marmaudio/expert_interventions/full_0-8k/631021.wav,Seep,2023_3_0,four_experts_unanimous_affirmative,Yes|Yes|Yes|Yes,full_0-8k
637669,/root/animal-omni-kv/data/marmaudio/expert_interventions/full_0-8k/637669.wav,Seep,2020_11_0,four_experts_unanimous_affirmative,Yes|Yes|Yes|Yes,full_0-8k
652668,/root/animal-omni-kv/data/marmaudio/expert_interventions/full_0-8k/652668.wav,Seep,2023_3_1,four_experts_unanimous_affirmative,Yes|Yes|Yes|Yes,full_0-8k
655868,/root/animal-omni-kv/data/marmaudio/expert_interventions/full_0-8k/655868.wav,Seep,2023_3_1,four_experts_unanimous_affirmative,Yes|Yes|Yes|Yes,full_0-8k
667130,/root/animal-omni-kv/data/marmaudio/expert_interventions/full_0-8k/667130.wav,Seep,2020_11_1,four_experts_unanimous_affirmative,Yes|Yes|Yes|Yes,full_0-8k
669272,/root/animal-omni-kv/data/marmaudio/expert_interventions/full_0-8k/669272.wav,Seep,2020_11_1,four_experts_unanimous_affirmative,Yes|Yes|Yes|Yes,full_0-8k
669273,/root/animal-omni-kv/data/marmaudio/expert_interventions/full_0-8k/669273.wav,Seep,2020_11_1,four_experts_unanimous_affirmative,Yes|Yes|Yes|Yes,full_0-8k
670290,/root/animal-omni-kv/data/marmaudio/expert_interventions/full_0-8k/670290.wav,Seep,2020_11_1,four_experts_unanimous_affirmative,Yes|Yes|Yes|Yes,full_0-8k
697899,/root/animal-omni-kv/data/marmaudio/expert_interventions/full_0-8k/697899.wav,Seep,2023_2_0,four_experts_unanimous_affirmative,Yes|Yes|Yes|Yes,full_0-8k
734314,/root/animal-omni-kv/data/marmaudio/expert_interventions/full_0-8k/734314.wav,Seep,2023_2_2,four_experts_unanimous_affirmative,Yes|Yes|Yes|Yes,full_0-8k
739815,/root/animal-omni-kv/data/marmaudio/expert_interventions/full_0-8k/739815.wav,Seep,2023_4_3,four_experts_unanimous_affirmative,Yes|Yes|Yes|Yes,full_0-8k
741056,/root/animal-omni-kv/data/marmaudio/expert_interventions/full_0-8k/741056.wav,Seep,2023_4_3,four_experts_unanimous_affirmative,Yes|Yes|Yes|Yes,full_0-8k
769489,/root/animal-omni-kv/data/marmaudio/expert_interventions/full_0-8k/769489.wav,Seep,2023_3_5,four_experts_unanimous_affirmative,Yes|Yes|Yes|Yes,full_0-8k
773125,/root/animal-omni-kv/data/marmaudio/expert_interventions/full_0-8k/773125.wav,Seep,2023_3_6,four_experts_unanimous_affirmative,Yes|Yes|Yes|Yes,full_0-8k
81191,/root/animal-omni-kv/data/marmaudio/expert_interventions/full_0-8k/81191.wav,Seep,2022_2_2,four_experts_unanimous_affirmative,Yes|Yes|Yes|Yes,full_0-8k
857186,/root/animal-omni-kv/data/marmaudio/expert_interventions/full_0-8k/857186.wav,Seep,2023_4_10,four_experts_unanimous_affirmative,Yes|Yes|Yes|Yes,full_0-8k
866655,/root/animal-omni-kv/data/marmaudio/expert_interventions/full_0-8k/866655.wav,Seep,2020_11_2,four_experts_unanimous_affirmative,Yes|Yes|Yes|Yes,full_0-8k
161850,/root/animal-omni-kv/data/marmaudio/expert_interventions/full_0-8k/161850.wav,Trill,2022_3_1,four_experts_unanimous_affirmative,Yes|Yes|Yes|Yes,full_0-8k
172015,/root/animal-omni-kv/data/marmaudio/expert_interventions/full_0-8k/172015.wav,Trill,2022_3_1,four_experts_unanimous_affirmative,Yes|Yes|Yes|Yes,full_0-8k
195490,/root/animal-omni-kv/data/marmaudio/expert_interventions/full_0-8k/195490.wav,Trill,2022_4_0,four_experts_unanimous_affirmative,Yes|Yes|Yes|Yes,full_0-8k
223144,/root/animal-omni-kv/data/marmaudio/expert_interventions/full_0-8k/223144.wav,Trill,2019_12_0,four_experts_unanimous_affirmative,Yes|Yes|Yes|Yes,full_0-8k
238981,/root/animal-omni-kv/data/marmaudio/expert_interventions/full_0-8k/238981.wav,Trill,2020_2_0,four_experts_unanimous_affirmative,Yes|Yes|Yes|Yes,full_0-8k
354379,/root/animal-omni-kv/data/marmaudio/expert_interventions/full_0-8k/354379.wav,Trill,2022_3_12,four_experts_unanimous_affirmative,Yes|Yes|Yes|Yes,full_0-8k
397118,/root/animal-omni-kv/data/marmaudio/expert_interventions/full_0-8k/397118.wav,Trill,2022_4_2,four_experts_unanimous_affirmative,Yes|Yes|Yes|Yes,full_0-8k
436313,/root/animal-omni-kv/data/marmaudio/expert_interventions/full_0-8k/436313.wav,Trill,2022_9_1,four_experts_unanimous_affirmative,Yes|Yes|Yes|Yes,full_0-8k
456914,/root/animal-omni-kv/data/marmaudio/expert_interventions/full_0-8k/456914.wav,Trill,2022_10_3,four_experts_unanimous_affirmative,Yes|Yes|Yes|Yes,full_0-8k
463226,/root/animal-omni-kv/data/marmaudio/expert_interventions/full_0-8k/463226.wav,Trill,2022_4_5,four_experts_unanimous_affirmative,Yes|Yes|Yes|Yes,full_0-8k
470849,/root/animal-omni-kv/data/marmaudio/expert_interventions/full_0-8k/470849.wav,Trill,2022_4_6,four_experts_unanimous_affirmative,Yes|Yes|Yes|Yes,full_0-8k
51436,/root/animal-omni-kv/data/marmaudio/expert_interventions/full_0-8k/51436.wav,Trill,2022_1_5,four_experts_unanimous_affirmative,Yes|Yes|Yes|Yes,full_0-8k
515398,/root/animal-omni-kv/data/marmaudio/expert_interventions/full_0-8k/515398.wav,Trill,2022_12_3,four_experts_unanimous_affirmative,Yes|Yes|Yes|Yes,full_0-8k
548798,/root/animal-omni-kv/data/marmaudio/expert_interventions/full_0-8k/548798.wav,Trill,2020_7_0,four_experts_unanimous_affirmative,Yes|Yes|Yes|Yes,full_0-8k
549295,/root/animal-omni-kv/data/marmaudio/expert_interventions/full_0-8k/549295.wav,Trill,2020_10_0,four_experts_unanimous_affirmative,Yes|Yes|Yes|Yes,full_0-8k
549995,/root/animal-omni-kv/data/marmaudio/expert_interventions/full_0-8k/549995.wav,Trill,2020_10_0,four_experts_unanimous_affirmative,Yes|Yes|Yes|Yes,full_0-8k
56195,/root/animal-omni-kv/data/marmaudio/expert_interventions/full_0-8k/56195.wav,Trill,2022_1_5,four_experts_unanimous_affirmative,Yes|Yes|Yes|Yes,full_0-8k
564626,/root/animal-omni-kv/data/marmaudio/expert_interventions/full_0-8k/564626.wav,Trill,2020_10_0,four_experts_unanimous_affirmative,Yes|Yes|Yes|Yes,full_0-8k
572081,/root/animal-omni-kv/data/marmaudio/expert_interventions/full_0-8k/572081.wav,Trill,2020_10_1,four_experts_unanimous_affirmative,Yes|Yes|Yes|Yes,full_0-8k
589438,/root/animal-omni-kv/data/marmaudio/expert_interventions/full_0-8k/589438.wav,Trill,2020_12_0,four_experts_unanimous_affirmative,Yes|Yes|Yes|Yes,full_0-8k
592253,/root/animal-omni-kv/data/marmaudio/expert_interventions/full_0-8k/592253.wav,Trill,2020_7_0,four_experts_unanimous_affirmative,Yes|Yes|Yes|Yes,full_0-8k
592365,/root/animal-omni-kv/data/marmaudio/expert_interventions/full_0-8k/592365.wav,Trill,2023_2_0,four_experts_unanimous_affirmative,Yes|Yes|Yes|Yes,full_0-8k
592485,/root/animal-omni-kv/data/marmaudio/expert_interventions/full_0-8k/592485.wav,Trill,2023_2_0,four_experts_unanimous_affirmative,Yes|Yes|Yes|Yes,full_0-8k
594023,/root/animal-omni-kv/data/marmaudio/expert_interventions/full_0-8k/594023.wav,Trill,2020_10_1,four_experts_unanimous_affirmative,Yes|Yes|Yes|Yes,full_0-8k
622320,/root/animal-omni-kv/data/marmaudio/expert_interventions/full_0-8k/622320.wav,Trill,2020_10_2,four_experts_unanimous_affirmative,Yes|Yes|Yes|Yes,full_0-8k
624712,/root/animal-omni-kv/data/marmaudio/expert_interventions/full_0-8k/624712.wav,Trill,2020_10_2,four_experts_unanimous_affirmative,Yes|Yes|Yes|Yes,full_0-8k
630476,/root/animal-omni-kv/data/marmaudio/expert_interventions/full_0-8k/630476.wav,Trill,2023_3_0,four_experts_unanimous_affirmative,Yes|Yes|Yes|Yes,full_0-8k
631448,/root/animal-omni-kv/data/marmaudio/expert_interventions/full_0-8k/631448.wav,Trill,2021_1_1,four_experts_unanimous_affirmative,Yes|Yes|Yes|Yes,full_0-8k
638810,/root/animal-omni-kv/data/marmaudio/expert_interventions/full_0-8k/638810.wav,Trill,2023_3_1,four_experts_unanimous_affirmative,Yes|Yes|Yes|Yes,full_0-8k
639917,/root/animal-omni-kv/data/marmaudio/expert_interventions/full_0-8k/639917.wav,Trill,2023_3_1,four_experts_unanimous_affirmative,Yes|Yes|Yes|Yes,full_0-8k
666889,/root/animal-omni-kv/data/marmaudio/expert_interventions/full_0-8k/666889.wav,Trill,2020_11_1,four_experts_unanimous_affirmative,Yes|Yes|Yes|Yes,full_0-8k
667042,/root/animal-omni-kv/data/marmaudio/expert_interventions/full_0-8k/667042.wav,Trill,2020_11_1,four_experts_unanimous_affirmative,Yes|Yes|Yes|Yes,full_0-8k
667091,/root/animal-omni-kv/data/marmaudio/expert_interventions/full_0-8k/667091.wav,Trill,2020_11_1,four_experts_unanimous_affirmative,Yes|Yes|Yes|Yes,full_0-8k
667312,/root/animal-omni-kv/data/marmaudio/expert_interventions/full_0-8k/667312.wav,Trill,2020_11_1,four_experts_unanimous_affirmative,Yes|Yes|Yes|Yes,full_0-8k
668428,/root/animal-omni-kv/data/marmaudio/expert_interventions/full_0-8k/668428.wav,Trill,2020_11_1,four_experts_unanimous_affirmative,Yes|Yes|Yes|Yes,full_0-8k
669075,/root/animal-omni-kv/data/marmaudio/expert_interventions/full_0-8k/669075.wav,Trill,2020_11_1,four_experts_unanimous_affirmative,Yes|Yes|Yes|Yes,full_0-8k
691986,/root/animal-omni-kv/data/marmaudio/expert_interventions/full_0-8k/691986.wav,Trill,2023_3_3,four_experts_unanimous_affirmative,Yes|Yes|Yes|Yes,full_0-8k
695230,/root/animal-omni-kv/data/marmaudio/expert_interventions/full_0-8k/695230.wav,Trill,2023_3_4,four_experts_unanimous_affirmative,Yes|Yes|Yes|Yes,full_0-8k
707417,/root/animal-omni-kv/data/marmaudio/expert_interventions/full_0-8k/707417.wav,Trill,2023_2_1,four_experts_unanimous_affirmative,Yes|Yes|Yes|Yes,full_0-8k
708875,/root/animal-omni-kv/data/marmaudio/expert_interventions/full_0-8k/708875.wav,Trill,2023_3_4,four_experts_unanimous_affirmative,Yes|Yes|Yes|Yes,full_0-8k
714664,/root/animal-omni-kv/data/marmaudio/expert_interventions/full_0-8k/714664.wav,Trill,2023_4_2,four_experts_unanimous_affirmative,Yes|Yes|Yes|Yes,full_0-8k
738495,/root/animal-omni-kv/data/marmaudio/expert_interventions/full_0-8k/738495.wav,Trill,2023_3_4,four_experts_unanimous_affirmative,Yes|Yes|Yes|Yes,full_0-8k
762457,/root/animal-omni-kv/data/marmaudio/expert_interventions/full_0-8k/762457.wav,Trill,2023_2_2,four_experts_unanimous_affirmative,Yes|Yes|Yes|Yes,full_0-8k
804279,/root/animal-omni-kv/data/marmaudio/expert_interventions/full_0-8k/804279.wav,Trill,2023_4_5,four_experts_unanimous_affirmative,Yes|Yes|Yes|Yes,full_0-8k
805610,/root/animal-omni-kv/data/marmaudio/expert_interventions/full_0-8k/805610.wav,Trill,2023_4_5,four_experts_unanimous_affirmative,Yes|Yes|Yes|Yes,full_0-8k
809280,/root/animal-omni-kv/data/marmaudio/expert_interventions/full_0-8k/809280.wav,Trill,2023_4_5,four_experts_unanimous_affirmative,Yes|Yes|Yes|Yes,full_0-8k
827373,/root/animal-omni-kv/data/marmaudio/expert_interventions/full_0-8k/827373.wav,Trill,2023_4_7,four_experts_unanimous_affirmative,Yes|Yes|Yes|Yes,full_0-8k
852107,/root/animal-omni-kv/data/marmaudio/expert_interventions/full_0-8k/852107.wav,Trill,2023_4_9,four_experts_unanimous_affirmative,Yes|Yes|Yes|Yes,full_0-8k
867502,/root/animal-omni-kv/data/marmaudio/expert_interventions/full_0-8k/867502.wav,Trill,2020_11_2,four_experts_unanimous_affirmative,Yes|Yes|Yes|Yes,full_0-8k
867780,/root/animal-omni-kv/data/marmaudio/expert_interventions/full_0-8k/867780.wav,Trill,2020_11_3,four_experts_unanimous_affirmative,Yes|Yes|Yes|Yes,full_0-8k
110359,/root/animal-omni-kv/data/marmaudio/expert_interventions/full_0-8k/110359.wav,Tsik,2022_2_4,four_experts_unanimous_affirmative,Yes|Yes|Yes|Yes,full_0-8k
110581,/root/animal-omni-kv/data/marmaudio/expert_interventions/full_0-8k/110581.wav,Tsik,2022_2_4,four_experts_unanimous_affirmative,Yes|Yes|Yes|Yes,full_0-8k
122742,/root/animal-omni-kv/data/marmaudio/expert_interventions/full_0-8k/122742.wav,Tsik,2022_2_6,four_experts_unanimous_affirmative,Yes|Yes|Yes|Yes,full_0-8k
143307,/root/animal-omni-kv/data/marmaudio/expert_interventions/full_0-8k/143307.wav,Tsik,2022_2_8,four_experts_unanimous_affirmative,Yes|Yes|Yes|Yes,full_0-8k
170858,/root/animal-omni-kv/data/marmaudio/expert_interventions/full_0-8k/170858.wav,Tsik,2022_3_1,four_experts_unanimous_affirmative,Yes|Yes|Yes|Yes,full_0-8k
209834,/root/animal-omni-kv/data/marmaudio/expert_interventions/full_0-8k/209834.wav,Tsik,2022_12_0,four_experts_unanimous_affirmative,Yes|Yes|Yes|Yes,full_0-8k
209838,/root/animal-omni-kv/data/marmaudio/expert_interventions/full_0-8k/209838.wav,Tsik,2022_12_0,four_experts_unanimous_affirmative,Yes|Yes|Yes|Yes,full_0-8k
209851,/root/animal-omni-kv/data/marmaudio/expert_interventions/full_0-8k/209851.wav,Tsik,2022_12_0,four_experts_unanimous_affirmative,Yes|Yes|Yes|Yes,full_0-8k
209853,/root/animal-omni-kv/data/marmaudio/expert_interventions/full_0-8k/209853.wav,Tsik,2022_12_0,four_experts_unanimous_affirmative,Yes|Yes|Yes|Yes,full_0-8k
209876,/root/animal-omni-kv/data/marmaudio/expert_interventions/full_0-8k/209876.wav,Tsik,2022_12_0,four_experts_unanimous_affirmative,Yes-Yes|Yes|Yes|Yes,full_0-8k
209886,/root/animal-omni-kv/data/marmaudio/expert_interventions/full_0-8k/209886.wav,Tsik,2022_12_0,four_experts_unanimous_affirmative,Yes|Yes|Yes|Yes,full_0-8k
209893,/root/animal-omni-kv/data/marmaudio/expert_interventions/full_0-8k/209893.wav,Tsik,2022_12_0,four_experts_unanimous_affirmative,Yes|Yes|Yes|Yes,full_0-8k
209901,/root/animal-omni-kv/data/marmaudio/expert_interventions/full_0-8k/209901.wav,Tsik,2022_12_0,four_experts_unanimous_affirmative,Yes|Yes|Yes|Yes,full_0-8k
209905,/root/animal-omni-kv/data/marmaudio/expert_interventions/full_0-8k/209905.wav,Tsik,2022_12_0,four_experts_unanimous_affirmative,Yes|Yes|Yes|Yes,full_0-8k
209919,/root/animal-omni-kv/data/marmaudio/expert_interventions/full_0-8k/209919.wav,Tsik,2022_12_0,four_experts_unanimous_affirmative,Yes|Yes|Yes|Yes,full_0-8k
223371,/root/animal-omni-kv/data/marmaudio/expert_interventions/full_0-8k/223371.wav,Tsik,2019_12_0,four_experts_unanimous_affirmative,Yes|Yes|Yes|Yes,full_0-8k
31471,/root/animal-omni-kv/data/marmaudio/expert_interventions/full_0-8k/31471.wav,Tsik,2022_1_3,four_experts_unanimous_affirmative,Yes|Yes|Yes|Yes,full_0-8k
335642,/root/animal-omni-kv/data/marmaudio/expert_interventions/full_0-8k/335642.wav,Tsik,2020_1_1,four_experts_unanimous_affirmative,Yes|Yes|Yes|Yes,full_0-8k
423771,/root/animal-omni-kv/data/marmaudio/expert_interventions/full_0-8k/423771.wav,Tsik,2022_9_0,four_experts_unanimous_affirmative,Yes|Yes|Yes|Yes,full_0-8k
480809,/root/animal-omni-kv/data/marmaudio/expert_interventions/full_0-8k/480809.wav,Tsik,2022_4_6,four_experts_unanimous_affirmative,Yes|Yes|Yes|Yes,full_0-8k
508866,/root/animal-omni-kv/data/marmaudio/expert_interventions/full_0-8k/508866.wav,Tsik,2023_4_1,four_experts_unanimous_affirmative,Yes|Yes|Yes|Yes,full_0-8k
508903,/root/animal-omni-kv/data/marmaudio/expert_interventions/full_0-8k/508903.wav,Tsik,2023_4_1,four_experts_unanimous_affirmative,Yes|Yes|Yes|Yes,full_0-8k
50919,/root/animal-omni-kv/data/marmaudio/expert_interventions/full_0-8k/50919.wav,Tsik,2022_1_5,four_experts_unanimous_affirmative,Yes|Yes|Yes|Yes,full_0-8k
525735,/root/animal-omni-kv/data/marmaudio/expert_interventions/full_0-8k/525735.wav,Tsik,2021_1_0,four_experts_unanimous_affirmative,Yes|Yes|Yes|Yes,full_0-8k
526904,/root/animal-omni-kv/data/marmaudio/expert_interventions/full_0-8k/526904.wav,Tsik,2021_1_0,four_experts_unanimous_affirmative,Yes|Yes|Yes|Yes,full_0-8k
549904,/root/animal-omni-kv/data/marmaudio/expert_interventions/full_0-8k/549904.wav,Tsik,2020_10_0,four_experts_unanimous_affirmative,Yes|Yes|Yes|Yes,full_0-8k
558254,/root/animal-omni-kv/data/marmaudio/expert_interventions/full_0-8k/558254.wav,Tsik,2020_10_0,four_experts_unanimous_affirmative,Yes|Yes|Yes|Yes,full_0-8k
563468,/root/animal-omni-kv/data/marmaudio/expert_interventions/full_0-8k/563468.wav,Tsik,2020_12_0,four_experts_unanimous_affirmative,Yes|Yes|Yes|Yes,full_0-8k
610080,/root/animal-omni-kv/data/marmaudio/expert_interventions/full_0-8k/610080.wav,Tsik,2020_10_2,four_experts_unanimous_affirmative,Yes|Yes|Yes|Yes,full_0-8k
622312,/root/animal-omni-kv/data/marmaudio/expert_interventions/full_0-8k/622312.wav,Tsik,2020_10_2,four_experts_unanimous_affirmative,Yes|Yes|Yes|Yes,full_0-8k
631947,/root/animal-omni-kv/data/marmaudio/expert_interventions/full_0-8k/631947.wav,Tsik,2021_1_1,four_experts_unanimous_affirmative,Yes|Yes|Yes|Yes,full_0-8k
632037,/root/animal-omni-kv/data/marmaudio/expert_interventions/full_0-8k/632037.wav,Tsik,2021_1_1,four_experts_unanimous_affirmative,Yes|Yes|Yes|Yes,full_0-8k
636120,/root/animal-omni-kv/data/marmaudio/expert_interventions/full_0-8k/636120.wav,Tsik,2023_3_0,four_experts_unanimous_affirmative,Yes|Yes|Yes|Yes,full_0-8k
636151,/root/animal-omni-kv/data/marmaudio/expert_interventions/full_0-8k/636151.wav,Tsik,2023_3_0,four_experts_unanimous_affirmative,Yes|Yes|Yes|Yes,full_0-8k
642827,/root/animal-omni-kv/data/marmaudio/expert_interventions/full_0-8k/642827.wav,Tsik,2020_2_1,four_experts_unanimous_affirmative,Yes|Yes|Yes|Yes,full_0-8k
654915,/root/animal-omni-kv/data/marmaudio/expert_interventions/full_0-8k/654915.wav,Tsik,2023_3_1,four_experts_unanimous_affirmative,Yes|Yes|Yes|Yes,full_0-8k
663998,/root/animal-omni-kv/data/marmaudio/expert_interventions/full_0-8k/663998.wav,Tsik,2020_11_1,four_experts_unanimous_affirmative,Yes|Yes|Yes|Yes,full_0-8k
666571,/root/animal-omni-kv/data/marmaudio/expert_interventions/full_0-8k/666571.wav,Tsik,2020_11_1,four_experts_unanimous_affirmative,Yes|Yes|Yes|Yes,full_0-8k
667582,/root/animal-omni-kv/data/marmaudio/expert_interventions/full_0-8k/667582.wav,Tsik,2020_11_1,four_experts_unanimous_affirmative,Yes|Yes|Yes|Yes,full_0-8k
746198,/root/animal-omni-kv/data/marmaudio/expert_interventions/full_0-8k/746198.wav,Tsik,2023_4_3,four_experts_unanimous_affirmative,Yes|Yes|Yes|Yes,full_0-8k
753447,/root/animal-omni-kv/data/marmaudio/expert_interventions/full_0-8k/753447.wav,Tsik,2023_3_5,four_experts_unanimous_affirmative,Yes|Yes|Yes|Yes,full_0-8k
770853,/root/animal-omni-kv/data/marmaudio/expert_interventions/full_0-8k/770853.wav,Tsik,2023_3_5,four_experts_unanimous_affirmative,Yes|Yes|Yes|Yes,full_0-8k
784804,/root/animal-omni-kv/data/marmaudio/expert_interventions/full_0-8k/784804.wav,Tsik,2023_3_7,four_experts_unanimous_affirmative,Yes|Yes|Yes|Yes,full_0-8k
792714,/root/animal-omni-kv/data/marmaudio/expert_interventions/full_0-8k/792714.wav,Tsik,2023_3_7,four_experts_unanimous_affirmative,Yes|Yes|Yes|Yes,full_0-8k
804713,/root/animal-omni-kv/data/marmaudio/expert_interventions/full_0-8k/804713.wav,Tsik,2023_4_5,four_experts_unanimous_affirmative,Yes|Yes|Yes|Yes,full_0-8k
807122,/root/animal-omni-kv/data/marmaudio/expert_interventions/full_0-8k/807122.wav,Tsik,2023_4_5,four_experts_unanimous_affirmative,Yes|Yes|Yes|Yes,full_0-8k
816990,/root/animal-omni-kv/data/marmaudio/expert_interventions/full_0-8k/816990.wav,Tsik,2023_4_6,four_experts_unanimous_affirmative,Yes|Yes|Yes|Yes,full_0-8k
847877,/root/animal-omni-kv/data/marmaudio/expert_interventions/full_0-8k/847877.wav,Tsik,2023_4_9,four_experts_unanimous_affirmative,Yes|Yes|Yes|Yes,full_0-8k
853911,/root/animal-omni-kv/data/marmaudio/expert_interventions/full_0-8k/853911.wav,Tsik,2023_4_10,four_experts_unanimous_affirmative,Yes|Yes|Yes|Yes,full_0-8k
867489,/root/animal-omni-kv/data/marmaudio/expert_interventions/full_0-8k/867489.wav,Tsik,2020_11_2,four_experts_unanimous_affirmative,Yes|Yes|Yes|Yes,full_0-8k
137886,/root/animal-omni-kv/data/marmaudio/expert_interventions/full_0-8k/137886.wav,Twitter,2022_2_7,four_experts_unanimous_affirmative,Yes|Yes|Yes|Yes,full_0-8k
166603,/root/animal-omni-kv/data/marmaudio/expert_interventions/full_0-8k/166603.wav,Twitter,2022_3_1,four_experts_unanimous_affirmative,Yes|Yes|Yes|Yes,full_0-8k
174653,/root/animal-omni-kv/data/marmaudio/expert_interventions/full_0-8k/174653.wav,Twitter,2022_3_2,four_experts_unanimous_affirmative,Yes|Yes|Yes|Yes,full_0-8k
211769,/root/animal-omni-kv/data/marmaudio/expert_interventions/full_0-8k/211769.wav,Twitter,2019_12_0,four_experts_unanimous_affirmative,Yes|Yes|Yes|Yes,full_0-8k
223149,/root/animal-omni-kv/data/marmaudio/expert_interventions/full_0-8k/223149.wav,Twitter,2019_12_0,four_experts_unanimous_affirmative,Yes|Yes|Yes|Yes,full_0-8k
227303,/root/animal-omni-kv/data/marmaudio/expert_interventions/full_0-8k/227303.wav,Twitter,2020_1_0,four_experts_unanimous_affirmative,Yes|Yes|Yes|Yes,full_0-8k
241125,/root/animal-omni-kv/data/marmaudio/expert_interventions/full_0-8k/241125.wav,Twitter,2020_2_0,four_experts_unanimous_affirmative,Yes-Yes|Yes|No-Yes|Yes,full_0-8k
248263,/root/animal-omni-kv/data/marmaudio/expert_interventions/full_0-8k/248263.wav,Twitter,2022_9_0,four_experts_unanimous_affirmative,Yes|Yes|Yes|Yes,full_0-8k
248296,/root/animal-omni-kv/data/marmaudio/expert_interventions/full_0-8k/248296.wav,Twitter,2022_9_0,four_experts_unanimous_affirmative,Yes|Yes|Yes|Yes,full_0-8k
273977,/root/animal-omni-kv/data/marmaudio/expert_interventions/full_0-8k/273977.wav,Twitter,2022_12_1,four_experts_unanimous_affirmative,Yes|Yes|Yes|Yes,full_0-8k
274918,/root/animal-omni-kv/data/marmaudio/expert_interventions/full_0-8k/274918.wav,Twitter,2022_3_6,four_experts_unanimous_affirmative,Yes|Yes|Yes|Yes,full_0-8k
313999,/root/animal-omni-kv/data/marmaudio/expert_interventions/full_0-8k/313999.wav,Twitter,2022_3_8,four_experts_unanimous_affirmative,Yes|Yes|Yes|Yes,full_0-8k
363877,/root/animal-omni-kv/data/marmaudio/expert_interventions/full_0-8k/363877.wav,Twitter,2022_4_1,four_experts_unanimous_affirmative,Yes|Yes|Yes|Yes,full_0-8k
36522,/root/animal-omni-kv/data/marmaudio/expert_interventions/full_0-8k/36522.wav,Twitter,2022_1_3,four_experts_unanimous_affirmative,Yes|Yes|Yes|Yes,full_0-8k
400874,/root/animal-omni-kv/data/marmaudio/expert_interventions/full_0-8k/400874.wav,Twitter,2022_4_2,four_experts_unanimous_affirmative,Yes|Yes|Yes|Yes,full_0-8k
508636,/root/animal-omni-kv/data/marmaudio/expert_interventions/full_0-8k/508636.wav,Twitter,2023_4_1,four_experts_unanimous_affirmative,Yes|Yes|Yes|Yes,full_0-8k
508777,/root/animal-omni-kv/data/marmaudio/expert_interventions/full_0-8k/508777.wav,Twitter,2023_4_1,four_experts_unanimous_affirmative,Yes|Yes|Yes|Yes,full_0-8k
508992,/root/animal-omni-kv/data/marmaudio/expert_interventions/full_0-8k/508992.wav,Twitter,2022_12_3,four_experts_unanimous_affirmative,Yes|Yes|Yes|Yes,full_0-8k
509005,/root/animal-omni-kv/data/marmaudio/expert_interventions/full_0-8k/509005.wav,Twitter,2022_12_3,four_experts_unanimous_affirmative,Yes|Yes|Yes|Yes,full_0-8k
509026,/root/animal-omni-kv/data/marmaudio/expert_interventions/full_0-8k/509026.wav,Twitter,2022_12_3,four_experts_unanimous_affirmative,Yes|Yes|Yes|Yes,full_0-8k
509046,/root/animal-omni-kv/data/marmaudio/expert_interventions/full_0-8k/509046.wav,Twitter,2022_12_3,four_experts_unanimous_affirmative,Yes|Yes|Yes|Yes,full_0-8k
547929,/root/animal-omni-kv/data/marmaudio/expert_interventions/full_0-8k/547929.wav,Twitter,2020_7_0,four_experts_unanimous_affirmative,Yes|Yes|Yes|Yes,full_0-8k
550353,/root/animal-omni-kv/data/marmaudio/expert_interventions/full_0-8k/550353.wav,Twitter,2020_10_0,four_experts_unanimous_affirmative,Yes|Yes|Yes|Yes,full_0-8k
550482,/root/animal-omni-kv/data/marmaudio/expert_interventions/full_0-8k/550482.wav,Twitter,2020_10_0,four_experts_unanimous_affirmative,Yes|Yes|Yes|Yes,full_0-8k
556866,/root/animal-omni-kv/data/marmaudio/expert_interventions/full_0-8k/556866.wav,Twitter,2020_10_0,four_experts_unanimous_affirmative,Yes|Yes|Yes|Yes,full_0-8k
558285,/root/animal-omni-kv/data/marmaudio/expert_interventions/full_0-8k/558285.wav,Twitter,2020_10_0,four_experts_unanimous_affirmative,Yes|Yes|Yes|Yes,full_0-8k
592286,/root/animal-omni-kv/data/marmaudio/expert_interventions/full_0-8k/592286.wav,Twitter,2020_7_0,four_experts_unanimous_affirmative,Yes|Yes|Yes|Yes,full_0-8k
598781,/root/animal-omni-kv/data/marmaudio/expert_interventions/full_0-8k/598781.wav,Twitter,2020_10_2,four_experts_unanimous_affirmative,Yes|Yes|Yes|Yes,full_0-8k
600731,/root/animal-omni-kv/data/marmaudio/expert_interventions/full_0-8k/600731.wav,Twitter,2020_12_0,four_experts_unanimous_affirmative,Yes|Yes|Yes|Yes,full_0-8k
601927,/root/animal-omni-kv/data/marmaudio/expert_interventions/full_0-8k/601927.wav,Twitter,2020_12_1,four_experts_unanimous_affirmative,Yes|Yes|Yes|Yes,full_0-8k
602268,/root/animal-omni-kv/data/marmaudio/expert_interventions/full_0-8k/602268.wav,Twitter,2020_12_1,four_experts_unanimous_affirmative,Yes|Yes|Yes|Yes,full_0-8k
622758,/root/animal-omni-kv/data/marmaudio/expert_interventions/full_0-8k/622758.wav,Twitter,2020_10_2,four_experts_unanimous_affirmative,Yes|Yes|Yes|Yes,full_0-8k
624179,/root/animal-omni-kv/data/marmaudio/expert_interventions/full_0-8k/624179.wav,Twitter,2020_10_2,four_experts_unanimous_affirmative,Yes|Yes|Yes|Yes,full_0-8k
632381,/root/animal-omni-kv/data/marmaudio/expert_interventions/full_0-8k/632381.wav,Twitter,2021_1_1,four_experts_unanimous_affirmative,Yes|Yes|Yes|Yes,full_0-8k
651229,/root/animal-omni-kv/data/marmaudio/expert_interventions/full_0-8k/651229.wav,Twitter,2023_3_1,four_experts_unanimous_affirmative,Yes|Yes|Yes|Yes,full_0-8k
662800,/root/animal-omni-kv/data/marmaudio/expert_interventions/full_0-8k/662800.wav,Twitter,2023_3_2,four_experts_unanimous_affirmative,Yes|Yes|Yes|Yes,full_0-8k
680295,/root/animal-omni-kv/data/marmaudio/expert_interventions/full_0-8k/680295.wav,Twitter,2020_11_2,four_experts_unanimous_affirmative,Yes|Yes|Yes|Yes,full_0-8k
680791,/root/animal-omni-kv/data/marmaudio/expert_interventions/full_0-8k/680791.wav,Twitter,2023_3_3,four_experts_unanimous_affirmative,Yes|Yes|Yes|Yes,full_0-8k
766645,/root/animal-omni-kv/data/marmaudio/expert_interventions/full_0-8k/766645.wav,Twitter,2023_3_5,four_experts_unanimous_affirmative,Yes|Yes|Yes|Yes,full_0-8k
768697,/root/animal-omni-kv/data/marmaudio/expert_interventions/full_0-8k/768697.wav,Twitter,2023_3_5,four_experts_unanimous_affirmative,Yes|Yes|Yes|Yes,full_0-8k
786011,/root/animal-omni-kv/data/marmaudio/expert_interventions/full_0-8k/786011.wav,Twitter,2020_11_2,four_experts_unanimous_affirmative,Yes|Yes|Yes|Yes,full_0-8k
807189,/root/animal-omni-kv/data/marmaudio/expert_interventions/full_0-8k/807189.wav,Twitter,2023_4_5,four_experts_unanimous_affirmative,Yes|Yes|Yes|Yes,full_0-8k
811393,/root/animal-omni-kv/data/marmaudio/expert_interventions/full_0-8k/811393.wav,Twitter,2023_4_5,four_experts_unanimous_affirmative,Yes|Yes|Yes|Yes,full_0-8k
820757,/root/animal-omni-kv/data/marmaudio/expert_interventions/full_0-8k/820757.wav,Twitter,2023_4_6,four_experts_unanimous_affirmative,Yes|Yes|Yes|Yes,full_0-8k
836799,/root/animal-omni-kv/data/marmaudio/expert_interventions/full_0-8k/836799.wav,Twitter,2023_4_8,four_experts_unanimous_affirmative,Yes|Yes|Yes|Yes,full_0-8k
844274,/root/animal-omni-kv/data/marmaudio/expert_interventions/full_0-8k/844274.wav,Twitter,2023_4_9,four_experts_unanimous_affirmative,Yes|Yes|Yes|Yes,full_0-8k
861853,/root/animal-omni-kv/data/marmaudio/expert_interventions/full_0-8k/861853.wav,Twitter,2020_10_4,four_experts_unanimous_affirmative,Yes|Yes|Yes|Yes,full_0-8k
866525,/root/animal-omni-kv/data/marmaudio/expert_interventions/full_0-8k/866525.wav,Twitter,2020_11_2,four_experts_unanimous_affirmative,Yes|Yes|Yes|Yes,full_0-8k
866533,/root/animal-omni-kv/data/marmaudio/expert_interventions/full_0-8k/866533.wav,Twitter,2020_11_2,four_experts_unanimous_affirmative,Yes|Yes|Yes|Yes,full_0-8k
866838,/root/animal-omni-kv/data/marmaudio/expert_interventions/full_0-8k/866838.wav,Twitter,2020_11_2,four_experts_unanimous_affirmative,Yes|Yes|Yes|Yes,full_0-8k
