model_id,event_id,dataset_name,instruction_text,target,raw_prediction,canonical_prediction,canonical_target,exact_match,batch_size
Qwen/Qwen2.5-Omni-7B,1b2740e9-75d1-4fcf-ba0b-3b2144657550,unseen-genus-cmn,What is the common name for the focal species in the audio?,Spotted Nightjar,The common name for the focal species is the Common Chuckwalla.,the common name for the focal species is the common chuckwalla,spotted nightjar,false,1
Qwen/Qwen2.5-Omni-7B,10429e46-a247-45e5-98a4-d489e64af8de,unseen-species-tax,What is the taxonomic name of the focal species in the audio?,Chordata Aves Passeriformes Sittidae Sitta castanea,The taxonomic name of the focal species is Passerina ciris.,the taxonomic name of the focal species is passerina ciris,chordata aves passeriformes sittidae sitta castanea,false,1
Qwen/Qwen2.5-Omni-7B,9775a19a-e297-49be-a0af-7805e240158a,unseen-genus-sci,What is the scientific name for the focal species in the audio?,Aphelocephala pectoralis,The scientific name for the focal species is Passerina ciris.,the scientific name for the focal species is passerina ciris,aphelocephala pectoralis,false,1
Qwen/Qwen2.5-Omni-7B,82d44d06-c56a-46d6-b780-105bdb8340e0,unseen-species-tax,What is the taxonomic name of the focal species in the audio?,Chordata Aves Passeriformes Hirundinidae Progne dominicensis,The taxonomic name of the focal species is not provided in the audio.,the taxonomic name of the focal species is not provided in the audio,chordata aves passeriformes hirundinidae progne dominicensis,false,1
Qwen/Qwen2.5-Omni-7B,0cdc2077-89cd-4b0c-a76c-4d637b5dd9e7,unseen-genus-sci,What is the scientific name for the focal species in the audio?,Cryptotympana facialis,The scientific name for the focal species is Anax junius.,the scientific name for the focal species is anax junius,cryptotympana facialis,false,1
Qwen/Qwen2.5-Omni-7B,5fa62c17-f1a2-47cf-b292-9a92d0320402,unseen-genus-cmn,What is the common name for the focal species in the audio?,Princess Stephanie's Astrapia,The common name for the focal species in the audio is the Common Myna.,the common name for the focal species in the audio is the common myna,princess stephanie s astrapia,false,1
Qwen/Qwen2.5-Omni-7B,024aa490-7ae1-4043-b6b0-71b7c9081e0d,unseen-genus-cmn,What is the common name for the focal species in the audio?,Goldenface,The common name for the focal species is the Eastern Phoebe.,the common name for the focal species is the eastern phoebe,goldenface,false,1
Qwen/Qwen2.5-Omni-7B,ac2c9444-f96d-498a-8832-697369194bb6,unseen-genus-tax,What is the taxonomic name of the focal species in the audio?,Chordata Aves Apodiformes Trochilidae Lesbia victoriae,The taxonomic name of the focal species is Sitta europaea.,the taxonomic name of the focal species is sitta europaea,chordata aves apodiformes trochilidae lesbia victoriae,false,1
Qwen/Qwen2.5-Omni-7B,22955a09-1faf-4f54-8a87-a96e6229d4a8,unseen-species-sci,What is the scientific name for the focal species in the audio?,Buteo trizonatus,The scientific name for the focal species is Psittacula krameri.,the scientific name for the focal species is psittacula krameri,buteo trizonatus,false,1
Qwen/Qwen2.5-Omni-7B,b44537ee-890e-4d76-8643-6874fcc003c3,unseen-genus-tax,What is the taxonomic name of the focal species in the audio?,Chordata Aves Psittaciformes Psittacidae Probosciger aterrimus,The taxonomic name of the focal species is Bubo virginianus.,the taxonomic name of the focal species is bubo virginianus,chordata aves psittaciformes psittacidae probosciger aterrimus,false,1
Qwen/Qwen2.5-Omni-7B,d177dc10-dc69-41bf-8d19-8cb79f777a41,unseen-family-tax,What is the taxonomic name of the focal species in the audio?,Chordata Mammalia Artiodactyla Suidae Hylochoerus meinertzhageni,The taxonomic name of the focal species is not provided in the audio.,the taxonomic name of the focal species is not provided in the audio,chordata mammalia artiodactyla suidae hylochoerus meinertzhageni,false,1
Qwen/Qwen2.5-Omni-7B,9d000f16-7914-4a29-89fe-9180a90fa59b,unseen-species-tax,What is the taxonomic name of the focal species in the audio?,Chordata Aves Passeriformes Timaliidae Mixornis kelleyi,The taxonomic name of the focal species is Turdus philomelos.,the taxonomic name of the focal species is turdus philomelos,chordata aves passeriformes timaliidae mixornis kelleyi,false,1
Qwen/Qwen2.5-Omni-7B,2f8aeb4d-a6c3-41b2-a9ae-275db0e3aa1e,unseen-species-tax,What is the taxonomic name of the focal species in the audio?,Chordata Aves Columbiformes Columbidae Treron affinis,The taxonomic name of the focal species is Turdus merula.,the taxonomic name of the focal species is turdus merula,chordata aves columbiformes columbidae treron affinis,false,1
Qwen/Qwen2.5-Omni-7B,7479189c-2f76-40d2-b615-e2f20a4f3bb8,unseen-genus-tax,What is the taxonomic name of the focal species in the audio?,Arthropoda Insecta Orthoptera Acrididae Pseudochorthippus parallelus,The taxonomic name of the focal species is S. canadensis.,the taxonomic name of the focal species is s canadensis,arthropoda insecta orthoptera acrididae pseudochorthippus parallelus,false,1
Qwen/Qwen2.5-Omni-7B,2c87aeed-a68e-4a1d-924f-157345cd986d,unseen-species-sci,What is the scientific name for the focal species in the audio?,Knipolegus cyanirostris,The scientific name for the focal species is Pycnonotus leucops.,the scientific name for the focal species is pycnonotus leucops,knipolegus cyanirostris,false,1
Qwen/Qwen2.5-Omni-7B,7293b9a5-e1b3-4204-9545-5e16e38d4e27,unseen-species-cmn,What is the common name for the focal species in the audio?,Sperm Whale,The common name for the focal species in the audio is the American Robin.,the common name for the focal species in the audio is the american robin,sperm whale,false,1
Qwen/Qwen2.5-Omni-7B,76387a4e-db62-4f7d-ae95-c1e858e9e8c7,call-type,What type of vocalization is heard from the focal species in the audio? Answer with either 'call' or 'song'.,song,song,song,song,true,1
Qwen/Qwen2.5-Omni-7B,cf9514c9-4a67-4f4e-9400-030705e77d5f,unseen-species-sci,What is the scientific name for the focal species in the audio?,Pternistis icterorhynchus,The scientific name for the focal species is Rana temporaria.,the scientific name for the focal species is rana temporaria,pternistis icterorhynchus,false,1
Qwen/Qwen2.5-Omni-7B,2c1a4bcf-5262-4d6c-a942-dcd7cd468917,unseen-genus-sci,What is the scientific name for the focal species in the audio?,Heterocercus aurantiivertex,The scientific name for the focal species is Oecanthus fultoni.,the scientific name for the focal species is oecanthus fultoni,heterocercus aurantiivertex,false,1
Qwen/Qwen2.5-Omni-7B,acc058af-f6b6-4fab-825b-baccc79a7444,unseen-family-tax,What is the taxonomic name of the focal species in the audio?,Chordata Mammalia Cetacea Phocoenidae Phocoenoides dalli,The taxonomic name of the focal species is Pteropus pselaphon.,the taxonomic name of the focal species is pteropus pselaphon,chordata mammalia cetacea phocoenidae phocoenoides dalli,false,1
Qwen/Qwen2.5-Omni-7B,4f5fcac0-2235-417c-a1b8-31378a016f6a,unseen-species-tax,What is the taxonomic name of the focal species in the audio?,Chordata Aves Passeriformes Meliphagidae Philemon meyeri,The taxonomic name of the focal species is Psar 106000.,the taxonomic name of the focal species is psar 106000,chordata aves passeriformes meliphagidae philemon meyeri,false,1
Qwen/Qwen2.5-Omni-7B,caba6d95-fdef-4b8c-9487-205b4885d3e9,call-type,What type of vocalization is heard from the focal species in the audio? Answer with either 'call' or 'song'.,call,call,call,call,true,1
Qwen/Qwen2.5-Omni-7B,722a6f7d-cfaa-4aa8-8f1b-fe7623f64e3e,call-type,What type of vocalization is heard from the focal species in the audio? Answer with either 'call' or 'song'.,song,song,song,song,true,1
Qwen/Qwen2.5-Omni-7B,ae6e3fd1-4976-4138-af37-55a444b32806,unseen-genus-tax,What is the taxonomic name of the focal species in the audio?,Chordata Aves Passeriformes Maluridae Stipiturus malachurus,The taxonomic name of the focal species is Psittacula krameri.,the taxonomic name of the focal species is psittacula krameri,chordata aves passeriformes maluridae stipiturus malachurus,false,1
Qwen/Qwen2.5-Omni-7B,185c974a-d905-475c-8fc0-0cbab1e383b9,watkins,What is the common name for the focal species in the audio?,Southern Right Whale,The common name for the focal species in the audio is the American redstart.,the common name for the focal species in the audio is the american redstart,southern right whale,false,1
Qwen/Qwen2.5-Omni-7B,19031313-61cc-4471-9f7f-743ca3f70909,zf-indiv,"Is there only one bird in the audio, or more? Reply with 'One' or 'More'.",One,One,one,one,true,1
Qwen/Qwen2.5-Omni-7B,d4ec96a1-aa64-4c64-a239-8a09479cfde3,unseen-genus-tax,What is the taxonomic name of the focal species in the audio?,Chordata Aves Passeriformes Estrildidae Stizoptera bichenovii,The taxonomic name of the focal species is Psittacula krameri.,the taxonomic name of the focal species is psittacula krameri,chordata aves passeriformes estrildidae stizoptera bichenovii,false,1
Qwen/Qwen2.5-Omni-7B,29a5b82d-ee40-4b3d-abd7-a1fa2fbe3d08,unseen-species-cmn,What is the common name for the focal species in the audio?,Parrot-billed Sparrow,The common name for the focal species is the Common Grasshopper Sparrow.,the common name for the focal species is the common grasshopper sparrow,parrot billed sparrow,false,1
Qwen/Qwen2.5-Omni-7B,56a183a4-bd63-4739-bfd3-e01316beb602,unseen-species-cmn,What is the common name for the focal species in the audio?,Sooty Falcon,The common name for the focal species is the Common Yellowthroat.,the common name for the focal species is the common yellowthroat,sooty falcon,false,1
Qwen/Qwen2.5-Omni-7B,6aa764b5-34ef-419b-b304-426e94f50a44,unseen-species-sci,What is the scientific name for the focal species in the audio?,Falco concolor,The scientific name for the focal species is Larus michahellis.,the scientific name for the focal species is larus michahellis,falco concolor,false,1
Qwen/Qwen2.5-Omni-7B,e195f5d5-c177-47eb-b38f-4a7375320a28,unseen-species-cmn,What is the common name for the focal species in the audio?,Sooty Falcon,The common name for the focal species is the common gull.,the common name for the focal species is the common gull,sooty falcon,false,1
Qwen/Qwen2.5-Omni-7B,89658b02-c86f-4319-902c-cbd5968d77f8,unseen-genus-cmn,What is the common name for the focal species in the audio?,Wood Cricket,cricket,cricket,wood cricket,false,1
Qwen/Qwen2.5-Omni-7B,322c57a4-0384-4f3c-b31a-3a5c6413ad09,unseen-family-tax,What is the taxonomic name of the focal species in the audio?,Chordata Mammalia Cetacea Phocoenidae Phocoenoides dalli,The taxonomic name of the focal species is Sitta europaea.,the taxonomic name of the focal species is sitta europaea,chordata mammalia cetacea phocoenidae phocoenoides dalli,false,1
Qwen/Qwen2.5-Omni-7B,d5df4ad1-a24a-475f-b466-96f2d4b5813d,unseen-genus-sci,What is the scientific name for the focal species in the audio?,Lesbia victoriae,The scientific name for the focal species in the audio is Sitta europaea.,the scientific name for the focal species in the audio is sitta europaea,lesbia victoriae,false,1
Qwen/Qwen2.5-Omni-7B,16acc545-5b12-4b66-9687-f25622190548,unseen-genus-tax,What is the taxonomic name of the focal species in the audio?,Chordata Aves Psittaciformes Psittacidae Probosciger aterrimus,The taxonomic name of the focal species is Turdus merula.,the taxonomic name of the focal species is turdus merula,chordata aves psittaciformes psittacidae probosciger aterrimus,false,1
Qwen/Qwen2.5-Omni-7B,380259a0-6f22-4b71-80b6-fad4d70f0ea2,unseen-species-cmn,What is the common name for the focal species in the audio?,Chestnut-collared Swallow,The common name for the focal species is house sparrow.,the common name for the focal species is house sparrow,chestnut collared swallow,false,1
Qwen/Qwen2.5-Omni-7B,303b0976-1d6f-4278-b4dc-ddfba4248f94,unseen-species-tax,What is the taxonomic name of the focal species in the audio?,Chordata Aves Passeriformes Tyrannidae Empidonomus aurantioatrocristatus,The taxonomic name of the focal species is Psittacula krameri.,the taxonomic name of the focal species is psittacula krameri,chordata aves passeriformes tyrannidae empidonomus aurantioatrocristatus,false,1
Qwen/Qwen2.5-Omni-7B,5b3094db-65ba-48d6-a7b3-130f3ae021b9,unseen-genus-cmn,What is the common name for the focal species in the audio?,Beijing Babbler,The common name for the focal species is the American Robin.,the common name for the focal species is the american robin,beijing babbler,false,1
Qwen/Qwen2.5-Omni-7B,bd8c635b-f962-48b4-a1ac-9f0776aacd6e,call-type,What type of vocalization is heard from the focal species in the audio? Answer with either 'call' or 'song'.,call,song,song,call,false,1
Qwen/Qwen2.5-Omni-7B,0221bf16-b9b0-470d-a7a6-bf5b2267b7d4,watkins,What is the common name for the focal species in the audio?,White-beaked Dolphin,The common name for the focal species in the audio is the house wren.,the common name for the focal species in the audio is the house wren,white beaked dolphin,false,1
Qwen/Qwen2.5-Omni-7B,35fc34a8-8699-45f7-b430-0e2302d7c114,unseen-species-tax,What is the taxonomic name of the focal species in the audio?,Chordata Aves Passeriformes Cisticolidae Cisticola brunnescens,The taxonomic name of the focal species is Sturnella neglecta.,the taxonomic name of the focal species is sturnella neglecta,chordata aves passeriformes cisticolidae cisticola brunnescens,false,1
Qwen/Qwen2.5-Omni-7B,9fe84afa-9792-41a3-8367-83c1e4291d30,unseen-family-sci,What is the scientific name for the focal species in the audio?,Alytes obstetricans,The scientific name for the focal species is Scinax rieppeleon.,the scientific name for the focal species is scinax rieppeleon,alytes obstetricans,false,1
Qwen/Qwen2.5-Omni-7B,bd1770a9-e74b-44cb-8888-3d554e0456ef,unseen-species-tax,What is the taxonomic name of the focal species in the audio?,Chordata Aves Passeriformes Passeridae Passer gongonensis,The taxonomic name of the focal species is Psittacula krameri.,the taxonomic name of the focal species is psittacula krameri,chordata aves passeriformes passeridae passer gongonensis,false,1
Qwen/Qwen2.5-Omni-7B,2c0277f6-da6b-46db-aa03-bb743b48c555,unseen-species-tax,What is the taxonomic name of the focal species in the audio?,Chordata Aves Passeriformes Pycnonotidae Pycnonotus blanfordi,The taxonomic name of the focal species is Psittacula krameri.,the taxonomic name of the focal species is psittacula krameri,chordata aves passeriformes pycnonotidae pycnonotus blanfordi,false,1
Qwen/Qwen2.5-Omni-7B,171ca4ce-0af7-4324-ba59-77bfae2488ab,unseen-genus-cmn,What is the common name for the focal species in the audio?,Red-bellied cicada,The common name for the focal species in the audio is the American Robin.,the common name for the focal species in the audio is the american robin,red bellied cicada,false,1
Qwen/Qwen2.5-Omni-7B,82b32d54-f23c-4b13-ba59-8e777221c848,unseen-family-cmn,What is the common name for the focal species in the audio?,Babiroussa des Moluques,The common name for the focal species is the American toad.,the common name for the focal species is the american toad,babiroussa des moluques,false,1
Qwen/Qwen2.5-Omni-7B,8f9e8d7c-31d8-49dc-b171-e12aed7440c2,unseen-genus-tax,What is the taxonomic name of the focal species in the audio?,Chordata Aves Passeriformes Rhinocryptidae Rhinocrypta lanceolata,The taxonomic name of the focal species is Psittacula krameri.,the taxonomic name of the focal species is psittacula krameri,chordata aves passeriformes rhinocryptidae rhinocrypta lanceolata,false,1
Qwen/Qwen2.5-Omni-7B,c3f491f7-0a0f-46df-b083-762bec0684af,unseen-family-sci,What is the scientific name for the focal species in the audio?,Phocoena phocoena,The scientific name for the focal species in the audio is Felis catus.,the scientific name for the focal species in the audio is felis catus,phocoena phocoena,false,1
Qwen/Qwen2.5-Omni-7B,0dd9384f-5b16-45fa-8e61-3e5436128fad,unseen-family-tax,What is the taxonomic name of the focal species in the audio?,Chordata Mammalia Cetacea Phocoenidae Phocoena phocoena,The taxonomic name of the focal species is Felis catus.,the taxonomic name of the focal species is felis catus,chordata mammalia cetacea phocoenidae phocoena phocoena,false,1
Qwen/Qwen2.5-Omni-7B,483eeb07-b0d2-44c0-a9f0-1251dd88c29a,unseen-species-sci,What is the scientific name for the focal species in the audio?,Bucco noanamae,The scientific name for the focal species is Anaxyrus compactus.,the scientific name for the focal species is anaxyrus compactus,bucco noanamae,false,1
Qwen/Qwen2.5-Omni-7B,e45be88a-3b11-4fc3-8502-055bee60b478,unseen-species-sci,What is the scientific name for the focal species in the audio?,Myrmothera fulviventris,The scientific name for the focal species is Strix varia.,the scientific name for the focal species is strix varia,myrmothera fulviventris,false,1
Qwen/Qwen2.5-Omni-7B,180e6504-cd65-496b-9c08-15cebba2438f,unseen-species-sci,What is the scientific name for the focal species in the audio?,Climacteris melanurus,The scientific name for the focal species is Turdus philomelos.,the scientific name for the focal species is turdus philomelos,climacteris melanurus,false,1
Qwen/Qwen2.5-Omni-7B,7ae075ad-8a41-496d-a638-5b66da5e64d9,unseen-species-tax,What is the taxonomic name of the focal species in the audio?,Chordata Aves Passeriformes Thraupidae Thlypopsis inornata,The taxonomic name of the focal species is *Gallus gallus*.,the taxonomic name of the focal species is gallus gallus,chordata aves passeriformes thraupidae thlypopsis inornata,false,1
Qwen/Qwen2.5-Omni-7B,ca1d2222-8816-421d-b0c4-e31cabbd9f24,unseen-genus-cmn,What is the common name for the focal species in the audio?,Southern Emu-wren,The common name for the focal species in the audio is the common woodpecker.,the common name for the focal species in the audio is the common woodpecker,southern emu wren,false,1
Qwen/Qwen2.5-Omni-7B,281f391f-4f0b-4cad-908d-4c6e5f989d9f,zf-indiv,"Is there only one bird in the audio, or more? Reply with 'One' or 'More'.",More,More,more,more,true,1
Qwen/Qwen2.5-Omni-7B,8ab0a817-7809-4e1a-a963-b901a6a11a5c,unseen-species-tax,What is the taxonomic name of the focal species in the audio?,Chordata Aves Passeriformes Phylloscopidae Phylloscopus misoriensis,The taxonomic name of the focal species is Psittacula krameri.,the taxonomic name of the focal species is psittacula krameri,chordata aves passeriformes phylloscopidae phylloscopus misoriensis,false,1
Qwen/Qwen2.5-Omni-7B,8ccc6fd0-54de-41cd-ae5e-a9daf3730be2,call-type,What type of vocalization is heard from the focal species in the audio? Answer with either 'call' or 'song'.,call,song,song,call,false,1
Qwen/Qwen2.5-Omni-7B,0648e89d-f62b-4141-ba2e-322d5f0c3593,zf-indiv,"Is there only one bird in the audio, or more? Reply with 'One' or 'More'.",More,One,one,more,false,1
Qwen/Qwen2.5-Omni-7B,3fce317e-c921-4048-b0aa-bd13cff94044,unseen-genus-cmn,What is the common name for the focal species in the audio?,Cryptic Warbler,The common name for the focal species is the Eastern Towhee.,the common name for the focal species is the eastern towhee,cryptic warbler,false,1
Qwen/Qwen2.5-Omni-7B,9b17d396-4d9a-493c-86fc-c9f0c2a0da41,unseen-species-sci,What is the scientific name for the focal species in the audio?,Cyanomitra bannermani,The scientific name for the focal species is Passer domesticus.,the scientific name for the focal species is passer domesticus,cyanomitra bannermani,false,1
Qwen/Qwen2.5-Omni-7B,42fcffcd-c054-488f-862b-415e1d01be57,unseen-species-tax,What is the taxonomic name of the focal species in the audio?,Chordata Aves Apodiformes Apodidae Apus bradfieldi,The taxonomic name of the focal species is Psittacula krameri.,the taxonomic name of the focal species is psittacula krameri,chordata aves apodiformes apodidae apus bradfieldi,false,1
Qwen/Qwen2.5-Omni-7B,c03ee3b7-042a-4702-8809-45992c8011b5,unseen-family-cmn,What is the common name for the focal species in the audio?,Eurasian Wild Pig,The common name for the focal species in the audio is pig.,the common name for the focal species in the audio is pig,eurasian wild pig,false,1
Qwen/Qwen2.5-Omni-7B,7d8243a4-9c79-4e29-a615-87a2c73c3f42,unseen-genus-tax,What is the taxonomic name of the focal species in the audio?,Chordata Aves Piciformes Galbulidae Jacamaralcyon tridactyla,The taxonomic name of the focal species is Psittacula krameri.,the taxonomic name of the focal species is psittacula krameri,chordata aves piciformes galbulidae jacamaralcyon tridactyla,false,1
Qwen/Qwen2.5-Omni-7B,d79aacd1-2f6f-4809-a7db-913a03aee7cf,unseen-genus-tax,What is the taxonomic name of the focal species in the audio?,Arthropoda Insecta Orthoptera Acrididae Pseudochorthippus parallelus,The taxonomic name of the focal species is Turdus philomelos.,the taxonomic name of the focal species is turdus philomelos,arthropoda insecta orthoptera acrididae pseudochorthippus parallelus,false,1
Qwen/Qwen2.5-Omni-7B,bc10a6d3-3189-4af9-94c6-fdc0654b4a50,call-type,What type of vocalization is heard from the focal species in the audio? Answer with either 'call' or 'song'.,call,song,song,call,false,1
Qwen/Qwen2.5-Omni-7B,0efe2dde-bfac-457f-940a-9c080434dd36,zf-indiv,"Is there only one bird in the audio, or more? Reply with 'One' or 'More'.",More,One,one,more,false,1
Qwen/Qwen2.5-Omni-7B,0606fb20-8146-4281-9b44-d4a645f53e94,unseen-genus-cmn,What is the common name for the focal species in the audio?,Dark-breasted Rosefinch,The common name for the focal species is the Common Nighthawk.,the common name for the focal species is the common nighthawk,dark breasted rosefinch,false,1
Qwen/Qwen2.5-Omni-7B,3acbdf5d-07da-49f0-9975-5927dec2e550,call-type,What type of vocalization is heard from the focal species in the audio? Answer with either 'call' or 'song'.,call,song,song,call,false,1
Qwen/Qwen2.5-Omni-7B,32d11ee1-3d2a-4569-acd0-48b94ec63ee0,unseen-species-tax,What is the taxonomic name of the focal species in the audio?,Chordata Aves Passeriformes Muscicapidae Brachypteryx sinensis,The taxonomic name of the focal species is Psittacula krameri.,the taxonomic name of the focal species is psittacula krameri,chordata aves passeriformes muscicapidae brachypteryx sinensis,false,1
Qwen/Qwen2.5-Omni-7B,64b72c9a-4edd-4151-8da2-542018f74e70,watkins,What is the common name for the focal species in the audio?,Pantropical Spotted Dolphin,The common name for the focal species in the audio is the American Robin.,the common name for the focal species in the audio is the american robin,pantropical spotted dolphin,false,1
Qwen/Qwen2.5-Omni-7B,15db7f9f-4004-4f9a-8ca1-610060d71b1e,unseen-species-sci,What is the scientific name for the focal species in the audio?,Xiphocolaptes falcirostris,The scientific name for the focal species is Psittacula krameri.,the scientific name for the focal species is psittacula krameri,xiphocolaptes falcirostris,false,1
Qwen/Qwen2.5-Omni-7B,a8855869-a7e6-44fc-95e1-55b32bdd61ed,unseen-genus-cmn,What is the common name for the focal species in the audio?,Spectacled Tyrant,The common name for the focal species in the audio is the Common Yellowthroat.,the common name for the focal species in the audio is the common yellowthroat,spectacled tyrant,false,1
Qwen/Qwen2.5-Omni-7B,100b5841-4523-4a1f-bf39-51d4e3ab3ec7,unseen-genus-tax,What is the taxonomic name of the focal species in the audio?,Chordata Aves Apodiformes Trochilidae Aglaeactis aliciae,The taxonomic name of the focal species is Passer domesticus.,the taxonomic name of the focal species is passer domesticus,chordata aves apodiformes trochilidae aglaeactis aliciae,false,1
Qwen/Qwen2.5-Omni-7B,b3d36466-bdac-478c-87be-fac9d052afee,unseen-genus-sci,What is the scientific name for the focal species in the audio?,Aratinga nenday,The scientific name for the focal species is Psittacara leucophthalmus.,the scientific name for the focal species is psittacara leucophthalmus,aratinga nenday,false,1
Qwen/Qwen2.5-Omni-7B,062935cb-ef1b-4acc-9625-ccd59d447d3c,unseen-genus-cmn,What is the common name for the focal species in the audio?,Princess Stephanie's Astrapia,The common name for the focal species is the Common Nighthawk.,the common name for the focal species is the common nighthawk,princess stephanie s astrapia,false,1
Qwen/Qwen2.5-Omni-7B,039b4ae6-501d-441e-be19-a92121b27797,zf-indiv,"Is there only one bird in the audio, or more? Reply with 'One' or 'More'.",One,One,one,one,true,1
Qwen/Qwen2.5-Omni-7B,7eddcb0a-5ddc-49ae-8d40-0ee25fe663b5,unseen-family-tax,What is the taxonomic name of the focal species in the audio?,Chordata Amphibia Anura Dicroglossidae Hoplobatrachus chinensis,Canis lupus,canis lupus,chordata amphibia anura dicroglossidae hoplobatrachus chinensis,false,1
Qwen/Qwen2.5-Omni-7B,ab4c0c84-9da5-48be-879f-44d8b8c939e4,unseen-species-tax,What is the taxonomic name of the focal species in the audio?,Chordata Aves Procellariiformes Procellariidae Ardenna grisea,The taxonomic name of the focal species is C. canis.,the taxonomic name of the focal species is c canis,chordata aves procellariiformes procellariidae ardenna grisea,false,1
Qwen/Qwen2.5-Omni-7B,11d09174-872e-46ec-a430-37b03c32624a,unseen-species-tax,What is the taxonomic name of the focal species in the audio?,Chordata Aves Passeriformes Cisticolidae Cisticola brunnescens,The taxonomic name of the focal species is Psophodes sistrella.,the taxonomic name of the focal species is psophodes sistrella,chordata aves passeriformes cisticolidae cisticola brunnescens,false,1
Qwen/Qwen2.5-Omni-7B,ba97aa96-7650-4bd4-8d0e-4e733f7ee0bb,unseen-genus-cmn,What is the common name for the focal species in the audio?,Kuhl's Lorikeet,The common name for the focal species is the Common Nighthawk.,the common name for the focal species is the common nighthawk,kuhl s lorikeet,false,1
Qwen/Qwen2.5-Omni-7B,c9d4e64d-c237-4fc0-b921-464978d0de99,watkins,What is the common name for the focal species in the audio?,Walrus,The common name for the focal species in the audio is 'ocean'.,the common name for the focal species in the audio is ocean,walrus,false,1
Qwen/Qwen2.5-Omni-7B,aac90cff-212c-4dc4-9d51-760e0db086a6,unseen-genus-sci,What is the scientific name for the focal species in the audio?,Amazonetta brasiliensis,The scientific name for the focal species is Canis lupus.,the scientific name for the focal species is canis lupus,amazonetta brasiliensis,false,1
Qwen/Qwen2.5-Omni-7B,d434fc4a-8a59-476f-bc04-eebb0b20bd13,unseen-species-cmn,What is the common name for the focal species in the audio?,Sombre Rock Chat,The common name for the focal species is the Northern Cardinal.,the common name for the focal species is the northern cardinal,sombre rock chat,false,1
Qwen/Qwen2.5-Omni-7B,48cba02c-ad4b-4a24-bb29-6f2295ea0ccc,unseen-genus-sci,What is the scientific name for the focal species in the audio?,Aratinga nenday,The scientific name for the focal species is Psittacara leucophthalmus.,the scientific name for the focal species is psittacara leucophthalmus,aratinga nenday,false,1
Qwen/Qwen2.5-Omni-7B,1a39ceff-92f2-41fc-87ef-351b23f96270,zf-indiv,"Is there only one bird in the audio, or more? Reply with 'One' or 'More'.",One,One,one,one,true,1
Qwen/Qwen2.5-Omni-7B,51cb1d19-f023-4e27-9239-da75a6c3c142,unseen-species-cmn,What is the common name for the focal species in the audio?,Fulvous-headed Tanager,The common name for the focal species is the Common Nighthawk.,the common name for the focal species is the common nighthawk,fulvous headed tanager,false,1
Qwen/Qwen2.5-Omni-7B,331a4392-8c2b-49e3-8904-b12c4266672b,zf-indiv,"Is there only one bird in the audio, or more? Reply with 'One' or 'More'.",More,More,more,more,true,1
Qwen/Qwen2.5-Omni-7B,60ee27ec-817f-4ea0-a532-bfa5eb97ed34,zf-indiv,"Is there only one bird in the audio, or more? Reply with 'One' or 'More'.",More,More,more,more,true,1
Qwen/Qwen2.5-Omni-7B,f6216f72-c7b1-477c-afb7-47b4360845f7,call-type,What type of vocalization is heard from the focal species in the audio? Answer with either 'call' or 'song'.,song,song,song,song,true,1
Qwen/Qwen2.5-Omni-7B,701883af-4c7a-4643-a94b-0f26e724b638,unseen-species-tax,What is the taxonomic name of the focal species in the audio?,Chordata Aves Passeriformes Muscicapidae Brachypteryx sinensis,The taxonomic name of the focal species is Psittacula krameri.,the taxonomic name of the focal species is psittacula krameri,chordata aves passeriformes muscicapidae brachypteryx sinensis,false,1
Qwen/Qwen2.5-Omni-7B,d0eea919-616c-4704-be43-11e3c3017639,unseen-species-sci,What is the scientific name for the focal species in the audio?,Melaniparus fringillinus,The scientific name for the focal species is Psittacula krameri.,the scientific name for the focal species is psittacula krameri,melaniparus fringillinus,false,1
Qwen/Qwen2.5-Omni-7B,90a35bad-2751-4eb5-8534-4466b7b3b048,watkins,What is the common name for the focal species in the audio?,False Killer Whale,The common name for the focal species in the audio is the Common Poorwill.,the common name for the focal species in the audio is the common poorwill,false killer whale,false,1
Qwen/Qwen2.5-Omni-7B,432d177b-8adf-46d8-b6f6-ccfb2c3babe8,unseen-species-cmn,What is the common name for the focal species in the audio?,Western Quail-thrush,The common name for the focal species is the Eastern towhee.,the common name for the focal species is the eastern towhee,western quail thrush,false,1
Qwen/Qwen2.5-Omni-7B,a76ceb41-35f2-49f8-a499-722b33476fcb,unseen-genus-tax,What is the taxonomic name of the focal species in the audio?,Chordata Aves Anseriformes Anatidae Amazonetta brasiliensis,The taxonomic name of the focal species is Psittacula krameri.,the taxonomic name of the focal species is psittacula krameri,chordata aves anseriformes anatidae amazonetta brasiliensis,false,1
Qwen/Qwen2.5-Omni-7B,d7baf164-ad04-47f7-87d4-8b53aa1cd927,unseen-genus-sci,What is the scientific name for the focal species in the audio?,Eurostopodus argus,The scientific name for the focal species is Turdus philomelos.,the scientific name for the focal species is turdus philomelos,eurostopodus argus,false,1
Qwen/Qwen2.5-Omni-7B,710f19b3-7276-44db-a8dc-b4a2280a0a8d,zf-indiv,"Is there only one bird in the audio, or more? Reply with 'One' or 'More'.",One,More,more,one,false,1
Qwen/Qwen2.5-Omni-7B,a7e7afe8-2e4c-4ae7-ad34-37a1c20a0580,zf-indiv,"Is there only one bird in the audio, or more? Reply with 'One' or 'More'.",More,One,one,more,false,1
Qwen/Qwen2.5-Omni-7B,476758d8-1a5e-4d50-963a-7441dcf01771,unseen-genus-tax,What is the taxonomic name of the focal species in the audio?,Chordata Aves Passeriformes Fringillidae Oreomystis bairdi,The taxonomic name of the focal species is Psittacula krameri.,the taxonomic name of the focal species is psittacula krameri,chordata aves passeriformes fringillidae oreomystis bairdi,false,1
Qwen/Qwen2.5-Omni-7B,bbcda202-23a1-4d23-9175-eb3c850a0e72,unseen-genus-tax,What is the taxonomic name of the focal species in the audio?,Arthropoda Insecta Orthoptera Acrididae Pseudochorthippus parallelus,The taxonomic name of the focal species is Apis mellifera.,the taxonomic name of the focal species is apis mellifera,arthropoda insecta orthoptera acrididae pseudochorthippus parallelus,false,1
Qwen/Qwen2.5-Omni-7B,2bda9f03-3481-4f9a-8908-3011f2aafd81,unseen-species-tax,What is the taxonomic name of the focal species in the audio?,Chordata Aves Bucerotiformes Bucerotidae Rhyticeros undulatus,Canis lupus,canis lupus,chordata aves bucerotiformes bucerotidae rhyticeros undulatus,false,1
Qwen/Qwen2.5-Omni-7B,625ee11f-f7de-458b-abfe-6b81f460caf1,call-type,What type of vocalization is heard from the focal species in the audio? Answer with either 'call' or 'song'.,call,song,song,call,false,1
Qwen/Qwen2.5-Omni-7B,8f40bef8-b9db-4043-9b6e-8101841287e9,unseen-family-tax,What is the taxonomic name of the focal species in the audio?,Chordata Amphibia Anura Alytidae Alytes obstetricans,The taxonomic name of the focal species is Notiophyllum hookeri.,the taxonomic name of the focal species is notiophyllum hookeri,chordata amphibia anura alytidae alytes obstetricans,false,1
Qwen/Qwen2.5-Omni-7B,e2cd8c9e-7d44-439c-9e5c-4c9b3d19e080,unseen-genus-tax,What is the taxonomic name of the focal species in the audio?,Chordata Aves Piciformes Galbulidae Jacamaralcyon tridactyla,The taxonomic name of the focal species is Notiophyllum.,the taxonomic name of the focal species is notiophyllum,chordata aves piciformes galbulidae jacamaralcyon tridactyla,false,1
Qwen/Qwen2.5-Omni-7B,90bf4acb-c983-427b-b069-79b95d3f2532,unseen-species-tax,What is the taxonomic name of the focal species in the audio?,Chordata Aves Passeriformes Timaliidae Mixornis kelleyi,The taxonomic name of the focal species is Psarya.,the taxonomic name of the focal species is psarya,chordata aves passeriformes timaliidae mixornis kelleyi,false,1
Qwen/Qwen2.5-Omni-7B,ddd98d5e-e817-4268-b2d3-4ee4775c1971,unseen-species-tax,What is the taxonomic name of the focal species in the audio?,Chordata Aves Passeriformes Climacteridae Climacteris melanurus,The taxonomic name of the focal species is Psittacula krameri.,the taxonomic name of the focal species is psittacula krameri,chordata aves passeriformes climacteridae climacteris melanurus,false,1
Qwen/Qwen2.5-Omni-7B,5f989537-2957-4efd-a5c3-34d103c296b9,unseen-family-cmn,What is the common name for the focal species in the audio?,Dall's Porpoise,The common name for the focal species in the audio is the American Robin.,the common name for the focal species in the audio is the american robin,dall s porpoise,false,1
Qwen/Qwen2.5-Omni-7B,60770a84-e4f7-42e8-9d59-6354997b62fe,call-type,What type of vocalization is heard from the focal species in the audio? Answer with either 'call' or 'song'.,song,song,song,song,true,1
Qwen/Qwen2.5-Omni-7B,d677109e-a441-493c-ad49-2584f56f2b6e,call-type,What type of vocalization is heard from the focal species in the audio? Answer with either 'call' or 'song'.,song,song,song,song,true,1
Qwen/Qwen2.5-Omni-7B,7dbf3efe-afe0-400d-8459-541f373255d7,zf-indiv,"Is there only one bird in the audio, or more? Reply with 'One' or 'More'.",More,More,more,more,true,1
Qwen/Qwen2.5-Omni-7B,a2db5d0c-ddf0-4410-a679-571a0ea4c438,unseen-family-cmn,What is the common name for the focal species in the audio?,Spotted Elachura,The common name for the focal species is cricket.,the common name for the focal species is cricket,spotted elachura,false,1
Qwen/Qwen2.5-Omni-7B,381f04df-2d5d-4e39-9313-b8b5af93a549,unseen-species-sci,What is the scientific name for the focal species in the audio?,Asthenes arequipae,The scientific name for the focal species is Scolopaxidae.,the scientific name for the focal species is scolopaxidae,asthenes arequipae,false,1
Qwen/Qwen2.5-Omni-7B,f4df9234-4d6f-43bb-b963-640d7e4d72c8,unseen-species-cmn,What is the common name for the focal species in the audio?,Long-tailed Starling,The common name for the focal species is the Common Yellowthroat.,the common name for the focal species is the common yellowthroat,long tailed starling,false,1
Qwen/Qwen2.5-Omni-7B,b2720233-bbb3-46fe-ae2e-1a2eff4188e4,unseen-genus-sci,What is the scientific name for the focal species in the audio?,Probosciger aterrimus,The scientific name for the focal species is Psittacula krameri.,the scientific name for the focal species is psittacula krameri,probosciger aterrimus,false,1
Qwen/Qwen2.5-Omni-7B,915353f3-0434-4f39-b7a1-b34f0a3ea1d8,unseen-species-sci,What is the scientific name for the focal species in the audio?,Falco concolor,The scientific name for the focal species is Falco peregrinus.,the scientific name for the focal species is falco peregrinus,falco concolor,false,1
Qwen/Qwen2.5-Omni-7B,e564a74c-97c1-4f23-b8fd-6148d10ee28e,unseen-genus-sci,What is the scientific name for the focal species in the audio?,Aratinga nenday,The scientific name for the focal species is Psittacula krameri.,the scientific name for the focal species is psittacula krameri,aratinga nenday,false,1
Qwen/Qwen2.5-Omni-7B,e8c86bc5-4f93-43ab-ace5-382d5b4f2019,unseen-genus-sci,What is the scientific name for the focal species in the audio?,Heterocercus aurantiivertex,The scientific name for the focal species is Crotalus durissus.,the scientific name for the focal species is crotalus durissus,heterocercus aurantiivertex,false,1
Qwen/Qwen2.5-Omni-7B,62ccdeca-38c2-4579-9bd0-454e5fa58146,zf-indiv,"Is there only one bird in the audio, or more? Reply with 'One' or 'More'.",One,One,one,one,true,1
Qwen/Qwen2.5-Omni-7B,34e4e64c-6780-4284-92b0-bfefa5cec014,call-type,What type of vocalization is heard from the focal species in the audio? Answer with either 'call' or 'song'.,song,song,song,song,true,1
Qwen/Qwen2.5-Omni-7B,1bde6f5f-6448-45ce-9f7f-d8e1aedc6366,unseen-genus-tax,What is the taxonomic name of the focal species in the audio?,Chordata Aves Passeriformes Cardinalidae Rhodothraupis celaeno,The taxonomic name of the focal species is Psittacula krameri.,the taxonomic name of the focal species is psittacula krameri,chordata aves passeriformes cardinalidae rhodothraupis celaeno,false,1
Qwen/Qwen2.5-Omni-7B,3329b945-8bad-4173-9bba-3011b734196c,watkins,What is the common name for the focal species in the audio?,Melon Headed Whale,The common name for the focal species in the audio is the American Robin.,the common name for the focal species in the audio is the american robin,melon headed whale,false,1
Qwen/Qwen2.5-Omni-7B,29160b62-09d7-4fff-b595-79de221edd62,zf-indiv,"Is there only one bird in the audio, or more? Reply with 'One' or 'More'.",One,One,one,one,true,1
Qwen/Qwen2.5-Omni-7B,a1d7f833-cadf-4c54-842c-2f3565c88694,unseen-species-cmn,What is the common name for the focal species in the audio?,Southern Leaf Green Tree Frog,The common name for the focal species is the American Robin.,the common name for the focal species is the american robin,southern leaf green tree frog,false,1
Qwen/Qwen2.5-Omni-7B,d3991591-7c10-4a55-b9d4-e67c8efd993e,unseen-species-tax,What is the taxonomic name of the focal species in the audio?,Chordata Aves Procellariiformes Procellariidae Puffinus assimilis,The taxonomic name of the focal species is 'Canis lupus'.,the taxonomic name of the focal species is canis lupus,chordata aves procellariiformes procellariidae puffinus assimilis,false,1
Qwen/Qwen2.5-Omni-7B,b986891d-c6f4-415f-a332-e5cc18128264,unseen-species-sci,What is the scientific name for the focal species in the audio?,Cisticola brunnescens,The scientific name for the focal species is Sitta europaea.,the scientific name for the focal species is sitta europaea,cisticola brunnescens,false,1
Qwen/Qwen2.5-Omni-7B,9f9c48c6-d203-453d-a0f2-f127123a192b,call-type,What type of vocalization is heard from the focal species in the audio? Answer with either 'call' or 'song'.,call,song,song,call,false,1
Qwen/Qwen2.5-Omni-7B,02592057-ddbc-4e6f-8aa5-ee3a5650f157,unseen-family-tax,What is the taxonomic name of the focal species in the audio?,Chordata Aves Passeriformes Elachuridae Elachura formosa,The taxonomic name of the focal species is Psittacula krameri.,the taxonomic name of the focal species is psittacula krameri,chordata aves passeriformes elachuridae elachura formosa,false,1
Qwen/Qwen2.5-Omni-7B,a405b028-f2ca-4d92-a80d-10c379e155bc,unseen-species-cmn,What is the common name for the focal species in the audio?,Bannerman's Sunbird,The common name for the focal species is the Common Yellowthroat.,the common name for the focal species is the common yellowthroat,bannerman s sunbird,false,1
Qwen/Qwen2.5-Omni-7B,abdad934-69bb-4f01-8d52-9116bec03753,unseen-genus-sci,What is the scientific name for the focal species in the audio?,Aphelocephala leucopsis,The scientific name for the focal species is Oenanthe oenanthe.,the scientific name for the focal species is oenanthe oenanthe,aphelocephala leucopsis,false,1
Qwen/Qwen2.5-Omni-7B,6f62dedc-16dd-48d8-83ea-21e53cc58b9d,unseen-family-tax,What is the taxonomic name of the focal species in the audio?,Chordata Aves Passeriformes Elachuridae Elachura formosa,The taxonomic name of the focal species is Turdus philomelos.,the taxonomic name of the focal species is turdus philomelos,chordata aves passeriformes elachuridae elachura formosa,false,1
Qwen/Qwen2.5-Omni-7B,58aa8e24-73eb-4eae-95e8-3602d751c4c2,unseen-genus-cmn,What is the common name for the focal species in the audio?,Tylas Vanga,The common name for the focal species is the Common Grackle.,the common name for the focal species is the common grackle,tylas vanga,false,1
Qwen/Qwen2.5-Omni-7B,ae522f8d-fb97-4790-9142-2d3db4e22e7c,zf-indiv,"Is there only one bird in the audio, or more? Reply with 'One' or 'More'.",One,One,one,one,true,1
Qwen/Qwen2.5-Omni-7B,4b355555-746d-4f3b-9d58-42cd903335e6,unseen-species-sci,What is the scientific name for the focal species in the audio?,Chalcomitra balfouri,The scientific name for the focal species is Psittacula krameri.,the scientific name for the focal species is psittacula krameri,chalcomitra balfouri,false,1
Qwen/Qwen2.5-Omni-7B,fa136400-09a4-45c4-aac8-733605313480,unseen-species-cmn,What is the common name for the focal species in the audio?,Chinese Shortwing,The common name for the focal species is the Yellow-ripped Flycatcher.,the common name for the focal species is the yellow ripped flycatcher,chinese shortwing,false,1
Qwen/Qwen2.5-Omni-7B,5043e608-bdb6-42ea-96c2-9adead008c5a,unseen-family-tax,What is the taxonomic name of the focal species in the audio?,Chordata Mammalia Artiodactyla Suidae Sus scrofa,The taxonomic name of the focal species is Panthera tigris.,the taxonomic name of the focal species is panthera tigris,chordata mammalia artiodactyla suidae sus scrofa,false,1
Qwen/Qwen2.5-Omni-7B,87747e24-a81a-40c7-8b81-5f6407385ae5,unseen-genus-tax,What is the taxonomic name of the focal species in the audio?,Chordata Aves Piciformes Galbulidae Jacamaralcyon tridactyla,The taxonomic name of the focal species is Psittacula krameri.,the taxonomic name of the focal species is psittacula krameri,chordata aves piciformes galbulidae jacamaralcyon tridactyla,false,1
Qwen/Qwen2.5-Omni-7B,b193a2f9-555d-4c81-bbd1-1a1014a665c1,unseen-genus-sci,What is the scientific name for the focal species in the audio?,Cryptotympana facialis,The scientific name for the focal species is Anaxyrus compactus.,the scientific name for the focal species is anaxyrus compactus,cryptotympana facialis,false,1
Qwen/Qwen2.5-Omni-7B,8b310095-582e-4d52-a517-0aa40e83f839,call-type,What type of vocalization is heard from the focal species in the audio? Answer with either 'call' or 'song'.,song,song,song,song,true,1
Qwen/Qwen2.5-Omni-7B,df718d8e-c4be-495d-87d9-6d729c78107a,unseen-genus-cmn,What is the common name for the focal species in the audio?,Black Giant Cicada,The common name for the focal species is the cricket.,the common name for the focal species is the cricket,black giant cicada,false,1
Qwen/Qwen2.5-Omni-7B,14fc6d02-fe85-4562-bf2b-0ceca5c90c5b,call-type,What type of vocalization is heard from the focal species in the audio? Answer with either 'call' or 'song'.,call,song,song,call,false,1
Qwen/Qwen2.5-Omni-7B,3754b521-e057-4192-8b87-babd6d47676d,unseen-species-cmn,What is the common name for the focal species in the audio?,Grey Cuckooshrike,The common name for the focal species is the American Robin.,the common name for the focal species is the american robin,grey cuckooshrike,false,1
Qwen/Qwen2.5-Omni-7B,40a4cc17-f3ed-4880-949c-5d8ed682662f,unseen-species-cmn,What is the common name for the focal species in the audio?,Ayeyarwady Bulbul,The common name for the focal species is the American bittern.,the common name for the focal species is the american bittern,ayeyarwady bulbul,false,1
Qwen/Qwen2.5-Omni-7B,81174e6a-f698-4e7f-9c4b-1cf92a962cf0,unseen-genus-sci,What is the scientific name for the focal species in the audio?,Cryptotympana facialis,The scientific name for the focal species is Anax junius.,the scientific name for the focal species is anax junius,cryptotympana facialis,false,1
Qwen/Qwen2.5-Omni-7B,1d244e1e-4a07-489b-b2b3-110dd558e1f3,unseen-species-sci,What is the scientific name for the focal species in the audio?,Vireo osburni,The scientific name for the focal species is Sturnus vulgaris.,the scientific name for the focal species is sturnus vulgaris,vireo osburni,false,1
Qwen/Qwen2.5-Omni-7B,0c9f5fc1-1739-423d-be88-e2910a512933,unseen-species-tax,What is the taxonomic name of the focal species in the audio?,Chordata Amphibia Anura Ranidae Rana dalmatina,Canis lupus familiaris,canis lupus familiaris,chordata amphibia anura ranidae rana dalmatina,false,1
Qwen/Qwen2.5-Omni-7B,f9416471-3818-4daf-a0f1-5711794a04a5,unseen-genus-tax,What is the taxonomic name of the focal species in the audio?,Chordata Aves Passeriformes Cardinalidae Rhodothraupis celaeno,The taxonomic name of the focal species is Psittacula krameri.,the taxonomic name of the focal species is psittacula krameri,chordata aves passeriformes cardinalidae rhodothraupis celaeno,false,1
Qwen/Qwen2.5-Omni-7B,e66e0859-b487-493b-b7ed-683d636e0185,unseen-genus-cmn,What is the common name for the focal species in the audio?,Dark-breasted Rosefinch,The common name for the focal species is the American Robin.,the common name for the focal species is the american robin,dark breasted rosefinch,false,1
Qwen/Qwen2.5-Omni-7B,32d81bd6-e4a7-40f4-a374-abee11652c9a,watkins,What is the common name for the focal species in the audio?,Spinner Dolphin,The common name for the focal species in the audio is the Common Poorwill.,the common name for the focal species in the audio is the common poorwill,spinner dolphin,false,1
Qwen/Qwen2.5-Omni-7B,b754f59f-d1a8-4a80-b798-2efebe20c276,zf-indiv,"Is there only one bird in the audio, or more? Reply with 'One' or 'More'.",One,More,more,one,false,1
Qwen/Qwen2.5-Omni-7B,455a6c53-dde1-448b-8832-60c64481ae18,unseen-genus-tax,What is the taxonomic name of the focal species in the audio?,Chordata Aves Passeriformes Bernieridae Cryptosylvicola randrianasoloi,The taxonomic name of the focal species is Psittacula krameri.,the taxonomic name of the focal species is psittacula krameri,chordata aves passeriformes bernieridae cryptosylvicola randrianasoloi,false,1
Qwen/Qwen2.5-Omni-7B,c8e6425d-cf3e-45b0-a1db-778fae96d78c,unseen-genus-cmn,What is the common name for the focal species in the audio?,Spectacled Tyrant,The common name for the focal species is the American Robin.,the common name for the focal species is the american robin,spectacled tyrant,false,1
Qwen/Qwen2.5-Omni-7B,3af17cb6-26f5-4268-90a0-6738ee062725,unseen-species-tax,What is the taxonomic name of the focal species in the audio?,Chordata Aves Falconiformes Falconidae Falco cherrug,The taxonomic name of the focal species is *Aves*.,the taxonomic name of the focal species is aves,chordata aves falconiformes falconidae falco cherrug,false,1
Qwen/Qwen2.5-Omni-7B,46e6ab7a-e6a6-41b7-83c4-29c78913a4e4,call-type,What type of vocalization is heard from the focal species in the audio? Answer with either 'call' or 'song'.,call,song,song,call,false,1
Qwen/Qwen2.5-Omni-7B,044f81a0-2c02-401d-b6d0-7ed6888c7859,unseen-family-tax,What is the taxonomic name of the focal species in the audio?,Chordata Amphibia Anura Dicroglossidae Fejervarya limnocharis,The taxonomic name of the focal species is Notiophryne.,the taxonomic name of the focal species is notiophryne,chordata amphibia anura dicroglossidae fejervarya limnocharis,false,1
Qwen/Qwen2.5-Omni-7B,b891f396-2fcf-4bb8-b3ff-ee7a08df63ed,unseen-species-sci,What is the scientific name for the focal species in the audio?,Caprimulgus pulchellus,The scientific name for the focal species is Anax imperator.,the scientific name for the focal species is anax imperator,caprimulgus pulchellus,false,1
Qwen/Qwen2.5-Omni-7B,0aea1928-93bd-4ec5-9a38-b9a625e0d3a1,unseen-species-sci,What is the scientific name for the focal species in the audio?,Thlypopsis fulviceps,The scientific name for the focal species is Psittacula krameri.,the scientific name for the focal species is psittacula krameri,thlypopsis fulviceps,false,1
Qwen/Qwen2.5-Omni-7B,98c01ed0-3f06-4d6d-8301-7966b9bd0291,unseen-genus-tax,What is the taxonomic name of the focal species in the audio?,Chordata Aves Passeriformes Estrildidae Stizoptera bichenovii,The taxonomic name of the focal species is Psittacara leucophthalmus.,the taxonomic name of the focal species is psittacara leucophthalmus,chordata aves passeriformes estrildidae stizoptera bichenovii,false,1
Qwen/Qwen2.5-Omni-7B,5e403388-7654-438c-98ba-d0d9a0fec108,unseen-genus-cmn,What is the common name for the focal species in the audio?,Oak Bush-cricket,The common name for the focal species is the American crow.,the common name for the focal species is the american crow,oak bush cricket,false,1
Qwen/Qwen2.5-Omni-7B,3d396490-409c-4a5c-a29d-0ebd78f8832f,unseen-genus-sci,What is the scientific name for the focal species in the audio?,Tylas eduardi,The scientific name for the focal species is Psarya.,the scientific name for the focal species is psarya,tylas eduardi,false,1
Qwen/Qwen2.5-Omni-7B,7a2f783b-d704-4eea-a71a-33a95adfaffd,unseen-family-tax,What is the taxonomic name of the focal species in the audio?,Chordata Amphibia Anura Dicroglossidae Hoplobatrachus chinensis,The taxonomic name of the focal species is Hyla versicolor.,the taxonomic name of the focal species is hyla versicolor,chordata amphibia anura dicroglossidae hoplobatrachus chinensis,false,1
Qwen/Qwen2.5-Omni-7B,a16048fd-022a-40a2-bdc7-c88880ffa28b,call-type,What type of vocalization is heard from the focal species in the audio? Answer with either 'call' or 'song'.,song,song,song,song,true,1
Qwen/Qwen2.5-Omni-7B,5851c96e-2444-4bf5-9b1c-61be9adad8ee,call-type,What type of vocalization is heard from the focal species in the audio? Answer with either 'call' or 'song'.,song,song,song,song,true,1
Qwen/Qwen2.5-Omni-7B,a2c464ab-272a-45d8-8731-7fd3d37fc45f,unseen-species-tax,What is the taxonomic name of the focal species in the audio?,Chordata Aves Tinamiformes Tinamidae Nothoprocta taczanowskii,The taxonomic name of the focal species is Turdus philomelos.,the taxonomic name of the focal species is turdus philomelos,chordata aves tinamiformes tinamidae nothoprocta taczanowskii,false,1
Qwen/Qwen2.5-Omni-7B,e6672caa-d46d-486f-9f86-9f3f65050ec1,unseen-genus-tax,What is the taxonomic name of the focal species in the audio?,Chordata Aves Passeriformes Rhinocryptidae Rhinocrypta lanceolata,The taxonomic name of the focal species is Psittacula krameri.,the taxonomic name of the focal species is psittacula krameri,chordata aves passeriformes rhinocryptidae rhinocrypta lanceolata,false,1
Qwen/Qwen2.5-Omni-7B,568db8b3-0296-4930-b7e1-7df308e83159,unseen-species-cmn,What is the common name for the focal species in the audio?,Sanborn's Tree Frog,The common name for the focal species is the cricket.,the common name for the focal species is the cricket,sanborn s tree frog,false,1
Qwen/Qwen2.5-Omni-7B,ddbb1147-1aac-4b41-b139-d9c0e6141e9b,unseen-genus-tax,What is the taxonomic name of the focal species in the audio?,Chordata Aves Passeriformes Sylviidae Rhopophilus pekinensis,The taxonomic name of the focal species is Psilorhamphus guezei.,the taxonomic name of the focal species is psilorhamphus guezei,chordata aves passeriformes sylviidae rhopophilus pekinensis,false,1
Qwen/Qwen2.5-Omni-7B,a4de1475-15c5-4e41-8b96-40961ec95242,zf-indiv,"Is there only one bird in the audio, or more? Reply with 'One' or 'More'.",More,More,more,more,true,1
Qwen/Qwen2.5-Omni-7B,08a34aac-2986-438f-bc7c-5242315fe3fb,unseen-genus-cmn,What is the common name for the focal species in the audio?,Green-tailed Trainbearer,The common name for the focal species is the cricket.,the common name for the focal species is the cricket,green tailed trainbearer,false,1
Qwen/Qwen2.5-Omni-7B,b2c4a1b5-62e3-42a0-89fc-70f49ab3ac2d,unseen-species-sci,What is the scientific name for the focal species in the audio?,Ploceus katangae,The scientific name for the focal species is Passerina ciris.,the scientific name for the focal species is passerina ciris,ploceus katangae,false,1
Qwen/Qwen2.5-Omni-7B,4ac883d7-7102-47f7-8513-28b201e56bd6,unseen-family-tax,What is the taxonomic name of the focal species in the audio?,Chordata Aves Passeriformes Elachuridae Elachura formosa,The taxonomic name of the focal species is Psittacula krameri.,the taxonomic name of the focal species is psittacula krameri,chordata aves passeriformes elachuridae elachura formosa,false,1
Qwen/Qwen2.5-Omni-7B,30e96bdd-172c-4886-afd5-7f5a3108960f,unseen-species-tax,What is the taxonomic name of the focal species in the audio?,Chordata Aves Passeriformes Thraupidae Thlypopsis inornata,The taxonomic name of the focal species is Passerina ciris.,the taxonomic name of the focal species is passerina ciris,chordata aves passeriformes thraupidae thlypopsis inornata,false,1
Qwen/Qwen2.5-Omni-7B,7dac1054-e39a-44e4-ae3b-d38ee28c10d3,unseen-species-cmn,What is the common name for the focal species in the audio?,White-tipped Grasshopper,The common name for the focal species is a cricket.,the common name for the focal species is a cricket,white tipped grasshopper,false,1
Qwen/Qwen2.5-Omni-7B,afacb55d-f48f-4274-acf5-974f79826cda,unseen-genus-cmn,What is the common name for the focal species in the audio?,Goldenface,The common name for the focal species is the Common Yellowthroat.,the common name for the focal species is the common yellowthroat,goldenface,false,1
Qwen/Qwen2.5-Omni-7B,fd9091af-fef3-42fa-af33-18ee576dd4ca,unseen-species-cmn,What is the common name for the focal species in the audio?,Agile Frog,The common name for the focal species is frog.,the common name for the focal species is frog,agile frog,false,1
Qwen/Qwen2.5-Omni-7B,4483d696-43d1-48a0-8951-4f4664e8cf75,watkins,What is the common name for the focal species in the audio?,Striped Dolphin,The common name for the focal species in the audio is the European magpie.,the common name for the focal species in the audio is the european magpie,striped dolphin,false,1
Qwen/Qwen2.5-Omni-7B,f21a0516-7116-4e0a-8c28-4504019dea7f,unseen-family-tax,What is the taxonomic name of the focal species in the audio?,Chordata Aves Passeriformes Elachuridae Elachura formosa,The taxonomic name of the focal species is Psittacula krameri.,the taxonomic name of the focal species is psittacula krameri,chordata aves passeriformes elachuridae elachura formosa,false,1
Qwen/Qwen2.5-Omni-7B,a619baca-e3e9-4bb6-8006-280d81d0ffa9,call-type,What type of vocalization is heard from the focal species in the audio? Answer with either 'call' or 'song'.,call,song,song,call,false,1
Qwen/Qwen2.5-Omni-7B,372be372-ee3d-40dc-a6dd-88df697a4ca4,unseen-genus-tax,What is the taxonomic name of the focal species in the audio?,Chordata Aves Passeriformes Cardinalidae Rhodothraupis celaeno,The taxonomic name of the focal species is Turdus philomelos.,the taxonomic name of the focal species is turdus philomelos,chordata aves passeriformes cardinalidae rhodothraupis celaeno,false,1
Qwen/Qwen2.5-Omni-7B,245ddf2f-e182-497e-ba8e-a894dc73a088,zf-indiv,"Is there only one bird in the audio, or more? Reply with 'One' or 'More'.",One,One,one,one,true,1
Qwen/Qwen2.5-Omni-7B,03115b2f-4429-4b49-80de-31182d234eba,unseen-species-tax,What is the taxonomic name of the focal species in the audio?,Chordata Aves Passeriformes Laniidae Lanius newtoni,The taxonomic name of the focal species is Psittacula krameri.,the taxonomic name of the focal species is psittacula krameri,chordata aves passeriformes laniidae lanius newtoni,false,1
Qwen/Qwen2.5-Omni-7B,6dc966f7-93e4-4101-b476-4dc713a0f1c6,zf-indiv,"Is there only one bird in the audio, or more? Reply with 'One' or 'More'.",One,One,one,one,true,1
Qwen/Qwen2.5-Omni-7B,dd1399a2-7813-4a00-97ea-1a3122051bc8,unseen-family-cmn,What is the common name for the focal species in the audio?,Forest Hog,The common name for the focal species in the audio is the crow.,the common name for the focal species in the audio is the crow,forest hog,false,1
Qwen/Qwen2.5-Omni-7B,198f86b1-dd1e-44e2-a073-1f945d1d948f,unseen-genus-tax,What is the taxonomic name of the focal species in the audio?,Chordata Aves Psittaciformes Psittacidae Vini peruviana,The taxonomic name of the focal species is Passer montanus.,the taxonomic name of the focal species is passer montanus,chordata aves psittaciformes psittacidae vini peruviana,false,1
Qwen/Qwen2.5-Omni-7B,2c731af7-5372-499d-970d-1f110784f926,call-type,What type of vocalization is heard from the focal species in the audio? Answer with either 'call' or 'song'.,call,song,song,call,false,1
Qwen/Qwen2.5-Omni-7B,77cf5cee-d03e-4778-bd4a-a6a3ed9a19d4,unseen-genus-sci,What is the scientific name for the focal species in the audio?,Heterocercus flavivertex,The scientific name for the focal species is Aotus nigriceps.,the scientific name for the focal species is aotus nigriceps,heterocercus flavivertex,false,1
Qwen/Qwen2.5-Omni-7B,e01bf25b-e15e-4825-8167-3478a2c2e146,unseen-genus-sci,What is the scientific name for the focal species in the audio?,Stipiturus malachurus,The scientific name for the focal species is Passer montanus.,the scientific name for the focal species is passer montanus,stipiturus malachurus,false,1
Qwen/Qwen2.5-Omni-7B,ef61a813-ff7c-4241-9724-5f3db69a5ed2,call-type,What type of vocalization is heard from the focal species in the audio? Answer with either 'call' or 'song'.,song,song,song,song,true,1
Qwen/Qwen2.5-Omni-7B,6a30a584-d462-4ecb-b812-157e79dddb4e,watkins,What is the common name for the focal species in the audio?,False Killer Whale,The common name for the focal species in the audio is the Common Tern.,the common name for the focal species in the audio is the common tern,false killer whale,false,1
Qwen/Qwen2.5-Omni-7B,1b74eb47-6728-4c2c-8c1e-10019adf653d,unseen-species-cmn,What is the common name for the focal species in the audio?,Black-fronted Tern,The common name for the focal species is the American Robin.,the common name for the focal species is the american robin,black fronted tern,false,1
Qwen/Qwen2.5-Omni-7B,8a71f357-d484-4b7a-8a2c-5250f51b998f,unseen-genus-tax,What is the taxonomic name of the focal species in the audio?,Arthropoda Insecta Orthoptera Trigonidiidae Nemobius sylvestris,The taxonomic name of the focal species is Scincus ocellatus.,the taxonomic name of the focal species is scincus ocellatus,arthropoda insecta orthoptera trigonidiidae nemobius sylvestris,false,1
Qwen/Qwen2.5-Omni-7B,bf8e3b32-c56c-44d7-9666-590894019101,zf-indiv,"Is there only one bird in the audio, or more? Reply with 'One' or 'More'.",More,One,one,more,false,1
Qwen/Qwen2.5-Omni-7B,8dc76446-f889-4bcc-9913-174578eb49bb,zf-indiv,"Is there only one bird in the audio, or more? Reply with 'One' or 'More'.",One,One,one,one,true,1
Qwen/Qwen2.5-Omni-7B,a8977a95-9edb-4905-887b-a3f0362bc066,unseen-family-cmn,What is the common name for the focal species in the audio?,Forest Hog,The common name for the focal species in the audio is pig.,the common name for the focal species in the audio is pig,forest hog,false,1
Qwen/Qwen2.5-Omni-7B,2519928e-fa4f-4869-8328-3ede52e2af06,unseen-family-sci,What is the scientific name for the focal species in the audio?,Phocoenoides dalli,The scientific name for the focal species in the audio is Sitta europaea.,the scientific name for the focal species in the audio is sitta europaea,phocoenoides dalli,false,1
Qwen/Qwen2.5-Omni-7B,020246aa-a5e2-42e6-9ea1-af8991f738b2,unseen-family-cmn,What is the common name for the focal species in the audio?,Common Midwife Toad,The common name for the focal species is the Common Pigeon.,the common name for the focal species is the common pigeon,common midwife toad,false,1
Qwen/Qwen2.5-Omni-7B,aa10e6f8-ad66-4497-8740-fa52f3be5b00,unseen-genus-sci,What is the scientific name for the focal species in the audio?,Hymenops perspicillatus,The scientific name for the focal species is Passer domesticus.,the scientific name for the focal species is passer domesticus,hymenops perspicillatus,false,1
Qwen/Qwen2.5-Omni-7B,176cabec-a6fe-49f4-9a8a-9d63fd8f327c,unseen-genus-cmn,What is the common name for the focal species in the audio?,Thick-billed Cuckoo,The common name for the focal species in the audio is the Common Yellowthroat.,the common name for the focal species in the audio is the common yellowthroat,thick billed cuckoo,false,1
Qwen/Qwen2.5-Omni-7B,dec265ea-6080-4617-a38a-e27b50b098bd,unseen-family-tax,What is the taxonomic name of the focal species in the audio?,Chordata Amphibia Anura Alytidae Alytes obstetricans,The taxonomic name of the focal species is Notiophis taylori.,the taxonomic name of the focal species is notiophis taylori,chordata amphibia anura alytidae alytes obstetricans,false,1
Qwen/Qwen2.5-Omni-7B,a103b34d-35f6-4a0d-86d8-311fa74398a4,zf-indiv,"Is there only one bird in the audio, or more? Reply with 'One' or 'More'.",More,More,more,more,true,1
Qwen/Qwen2.5-Omni-7B,adfb921a-b8f4-4e9e-ba59-1cbb4707c622,zf-indiv,"Is there only one bird in the audio, or more? Reply with 'One' or 'More'.",One,More,more,one,false,1
Qwen/Qwen2.5-Omni-7B,c57acda3-2f06-435e-bc98-0da69658ac8e,unseen-family-tax,What is the taxonomic name of the focal species in the audio?,Chordata Mammalia Artiodactyla Suidae Hylochoerus meinertzhageni,Canis lupus,canis lupus,chordata mammalia artiodactyla suidae hylochoerus meinertzhageni,false,1
Qwen/Qwen2.5-Omni-7B,8b2cf8be-d7ec-4546-b4ca-efc2a429b60c,unseen-genus-sci,What is the scientific name for the focal species in the audio?,Probosciger aterrimus,The scientific name for the focal species is Pteropus seychellensis.,the scientific name for the focal species is pteropus seychellensis,probosciger aterrimus,false,1
Qwen/Qwen2.5-Omni-7B,5277c671-2e98-4fed-a08b-73a8ec469a46,unseen-genus-cmn,What is the common name for the focal species in the audio?,Crested Gallito,The common name for the focal species is the Common Grasshopper Sparrow.,the common name for the focal species is the common grasshopper sparrow,crested gallito,false,1
Qwen/Qwen2.5-Omni-7B,81cb271c-23cc-4bf6-bd9b-898ae71049eb,call-type,What type of vocalization is heard from the focal species in the audio? Answer with either 'call' or 'song'.,song,song,song,song,true,1
Qwen/Qwen2.5-Omni-7B,0851d039-5314-42a1-bb02-cde5d3d12153,unseen-family-tax,What is the taxonomic name of the focal species in the audio?,Chordata Mammalia Artiodactyla Suidae Babyrousa babyrussa,The taxonomic name of the focal species is Rana temporaria.,the taxonomic name of the focal species is rana temporaria,chordata mammalia artiodactyla suidae babyrousa babyrussa,false,1
Qwen/Qwen2.5-Omni-7B,cb6e9b45-6b00-410c-bda3-2139aac31081,unseen-genus-tax,What is the taxonomic name of the focal species in the audio?,Arthropoda Insecta Orthoptera Acrididae Pseudochorthippus parallelus,The taxonomic name of the focal species is Notula plumbea.,the taxonomic name of the focal species is notula plumbea,arthropoda insecta orthoptera acrididae pseudochorthippus parallelus,false,1
Qwen/Qwen2.5-Omni-7B,7d0f2391-22bf-4422-9da8-cc195f726e0b,call-type,What type of vocalization is heard from the focal species in the audio? Answer with either 'call' or 'song'.,song,song,song,song,true,1
Qwen/Qwen2.5-Omni-7B,3f7452dd-117e-4f11-b243-58d8a079b8d0,unseen-species-cmn,What is the common name for the focal species in the audio?,Maghreb Magpie,The common name for the focal species is the American Crow.,the common name for the focal species is the american crow,maghreb magpie,false,1
Qwen/Qwen2.5-Omni-7B,dffc07ab-1956-4d5c-8f2e-ba5a54c4a305,unseen-genus-cmn,What is the common name for the focal species in the audio?,Three-toed Jacamar,The common name for the focal species in the audio is the Common Yellowthroat.,the common name for the focal species in the audio is the common yellowthroat,three toed jacamar,false,1
Qwen/Qwen2.5-Omni-7B,f85d9845-4077-4f4e-9904-2adcff9aa230,zf-indiv,"Is there only one bird in the audio, or more? Reply with 'One' or 'More'.",One,One,one,one,true,1
Qwen/Qwen2.5-Omni-7B,cbc7cdf6-ae1a-4598-8ee4-6bdecc8ac9a2,unseen-family-sci,What is the scientific name for the focal species in the audio?,Elachura formosa,The scientific name for the focal species in the audio is Oryctes rhinoceros.,the scientific name for the focal species in the audio is oryctes rhinoceros,elachura formosa,false,1
Qwen/Qwen2.5-Omni-7B,93f4011a-f074-48da-8d6f-b2955611533d,unseen-genus-cmn,What is the common name for the focal species in the audio?,Fiery-browed Starling,The common name for the focal species is the Common Yellowthroat.,the common name for the focal species is the common yellowthroat,fiery browed starling,false,1
Qwen/Qwen2.5-Omni-7B,62790d1b-e0d6-4651-ab34-bd402d7fe65f,unseen-family-sci,What is the scientific name for the focal species in the audio?,Phocoena phocoena,The scientific name for the focal species in the audio is Felis catus.,the scientific name for the focal species in the audio is felis catus,phocoena phocoena,false,1
Qwen/Qwen2.5-Omni-7B,9d5bfed1-1f4e-45ad-a4bd-42c4ce768c87,zf-indiv,"Is there only one bird in the audio, or more? Reply with 'One' or 'More'.",One,One,one,one,true,1
Qwen/Qwen2.5-Omni-7B,61781758-c269-4793-95a3-fe6a17199e03,unseen-genus-sci,What is the scientific name for the focal species in the audio?,Probosciger aterrimus,The scientific name for the focal species is Psarittacus eurycercus.,the scientific name for the focal species is psarittacus eurycercus,probosciger aterrimus,false,1
Qwen/Qwen2.5-Omni-7B,03c67d54-c622-434e-81d1-6cad9e04a427,unseen-genus-cmn,What is the common name for the focal species in the audio?,Tylas Vanga,The common name for the focal species is the horse.,the common name for the focal species is the horse,tylas vanga,false,1
Qwen/Qwen2.5-Omni-7B,12c1340b-1e70-41cb-81c0-f9ae50a2b497,unseen-species-cmn,What is the common name for the focal species in the audio?,Buff-bellied Tanager,The common name for the focal species is the Yellow-throated Warbler.,the common name for the focal species is the yellow throated warbler,buff bellied tanager,false,1
Qwen/Qwen2.5-Omni-7B,f7729151-191f-4a82-9c47-171c9790dad1,unseen-species-sci,What is the scientific name for the focal species in the audio?,Machlolophus aplonotus,The scientific name for the focal species is Passerina ciris.,the scientific name for the focal species is passerina ciris,machlolophus aplonotus,false,1
Qwen/Qwen2.5-Omni-7B,1a16b9b3-ed60-490c-b3fe-0febb2d05696,unseen-family-sci,What is the scientific name for the focal species in the audio?,Fejervarya limnocharis,The scientific name for the focal species is Rana temporaria.,the scientific name for the focal species is rana temporaria,fejervarya limnocharis,false,1
Qwen/Qwen2.5-Omni-7B,f91f7b4b-adcc-41f0-8295-97674c6d463c,unseen-family-tax,What is the taxonomic name of the focal species in the audio?,Chordata Mammalia Cetacea Phocoenidae Phocoenoides dalli,The taxonomic name of the focal species is 'C. canadensis'.,the taxonomic name of the focal species is c canadensis,chordata mammalia cetacea phocoenidae phocoenoides dalli,false,1
Qwen/Qwen2.5-Omni-7B,3f7fe6b5-fd97-4b9f-8a77-436e79499757,unseen-species-cmn,What is the common name for the focal species in the audio?,Fire-tailed Sunbird,The common name for the focal species is the Common House Martin.,the common name for the focal species is the common house martin,fire tailed sunbird,false,1
Qwen/Qwen2.5-Omni-7B,53cc069e-3838-4368-9cf1-19134f5cf90c,unseen-family-tax,What is the taxonomic name of the focal species in the audio?,Chordata Mammalia Artiodactyla Suidae Babyrousa babyrussa,The taxonomic name of the focal species is Ovis aries.,the taxonomic name of the focal species is ovis aries,chordata mammalia artiodactyla suidae babyrousa babyrussa,false,1
Qwen/Qwen2.5-Omni-7B,0f718175-1fdc-4369-938f-7071ce6a7b9e,unseen-genus-cmn,What is the common name for the focal species in the audio?,Banded Whiteface,The common name for the focal species is the Common Poorwill.,the common name for the focal species is the common poorwill,banded whiteface,false,1
Qwen/Qwen2.5-Omni-7B,463e4a88-7d90-4c70-a6b3-61fd8aec0f9a,unseen-species-cmn,What is the common name for the focal species in the audio?,Blue-billed Black Tyrant,The common name for the focal species is the common nighthawk.,the common name for the focal species is the common nighthawk,blue billed black tyrant,false,1
Qwen/Qwen2.5-Omni-7B,bb217344-8dde-4a58-9727-b72f94541d92,unseen-family-tax,What is the taxonomic name of the focal species in the audio?,Arthropoda Insecta Orthoptera Prophalangopsidae Cyphoderris monstrosa,The taxonomic name of the focal species is Sceliphron caementator.,the taxonomic name of the focal species is sceliphron caementator,arthropoda insecta orthoptera prophalangopsidae cyphoderris monstrosa,false,1
Qwen/Qwen2.5-Omni-7B,c6b8cad6-32b8-4c3b-8ac1-f3aa3197946a,unseen-family-cmn,What is the common name for the focal species in the audio?,Dall's Porpoise,The common name for the focal species in the audio is 'cricket'.,the common name for the focal species in the audio is cricket,dall s porpoise,false,1
Qwen/Qwen2.5-Omni-7B,f8cb30f0-5c40-43ba-8916-16c0b15abcdb,unseen-species-sci,What is the scientific name for the focal species in the audio?,Haematopus chathamensis,The scientific name for the focal species is *Cranioleuca crassirostris*.,the scientific name for the focal species is cranioleuca crassirostris,haematopus chathamensis,false,1
Qwen/Qwen2.5-Omni-7B,de982de0-86de-4125-85d7-22d85a8ec0c8,unseen-family-cmn,What is the common name for the focal species in the audio?,Spotted Elachura,The common name for the focal species is cricket.,the common name for the focal species is cricket,spotted elachura,false,1
Qwen/Qwen2.5-Omni-7B,39419bb1-2fad-41e5-b0ba-e662b302ddcb,unseen-species-sci,What is the scientific name for the focal species in the audio?,Inezia subflava,The scientific name for the focal species is Psittacula krameri.,the scientific name for the focal species is psittacula krameri,inezia subflava,false,1
Qwen/Qwen2.5-Omni-7B,ca170777-2126-4076-8be3-13650ba81d83,call-type,What type of vocalization is heard from the focal species in the audio? Answer with either 'call' or 'song'.,call,call,call,call,true,1
Qwen/Qwen2.5-Omni-7B,f512ce96-5e18-4bc0-bdf8-ab34ef7ef1fe,unseen-species-sci,What is the scientific name for the focal species in the audio?,Anthus brachyurus,The scientific name for the focal species is Passer domesticus.,the scientific name for the focal species is passer domesticus,anthus brachyurus,false,1
Qwen/Qwen2.5-Omni-7B,818ae9bf-8465-4d3e-a14a-ca949706e785,zf-indiv,"Is there only one bird in the audio, or more? Reply with 'One' or 'More'.",One,One,one,one,true,1
Qwen/Qwen2.5-Omni-7B,84b56a2d-da0e-4e59-b1ce-a8bcb1794ad8,unseen-species-sci,What is the scientific name for the focal species in the audio?,Pachycephala lanioides,The scientific name for the focal species is Psophodes olivaceus.,the scientific name for the focal species is psophodes olivaceus,pachycephala lanioides,false,1
Qwen/Qwen2.5-Omni-7B,40aaeb3b-9cca-4419-baf9-9103f00ffbf8,unseen-family-tax,What is the taxonomic name of the focal species in the audio?,Chordata Aves Passeriformes Elachuridae Elachura formosa,The taxonomic name of the focal species is Apis mellifera.,the taxonomic name of the focal species is apis mellifera,chordata aves passeriformes elachuridae elachura formosa,false,1
Qwen/Qwen2.5-Omni-7B,6f3665ea-6617-4bda-a0b5-2356287003e0,unseen-species-sci,What is the scientific name for the focal species in the audio?,Pternistis harwoodi,The scientific name for the focal species is Rana temporaria.,the scientific name for the focal species is rana temporaria,pternistis harwoodi,false,1
Qwen/Qwen2.5-Omni-7B,87bae7e0-4146-4860-ad27-1f38d7967a4f,unseen-species-cmn,What is the common name for the focal species in the audio?,African Olive Pigeon,The common name for the focal species in the audio is the Common Nighthawk.,the common name for the focal species in the audio is the common nighthawk,african olive pigeon,false,1
Qwen/Qwen2.5-Omni-7B,52c9f713-dc87-4f95-93c8-a5744a092828,call-type,What type of vocalization is heard from the focal species in the audio? Answer with either 'call' or 'song'.,song,song,song,song,true,1
Qwen/Qwen2.5-Omni-7B,4eb7b55f-a4c0-4a65-9721-154a62d348cf,unseen-family-tax,What is the taxonomic name of the focal species in the audio?,Chordata Amphibia Anura Dicroglossidae Fejervarya multistriata,The taxonomic name of the focal species is Notiophis taylori.,the taxonomic name of the focal species is notiophis taylori,chordata amphibia anura dicroglossidae fejervarya multistriata,false,1
Qwen/Qwen2.5-Omni-7B,c85a5cc7-93b6-44f6-8126-483be0a5f9a4,unseen-species-sci,What is the scientific name for the focal species in the audio?,Aethopyga ignicauda,The scientific name for the focal species is Psittacula krameri.,the scientific name for the focal species is psittacula krameri,aethopyga ignicauda,false,1
Qwen/Qwen2.5-Omni-7B,f53cd407-28af-4df6-ba93-495ce0dab4f6,unseen-genus-sci,What is the scientific name for the focal species in the audio?,Jacamaralcyon tridactyla,The scientific name for the focal species is Psittacula krameri.,the scientific name for the focal species is psittacula krameri,jacamaralcyon tridactyla,false,1
Qwen/Qwen2.5-Omni-7B,4a8b21c3-da4e-4e01-9115-188fb23ce1e9,unseen-family-sci,What is the scientific name for the focal species in the audio?,Elachura formosa,The scientific name for the focal species is Odonata.,the scientific name for the focal species is odonata,elachura formosa,false,1
Qwen/Qwen2.5-Omni-7B,ddf76493-6805-40ab-81fe-ef7c381928d2,unseen-genus-sci,What is the scientific name for the focal species in the audio?,Drepanorhynchus reichenowi,The scientific name for the focal species is Psittacula krameri.,the scientific name for the focal species is psittacula krameri,drepanorhynchus reichenowi,false,1
Qwen/Qwen2.5-Omni-7B,8c75c9e4-c5b7-4458-9c4d-94a3b244cc20,unseen-genus-sci,What is the scientific name for the focal species in the audio?,Jacamaralcyon tridactyla,The scientific name for the focal species is Psittacula krameri.,the scientific name for the focal species is psittacula krameri,jacamaralcyon tridactyla,false,1
Qwen/Qwen2.5-Omni-7B,88e3883a-42e4-43ff-a946-6f1e5111c5f0,unseen-family-cmn,What is the common name for the focal species in the audio?,Paddy Field Frog,The common name for the focal species is cricket.,the common name for the focal species is cricket,paddy field frog,false,1
Qwen/Qwen2.5-Omni-7B,665d521b-55ea-43af-a5a1-04cf4d2a5d6b,unseen-genus-sci,What is the scientific name for the focal species in the audio?,Pachycare flavogriseum,The scientific name for the focal species is Psittacula krameri.,the scientific name for the focal species is psittacula krameri,pachycare flavogriseum,false,1
Qwen/Qwen2.5-Omni-7B,17eefc71-c3e3-4483-a048-5caea746a572,unseen-family-sci,What is the scientific name for the focal species in the audio?,Alytes obstetricans,The scientific name for the owl is Strix aluco.,the scientific name for the owl is strix aluco,alytes obstetricans,false,1
Qwen/Qwen2.5-Omni-7B,64a8e592-8967-49c5-9fe2-f1ee0c63b1e3,unseen-species-cmn,What is the common name for the focal species in the audio?,Madagascar Sandgrouse,The common name for the focal species is the American bullfrog.,the common name for the focal species is the american bullfrog,madagascar sandgrouse,false,1
Qwen/Qwen2.5-Omni-7B,f7944f3f-6f53-45ca-a03e-76c0c3f23065,unseen-family-cmn,What is the common name for the focal species in the audio?,Spotted Elachura,The common name for the focal species is cricket.,the common name for the focal species is cricket,spotted elachura,false,1
Qwen/Qwen2.5-Omni-7B,aecd4535-ebef-438d-811b-1ffb7be5c22e,watkins,What is the common name for the focal species in the audio?,Walrus,The common name for the focal species in the audio is the American woodcock.,the common name for the focal species in the audio is the american woodcock,walrus,false,1
Qwen/Qwen2.5-Omni-7B,205c4e30-4269-44c0-a871-5c12b0f0802f,unseen-species-cmn,What is the common name for the focal species in the audio?,Moustached Woodcreeper,The common name for the focal species is the American Robin.,the common name for the focal species is the american robin,moustached woodcreeper,false,1
Qwen/Qwen2.5-Omni-7B,015d7e62-b7de-47e5-8a06-9ccc5feaa410,unseen-genus-sci,What is the scientific name for the focal species in the audio?,Vini australis,The scientific name for the focal species is Psittacula krameri.,the scientific name for the focal species is psittacula krameri,vini australis,false,1
Qwen/Qwen2.5-Omni-7B,5fec4702-7b61-4a0e-9cc3-ec92ccd76a8f,unseen-family-tax,What is the taxonomic name of the focal species in the audio?,Chordata Aves Passeriformes Calyptophilidae Calyptophilus frugivorus,The taxonomic name of the focal species is Notiophis taylori.,the taxonomic name of the focal species is notiophis taylori,chordata aves passeriformes calyptophilidae calyptophilus frugivorus,false,1
Qwen/Qwen2.5-Omni-7B,221eb11f-6302-4d07-ae2e-b400a7d9389c,unseen-family-cmn,What is the common name for the focal species in the audio?,Paddy Field Frog,The common name for the focal species is 'frog'.,the common name for the focal species is frog,paddy field frog,false,1
Qwen/Qwen2.5-Omni-7B,df03a0d1-24bb-4f7f-81a8-c4fe0cda7496,watkins,What is the common name for the focal species in the audio?,Narwhal,The common name for the focal species in the audio is the Common Poorwill.,the common name for the focal species in the audio is the common poorwill,narwhal,false,1
Qwen/Qwen2.5-Omni-7B,a7d465f6-efa0-44af-8ae6-b6a3aecc10b3,watkins,What is the common name for the focal species in the audio?,Atlantic Spotted Dolphin,The common name for the focal species is the Common Nighthawk.,the common name for the focal species is the common nighthawk,atlantic spotted dolphin,false,1
Qwen/Qwen2.5-Omni-7B,ae3b2a93-da8b-4074-b155-c29373bcce8d,unseen-family-cmn,What is the common name for the focal species in the audio?,Spotted Elachura,The common name for the focal species in the audio is cricket.,the common name for the focal species in the audio is cricket,spotted elachura,false,1
Qwen/Qwen2.5-Omni-7B,4cef0ec0-a225-43f5-8eb7-f04dec006c5f,unseen-family-sci,What is the scientific name for the focal species in the audio?,Elachura formosa,The scientific name for the focal species is Psittacula krameri.,the scientific name for the focal species is psittacula krameri,elachura formosa,false,1
Qwen/Qwen2.5-Omni-7B,d6491ef4-0c29-4f6c-a0ca-8256ad522bfb,unseen-family-sci,What is the scientific name for the focal species in the audio?,Fejervarya limnocharis,The scientific name for the focal species is Scinax ruber.,the scientific name for the focal species is scinax ruber,fejervarya limnocharis,false,1
Qwen/Qwen2.5-Omni-7B,2a8af63c-a534-46c1-8af3-b50ff4010999,watkins,What is the common name for the focal species in the audio?,Atlantic Spotted Dolphin,The common name for the focal species in the audio is the Common Poorwill.,the common name for the focal species in the audio is the common poorwill,atlantic spotted dolphin,false,1
Qwen/Qwen2.5-Omni-7B,5fcb632d-0e30-4620-b206-ee497b819f4f,unseen-family-sci,What is the scientific name for the focal species in the audio?,Phocoena phocoena,The scientific name for the focal species is Tadorna ferruginea.,the scientific name for the focal species is tadorna ferruginea,phocoena phocoena,false,1
Qwen/Qwen2.5-Omni-7B,bc1da16e-3cf2-403c-9c38-b424e3179079,unseen-family-tax,What is the taxonomic name of the focal species in the audio?,Chordata Aves Passeriformes Elachuridae Elachura formosa,The taxonomic name of the focal species is Oecanthus pellucens.,the taxonomic name of the focal species is oecanthus pellucens,chordata aves passeriformes elachuridae elachura formosa,false,1
Qwen/Qwen2.5-Omni-7B,92277e7c-c141-4c7d-851c-ddf894b1a856,unseen-family-tax,What is the taxonomic name of the focal species in the audio?,Chordata Amphibia Anura Alytidae Alytes obstetricans,The taxonomic name of the focal species is Notiophis taylori.,the taxonomic name of the focal species is notiophis taylori,chordata amphibia anura alytidae alytes obstetricans,false,1
Qwen/Qwen2.5-Omni-7B,80507a69-091b-4ca3-a8cd-151cba9f58ef,watkins,What is the common name for the focal species in the audio?,Atlantic Spotted Dolphin,The common name for the focal species in the audio is the Common Nighthawk.,the common name for the focal species in the audio is the common nighthawk,atlantic spotted dolphin,false,1
Qwen/Qwen2.5-Omni-7B,23f6ecc8-feee-4dbc-b7ac-4e73903f653d,unseen-family-cmn,What is the common name for the focal species in the audio?,Dall's Porpoise,The common name for the focal species in the audio is cricket.,the common name for the focal species in the audio is cricket,dall s porpoise,false,1
Qwen/Qwen2.5-Omni-7B,9e2b6bbb-1074-4d6b-a35f-4bbda1a8a761,unseen-family-cmn,What is the common name for the focal species in the audio?,Dall's Porpoise,The common name for the focal species in the audio is the American Robin.,the common name for the focal species in the audio is the american robin,dall s porpoise,false,1
Qwen/Qwen2.5-Omni-7B,17b21067-f829-4d67-b1f7-89135b1b974c,unseen-family-cmn,What is the common name for the focal species in the audio?,Harbor Porpoise,The common name for the focal species in the audio is the American crocodile.,the common name for the focal species in the audio is the american crocodile,harbor porpoise,false,1
Qwen/Qwen2.5-Omni-7B,dbd6efc6-449e-4650-be51-14acb803e25d,unseen-family-tax,What is the taxonomic name of the focal species in the audio?,Chordata Mammalia Artiodactyla Suidae Hylochoerus meinertzhageni,The taxonomic name of the focal species is Canis lupus.,the taxonomic name of the focal species is canis lupus,chordata mammalia artiodactyla suidae hylochoerus meinertzhageni,false,1
Qwen/Qwen2.5-Omni-7B,7d3c7739-83bd-4992-a9e1-e08f02af38a9,unseen-family-cmn,What is the common name for the focal species in the audio?,Dall's Porpoise,The common name for the focal species in the audio is the American Robin.,the common name for the focal species in the audio is the american robin,dall s porpoise,false,1
Qwen/Qwen2.5-Omni-7B,0b45f2da-f7ab-4803-b8be-ba650748d6e1,unseen-family-sci,What is the scientific name for the focal species in the audio?,Phocoena phocoena,The scientific name for the focal species is Bubo scandiacus.,the scientific name for the focal species is bubo scandiacus,phocoena phocoena,false,1
Qwen/Qwen2.5-Omni-7B,3f10fe83-ee1d-4fa2-8d21-256eff059600,unseen-family-sci,What is the scientific name for the focal species in the audio?,Sus scrofa,Canis lupus,canis lupus,sus scrofa,false,1
Qwen/Qwen2.5-Omni-7B,d77f3a35-a7d7-435c-a9d2-374a4c0419e0,unseen-family-sci,What is the scientific name for the focal species in the audio?,Phocoenoides dalli,The scientific name for the focal species in the audio is Ctenophorus caudicorsinatus.,the scientific name for the focal species in the audio is ctenophorus caudicorsinatus,phocoenoides dalli,false,1
Qwen/Qwen2.5-Omni-7B,c4ca17dc-d38d-4071-bebf-782ed56b8c04,unseen-family-sci,What is the scientific name for the focal species in the audio?,Sus barbatus,The scientific name for the focal species in the audio is Sus scrofa.,the scientific name for the focal species in the audio is sus scrofa,sus barbatus,false,1
Qwen/Qwen2.5-Omni-7B,ccf4ff07-830b-4174-8d85-15586c0dd7ce,unseen-family-cmn,What is the common name for the focal species in the audio?,Crowned bullfrog,The common name for the focal species is the American bullfrog.,the common name for the focal species is the american bullfrog,crowned bullfrog,false,1
Qwen/Qwen2.5-Omni-7B,976681e7-b2e3-4636-8609-5bed740ce43f,unseen-family-cmn,What is the common name for the focal species in the audio?,East Asian Bullfrog,The common name for the focal species is the American bullfrog.,the common name for the focal species is the american bullfrog,east asian bullfrog,false,1
Qwen/Qwen2.5-Omni-7B,a1410b52-aa34-4f3d-bd24-b4233963bc66,unseen-family-cmn,What is the common name for the focal species in the audio?,Dall's Porpoise,The common name for the focal species in the audio is 'bird'.,the common name for the focal species in the audio is bird,dall s porpoise,false,1
Qwen/Qwen2.5-Omni-7B,d27bcaa4-a52d-4496-93d2-8fa4572f4027,unseen-family-sci,What is the scientific name for the focal species in the audio?,Cyphoderris monstrosa,The scientific name for the focal species is Sceliphron caementator.,the scientific name for the focal species is sceliphron caementator,cyphoderris monstrosa,false,1
Qwen/Qwen2.5-Omni-7B,86f182f0-4714-4b67-85b2-8aa5d2fd208c,unseen-family-sci,What is the scientific name for the focal species in the audio?,Sus scrofa,The scientific name for the focal species in the audio is Bubo scandiacus.,the scientific name for the focal species in the audio is bubo scandiacus,sus scrofa,false,1
Qwen/Qwen2.5-Omni-7B,341d3e04-cd89-4e3c-9d01-2b63261c08f3,unseen-family-sci,What is the scientific name for the focal species in the audio?,Alytes obstetricans,The scientific name for the focal species is Turdus philomelos.,the scientific name for the focal species is turdus philomelos,alytes obstetricans,false,1
Qwen/Qwen2.5-Omni-7B,b2b7a288-31a2-432d-a904-86602bd8e639,unseen-family-cmn,What is the common name for the focal species in the audio?,Harbor Porpoise,The common name for the focal species in the audio is 'House Sparrow'.,the common name for the focal species in the audio is house sparrow,harbor porpoise,false,1
Qwen/Qwen2.5-Omni-7B,b18a602a-05bf-4b42-9365-4f25913f20f8,unseen-family-sci,What is the scientific name for the focal species in the audio?,Alytes obstetricans,The scientific name for the focal species is Rana temporaria.,the scientific name for the focal species is rana temporaria,alytes obstetricans,false,1
Qwen/Qwen2.5-Omni-7B,9707254e-ca96-4994-86ff-a004a220c0c1,unseen-family-sci,What is the scientific name for the focal species in the audio?,Alytes obstetricans,The scientific name for the owl is Strix aluco.,the scientific name for the owl is strix aluco,alytes obstetricans,false,1
Qwen/Qwen2.5-Omni-7B,0508bde2-0c92-4353-8123-028a65dde167,unseen-family-sci,What is the scientific name for the focal species in the audio?,Elachura formosa,The scientific name for the focal species is Psittacula krameri.,the scientific name for the focal species is psittacula krameri,elachura formosa,false,1
Qwen/Qwen2.5-Omni-7B,a7504a95-6fbe-43a9-a747-1d1c1f8158fd,unseen-family-cmn,What is the common name for the focal species in the audio?,Lesser Spiny Frog,The common name for the focal species is the Yellow-bellied Marmot.,the common name for the focal species is the yellow bellied marmot,lesser spiny frog,false,1
Qwen/Qwen2.5-Omni-7B,bdb5c4ff-988b-4fe2-84dd-bb4c912b68e9,unseen-family-cmn,What is the common name for the focal species in the audio?,Dall's Porpoise,The common name for the focal species in the audio is the American Robin.,the common name for the focal species in the audio is the american robin,dall s porpoise,false,1
Qwen/Qwen2.5-Omni-7B,94b571c1-e5f3-45c3-ac88-072079e4f9d2,unseen-family-cmn,What is the common name for the focal species in the audio?,Dall's Porpoise,The common name for the focal species in the audio is 'Horse'.,the common name for the focal species in the audio is horse,dall s porpoise,false,1
Qwen/Qwen2.5-Omni-7B,2868bd28-7a37-421a-bb84-f8d808ce96c2,watkins,What is the common name for the focal species in the audio?,"Beluga, White Whale",The common name for the focal species in the audio is a cat.,the common name for the focal species in the audio is a cat,beluga white whale,false,1
Qwen/Qwen2.5-Omni-7B,5c6034d2-5d3d-4990-aa86-a2de1dd35ba2,watkins,What is the common name for the focal species in the audio?,Bearded Seal,The common name for the focal species in the audio is a police car.,the common name for the focal species in the audio is a police car,bearded seal,false,1
Qwen/Qwen2.5-Omni-7B,82422f0b-45f9-4822-8381-58593183f07b,unseen-family-sci,What is the scientific name for the focal species in the audio?,Hylochoerus meinertzhageni,The scientific name for the focal species is Anas platyrhynchos.,the scientific name for the focal species is anas platyrhynchos,hylochoerus meinertzhageni,false,1
Qwen/Qwen2.5-Omni-7B,a95a2282-4051-4a69-a28d-e38d848d92cc,watkins,What is the common name for the focal species in the audio?,Northern Right Whale,The common name for the focal species in the audio is a whale.,the common name for the focal species in the audio is a whale,northern right whale,false,1
Qwen/Qwen2.5-Omni-7B,00a677f3-7331-4e65-87b8-bbddc2f31d8d,unseen-family-cmn,What is the common name for the focal species in the audio?,Dall's Porpoise,The common name for the focal species in the audio is 'Horse'.,the common name for the focal species in the audio is horse,dall s porpoise,false,1
Qwen/Qwen2.5-Omni-7B,d55e62bb-2f12-4d49-8248-533e84242ca6,unseen-family-sci,What is the scientific name for the focal species in the audio?,Babyrousa babyrussa,The scientific name for the focal species in the audio is Sturnus vulgaris.,the scientific name for the focal species in the audio is sturnus vulgaris,babyrousa babyrussa,false,1
Qwen/Qwen2.5-Omni-7B,623269a4-d183-49ad-a2b3-93833a24f8f9,watkins,What is the common name for the focal species in the audio?,Humpback Whale,The common name for the focal species in the audio is a cat.,the common name for the focal species in the audio is a cat,humpback whale,false,1
Qwen/Qwen2.5-Omni-7B,ddb2ca2e-7c7f-4702-85fa-fdcf4e54fd39,watkins,What is the common name for the focal species in the audio?,Striped Dolphin,The focal species in the audio is commonly known as a dolphin.,the focal species in the audio is commonly known as a dolphin,striped dolphin,false,1
Qwen/Qwen2.5-Omni-7B,2f1d9463-c0b5-4c61-b53c-34a8bfd1cbe4,watkins,What is the common name for the focal species in the audio?,Short-Finned Pacific Pilot Whale,The common name for the focal species in the audio is the European robin.,the common name for the focal species in the audio is the european robin,short finned pacific pilot whale,false,1
Qwen/Qwen2.5-Omni-7B,cf40f4c5-950a-402d-9606-f6e9b9905ebd,unseen-family-sci,What is the scientific name for the focal species in the audio?,Elachura formosa,The scientific name for the focal species is Hyla versicolor.,the scientific name for the focal species is hyla versicolor,elachura formosa,false,1
Qwen/Qwen2.5-Omni-7B,d7b63b48-64db-4076-abfc-e39932de5371,unseen-family-sci,What is the scientific name for the focal species in the audio?,Minervarya rufescens,The scientific name for the focal species is Anas platyrhynchos.,the scientific name for the focal species is anas platyrhynchos,minervarya rufescens,false,1
Qwen/Qwen2.5-Omni-7B,a896e069-e49a-4019-9474-c42c33c330c2,watkins,What is the common name for the focal species in the audio?,Striped Dolphin,The common name for the focal species in the audio is the American toad.,the common name for the focal species in the audio is the american toad,striped dolphin,false,1
Qwen/Qwen2.5-Omni-7B,ba6f6fea-ec4a-4429-87fa-f72967629a5a,watkins,What is the common name for the focal species in the audio?,Short-Finned Pacific Pilot Whale,The common name for the focal species is the Yellow-rilled Warbler.,the common name for the focal species is the yellow rilled warbler,short finned pacific pilot whale,false,1
Qwen/Qwen2.5-Omni-7B,edd7c138-0656-43db-aa6e-c45d59df7ec7,watkins,What is the common name for the focal species in the audio?,White-beaked Dolphin,The common name for the focal species is the American Robin.,the common name for the focal species is the american robin,white beaked dolphin,false,1
Qwen/Qwen2.5-Omni-7B,4034d06b-c09c-4f79-a16b-05b3bdf75d74,watkins,What is the common name for the focal species in the audio?,Frasers Dolphin,The common name for the focal species in the audio is horse.,the common name for the focal species in the audio is horse,frasers dolphin,false,1
Qwen/Qwen2.5-Omni-7B,531f6b93-ab2b-40ba-9518-901781139df1,watkins,What is the common name for the focal species in the audio?,Spinner Dolphin,The common name for the focal species is the American Robin.,the common name for the focal species is the american robin,spinner dolphin,false,1
