event_id,condition,target,prediction,correct
test_103,full_0-8k,Rudy,Rudy,true
test_115,full_0-8k,Siggy,Siggy,true
test_118,full_0-8k,Siggy,Siggy,true
test_123,full_0-8k,Siggy,Siggy,true
test_126,full_0-8k,Siggy,Siggy,true
test_129,full_0-8k,Siggy,Siggy,true
test_130,full_0-8k,Siggy,Siggy,true
test_131,full_0-8k,Siggy,Siggy,true
test_136,full_0-8k,Siggy,Siggy,true
test_141,full_0-8k,Siggy,Siggy,true
test_143,full_0-8k,Siggy,Siggy,true
test_147,full_0-8k,Siggy,Siggy,true
test_155,full_0-8k,Siggy,Siggy,true
test_16,full_0-8k,Mac,Mac,true
test_170,full_0-8k,Siggy,Siggy,true
test_172,full_0-8k,Siggy,Rudy,false
test_18,full_0-8k,Mac,Mac,true
test_181,full_0-8k,Louie,Louie,true
test_182,full_0-8k,Louie,Louie,true
test_184,full_0-8k,Louie,Louie,true
test_188,full_0-8k,Louie,Louie,true
test_19,full_0-8k,Mac,Mac,true
test_190,full_0-8k,Louie,Louie,true
test_20,full_0-8k,Mac,Mac,true
test_209,full_0-8k,Louie,Mac,false
test_210,full_0-8k,Louie,Louie,true
test_213,full_0-8k,Zoe,Zoe,true
test_216,full_0-8k,Zoe,Zoe,true
test_220,full_0-8k,Zoe,Zoe,true
test_229,full_0-8k,Zoe,Zoe,true
test_230,full_0-8k,Zoe,Zoe,true
test_237,full_0-8k,Zoe,Zoe,true
test_238,full_0-8k,Zoe,Zoe,true
test_241,full_0-8k,Zoe,Zoe,true
test_246,full_0-8k,Zoe,Zoe,true
test_248,full_0-8k,Zoe,Zoe,true
test_255,full_0-8k,Zoe,Zoe,true
test_270,full_0-8k,Zoe,Zoe,true
test_272,full_0-8k,Zoe,Zoe,true
test_275,full_0-8k,Zoe,Zoe,true
test_284,full_0-8k,Zoe,Zoe,true
test_289,full_0-8k,Roodie,Roodie,true
test_290,full_0-8k,Roodie,Roodie,true
test_299,full_0-8k,Roodie,Roodie,true
test_300,full_0-8k,Roodie,Roodie,true
test_301,full_0-8k,Roodie,Roodie,true
test_304,full_0-8k,Roodie,Roodie,true
test_307,full_0-8k,Roodie,Roodie,true
test_314,full_0-8k,Roodie,Roodie,true
test_316,full_0-8k,Roodie,Roodie,true
test_32,full_0-8k,Mac,Mac,true
test_320,full_0-8k,Roodie,Roodie,true
test_33,full_0-8k,Mac,Mac,true
test_336,full_0-8k,Roodie,Roodie,true
test_337,full_0-8k,Roodie,Roodie,true
test_342,full_0-8k,Roodie,Roodie,true
test_344,full_0-8k,Roodie,Roodie,true
test_349,full_0-8k,Roodie,Roodie,true
test_350,full_0-8k,Roodie,Roodie,true
test_354,full_0-8k,Roodie,Roodie,true
test_370,full_0-8k,Roodie,Roodie,true
test_378,full_0-8k,Roodie,Roodie,true
test_381,full_0-8k,Roodie,Roodie,true
test_387,full_0-8k,Roodie,Roodie,true
test_392,full_0-8k,Roodie,Roodie,true
test_40,full_0-8k,Mac,Mac,true
test_401,full_0-8k,Roodie,Roodie,true
test_410,full_0-8k,Roodie,Roodie,true
test_417,full_0-8k,Roodie,Roodie,true
test_419,full_0-8k,Roodie,Roodie,true
test_420,full_0-8k,Roodie,Roodie,true
test_427,full_0-8k,Roodie,Roodie,true
test_428,full_0-8k,Roodie,Roodie,true
test_431,full_0-8k,Roodie,Roodie,true
test_444,full_0-8k,Farley,Farley,true
test_447,full_0-8k,Farley,Farley,true
test_451,full_0-8k,Farley,Farley,true
test_455,full_0-8k,Farley,Farley,true
test_475,full_0-8k,Farley,Luke,false
test_476,full_0-8k,Farley,Farley,true
test_477,full_0-8k,Farley,Farley,true
test_482,full_0-8k,Farley,Farley,true
test_485,full_0-8k,Farley,Farley,true
test_488,full_0-8k,Farley,Farley,true
test_489,full_0-8k,Keri,Keri,true
test_493,full_0-8k,Keri,Siggy,false
test_497,full_0-8k,Keri,Keri,true
test_500,full_0-8k,Keri,Keri,true
test_512,full_0-8k,Keri,Keri,true
test_516,full_0-8k,Keri,Roodie,false
test_524,full_0-8k,Keri,Keri,true
test_528,full_0-8k,Keri,Keri,true
test_53,full_0-8k,Mac,Mac,true
test_532,full_0-8k,Freid,Freid,true
test_534,full_0-8k,Freid,Freid,true
test_537,full_0-8k,Freid,Freid,true
test_542,full_0-8k,Freid,Freid,true
test_544,full_0-8k,Freid,Freid,true
test_550,full_0-8k,Freid,Freid,true
test_558,full_0-8k,Freid,Luke,false
test_559,full_0-8k,Freid,Freid,true
test_566,full_0-8k,Freid,Freid,true
test_570,full_0-8k,Luke,Luke,true
test_571,full_0-8k,Luke,Luke,true
test_578,full_0-8k,Luke,Rudy,false
test_58,full_0-8k,Mac,Luke,false
test_581,full_0-8k,Luke,Luke,true
test_586,full_0-8k,Luke,Luke,true
test_593,full_0-8k,Luke,Luke,true
test_596,full_0-8k,Luke,Luke,true
test_6,full_0-8k,Mac,Mac,true
test_60,full_0-8k,Mac,Mac,true
test_601,full_0-8k,Luke,Luke,true
test_608,full_0-8k,Luke,Luke,true
test_62,full_0-8k,Mac,Mac,true
test_622,full_0-8k,Luke,Luke,true
test_623,full_0-8k,Luke,Luke,true
test_624,full_0-8k,Luke,Luke,true
test_625,full_0-8k,Luke,Zoe,false
test_627,full_0-8k,Luke,Luke,true
test_641,full_0-8k,Luke,Luke,true
test_650,full_0-8k,Luke,Luke,true
test_659,full_0-8k,Luke,Luke,true
test_66,full_0-8k,Mac,Mac,true
test_665,full_0-8k,Luke,Rudy,false
test_667,full_0-8k,Luke,Luke,true
test_668,full_0-8k,Luke,Luke,true
test_67,full_0-8k,Mac,Mac,true
test_676,full_0-8k,Luke,Luke,true
test_680,full_0-8k,Luke,Luke,true
test_682,full_0-8k,Luke,Luke,true
test_684,full_0-8k,Luke,Luke,true
test_78,full_0-8k,Mac,Mac,true
test_80,full_0-8k,Mac,Mac,true
test_81,full_0-8k,Mac,Mac,true
test_82,full_0-8k,Mac,Mac,true
test_92,full_0-8k,Rudy,Rudy,true
test_93,full_0-8k,Rudy,Rudy,true
test_94,full_0-8k,Rudy,Rudy,true
test_103,lp_0-1000,Rudy,Roodie,false
test_115,lp_0-1000,Siggy,Siggy,true
test_118,lp_0-1000,Siggy,Siggy,true
test_123,lp_0-1000,Siggy,Siggy,true
test_126,lp_0-1000,Siggy,Siggy,true
test_129,lp_0-1000,Siggy,Roodie,false
test_130,lp_0-1000,Siggy,Siggy,true
test_131,lp_0-1000,Siggy,Roodie,false
test_136,lp_0-1000,Siggy,Siggy,true
test_141,lp_0-1000,Siggy,Roodie,false
test_143,lp_0-1000,Siggy,Roodie,false
test_147,lp_0-1000,Siggy,Siggy,true
test_155,lp_0-1000,Siggy,Roodie,false
test_16,lp_0-1000,Mac,Siggy,false
test_170,lp_0-1000,Siggy,Siggy,true
test_172,lp_0-1000,Siggy,Siggy,true
test_18,lp_0-1000,Mac,Roodie,false
test_181,lp_0-1000,Louie,Roodie,false
test_182,lp_0-1000,Louie,Roodie,false
test_184,lp_0-1000,Louie,Louie,true
test_188,lp_0-1000,Louie,Roodie,false
test_19,lp_0-1000,Mac,Roodie,false
test_190,lp_0-1000,Louie,Roodie,false
test_20,lp_0-1000,Mac,Roodie,false
test_209,lp_0-1000,Louie,Roodie,false
test_210,lp_0-1000,Louie,Roodie,false
test_213,lp_0-1000,Zoe,Roodie,false
test_216,lp_0-1000,Zoe,Roodie,false
test_220,lp_0-1000,Zoe,Zoe,true
test_229,lp_0-1000,Zoe,Roodie,false
test_230,lp_0-1000,Zoe,Roodie,false
test_237,lp_0-1000,Zoe,Roodie,false
test_238,lp_0-1000,Zoe,Roodie,false
test_241,lp_0-1000,Zoe,Roodie,false
test_246,lp_0-1000,Zoe,Zoe,true
test_248,lp_0-1000,Zoe,Roodie,false
test_255,lp_0-1000,Zoe,Roodie,false
test_270,lp_0-1000,Zoe,Zoe,true
test_272,lp_0-1000,Zoe,Roodie,false
test_275,lp_0-1000,Zoe,Zoe,true
test_284,lp_0-1000,Zoe,Zoe,true
test_289,lp_0-1000,Roodie,Roodie,true
test_290,lp_0-1000,Roodie,Roodie,true
test_299,lp_0-1000,Roodie,Roodie,true
test_300,lp_0-1000,Roodie,Roodie,true
test_301,lp_0-1000,Roodie,Roodie,true
test_304,lp_0-1000,Roodie,Roodie,true
test_307,lp_0-1000,Roodie,Roodie,true
test_314,lp_0-1000,Roodie,Zoe,false
test_316,lp_0-1000,Roodie,Roodie,true
test_32,lp_0-1000,Mac,Roodie,false
test_320,lp_0-1000,Roodie,Roodie,true
test_33,lp_0-1000,Mac,Roodie,false
test_336,lp_0-1000,Roodie,Roodie,true
test_337,lp_0-1000,Roodie,Roodie,true
test_342,lp_0-1000,Roodie,Roodie,true
test_344,lp_0-1000,Roodie,Roodie,true
test_349,lp_0-1000,Roodie,Roodie,true
test_350,lp_0-1000,Roodie,Roodie,true
test_354,lp_0-1000,Roodie,Roodie,true
test_370,lp_0-1000,Roodie,Roodie,true
test_378,lp_0-1000,Roodie,Roodie,true
test_381,lp_0-1000,Roodie,Roodie,true
test_387,lp_0-1000,Roodie,Roodie,true
test_392,lp_0-1000,Roodie,Roodie,true
test_40,lp_0-1000,Mac,Roodie,false
test_401,lp_0-1000,Roodie,Roodie,true
test_410,lp_0-1000,Roodie,Roodie,true
test_417,lp_0-1000,Roodie,Roodie,true
test_419,lp_0-1000,Roodie,Roodie,true
test_420,lp_0-1000,Roodie,Roodie,true
test_427,lp_0-1000,Roodie,Roodie,true
test_428,lp_0-1000,Roodie,Roodie,true
test_431,lp_0-1000,Roodie,Roodie,true
test_444,lp_0-1000,Farley,Siggy,false
test_447,lp_0-1000,Farley,Roodie,false
test_451,lp_0-1000,Farley,Roodie,false
test_455,lp_0-1000,Farley,Roodie,false
test_475,lp_0-1000,Farley,Roodie,false
test_476,lp_0-1000,Farley,Roodie,false
test_477,lp_0-1000,Farley,Siggy,false
test_482,lp_0-1000,Farley,Siggy,false
test_485,lp_0-1000,Farley,Roodie,false
test_488,lp_0-1000,Farley,Siggy,false
test_489,lp_0-1000,Keri,Roodie,false
test_493,lp_0-1000,Keri,Siggy,false
test_497,lp_0-1000,Keri,Roodie,false
test_500,lp_0-1000,Keri,Siggy,false
test_512,lp_0-1000,Keri,Roodie,false
test_516,lp_0-1000,Keri,Roodie,false
test_524,lp_0-1000,Keri,Luke,false
test_528,lp_0-1000,Keri,Roodie,false
test_53,lp_0-1000,Mac,Roodie,false
test_532,lp_0-1000,Freid,Roodie,false
test_534,lp_0-1000,Freid,Roodie,false
test_537,lp_0-1000,Freid,Roodie,false
test_542,lp_0-1000,Freid,Freid,true
test_544,lp_0-1000,Freid,Siggy,false
test_550,lp_0-1000,Freid,Roodie,false
test_558,lp_0-1000,Freid,Roodie,false
test_559,lp_0-1000,Freid,Zoe,false
test_566,lp_0-1000,Freid,Freid,true
test_570,lp_0-1000,Luke,Luke,true
test_571,lp_0-1000,Luke,Roodie,false
test_578,lp_0-1000,Luke,Roodie,false
test_58,lp_0-1000,Mac,Roodie,false
test_581,lp_0-1000,Luke,Roodie,false
test_586,lp_0-1000,Luke,Roodie,false
test_593,lp_0-1000,Luke,Roodie,false
test_596,lp_0-1000,Luke,Luke,true
test_6,lp_0-1000,Mac,Siggy,false
test_60,lp_0-1000,Mac,Roodie,false
test_601,lp_0-1000,Luke,Roodie,false
test_608,lp_0-1000,Luke,Roodie,false
test_62,lp_0-1000,Mac,Roodie,false
test_622,lp_0-1000,Luke,Roodie,false
test_623,lp_0-1000,Luke,Roodie,false
test_624,lp_0-1000,Luke,Luke,true
test_625,lp_0-1000,Luke,Roodie,false
test_627,lp_0-1000,Luke,Roodie,false
test_641,lp_0-1000,Luke,Luke,true
test_650,lp_0-1000,Luke,Roodie,false
test_659,lp_0-1000,Luke,Roodie,false
test_66,lp_0-1000,Mac,Roodie,false
test_665,lp_0-1000,Luke,Siggy,false
test_667,lp_0-1000,Luke,Roodie,false
test_668,lp_0-1000,Luke,Luke,true
test_67,lp_0-1000,Mac,Siggy,false
test_676,lp_0-1000,Luke,Roodie,false
test_680,lp_0-1000,Luke,Luke,true
test_682,lp_0-1000,Luke,Luke,true
test_684,lp_0-1000,Luke,Luke,true
test_78,lp_0-1000,Mac,Mac,true
test_80,lp_0-1000,Mac,Siggy,false
test_81,lp_0-1000,Mac,Roodie,false
test_82,lp_0-1000,Mac,Siggy,false
test_92,lp_0-1000,Rudy,Siggy,false
test_93,lp_0-1000,Rudy,Siggy,false
test_94,lp_0-1000,Rudy,Rudy,true
test_103,lp_0-2000,Rudy,Roodie,false
test_115,lp_0-2000,Siggy,Siggy,true
test_118,lp_0-2000,Siggy,Siggy,true
test_123,lp_0-2000,Siggy,Siggy,true
test_126,lp_0-2000,Siggy,Siggy,true
test_129,lp_0-2000,Siggy,Roodie,false
test_130,lp_0-2000,Siggy,Siggy,true
test_131,lp_0-2000,Siggy,Roodie,false
test_136,lp_0-2000,Siggy,Roodie,false
test_141,lp_0-2000,Siggy,Roodie,false
test_143,lp_0-2000,Siggy,Roodie,false
test_147,lp_0-2000,Siggy,Roodie,false
test_155,lp_0-2000,Siggy,Roodie,false
test_16,lp_0-2000,Mac,Roodie,false
test_170,lp_0-2000,Siggy,Siggy,true
test_172,lp_0-2000,Siggy,Siggy,true
test_18,lp_0-2000,Mac,Siggy,false
test_181,lp_0-2000,Louie,Louie,true
test_182,lp_0-2000,Louie,Roodie,false
test_184,lp_0-2000,Louie,Louie,true
test_188,lp_0-2000,Louie,Roodie,false
test_19,lp_0-2000,Mac,Roodie,false
test_190,lp_0-2000,Louie,Louie,true
test_20,lp_0-2000,Mac,Roodie,false
test_209,lp_0-2000,Louie,Louie,true
test_210,lp_0-2000,Louie,Louie,true
test_213,lp_0-2000,Zoe,Zoe,true
test_216,lp_0-2000,Zoe,Zoe,true
test_220,lp_0-2000,Zoe,Zoe,true
test_229,lp_0-2000,Zoe,Zoe,true
test_230,lp_0-2000,Zoe,Zoe,true
test_237,lp_0-2000,Zoe,Zoe,true
test_238,lp_0-2000,Zoe,Roodie,false
test_241,lp_0-2000,Zoe,Zoe,true
test_246,lp_0-2000,Zoe,Zoe,true
test_248,lp_0-2000,Zoe,Zoe,true
test_255,lp_0-2000,Zoe,Zoe,true
test_270,lp_0-2000,Zoe,Zoe,true
test_272,lp_0-2000,Zoe,Zoe,true
test_275,lp_0-2000,Zoe,Roodie,false
test_284,lp_0-2000,Zoe,Zoe,true
test_289,lp_0-2000,Roodie,Roodie,true
test_290,lp_0-2000,Roodie,Roodie,true
test_299,lp_0-2000,Roodie,Roodie,true
test_300,lp_0-2000,Roodie,Roodie,true
test_301,lp_0-2000,Roodie,Roodie,true
test_304,lp_0-2000,Roodie,Roodie,true
test_307,lp_0-2000,Roodie,Roodie,true
test_314,lp_0-2000,Roodie,Zoe,false
test_316,lp_0-2000,Roodie,Roodie,true
test_32,lp_0-2000,Mac,Roodie,false
test_320,lp_0-2000,Roodie,Roodie,true
test_33,lp_0-2000,Mac,Roodie,false
test_336,lp_0-2000,Roodie,Roodie,true
test_337,lp_0-2000,Roodie,Roodie,true
test_342,lp_0-2000,Roodie,Roodie,true
test_344,lp_0-2000,Roodie,Roodie,true
test_349,lp_0-2000,Roodie,Roodie,true
test_350,lp_0-2000,Roodie,Roodie,true
test_354,lp_0-2000,Roodie,Roodie,true
test_370,lp_0-2000,Roodie,Roodie,true
test_378,lp_0-2000,Roodie,Roodie,true
test_381,lp_0-2000,Roodie,Roodie,true
test_387,lp_0-2000,Roodie,Roodie,true
test_392,lp_0-2000,Roodie,Roodie,true
test_40,lp_0-2000,Mac,Roodie,false
test_401,lp_0-2000,Roodie,Roodie,true
test_410,lp_0-2000,Roodie,Roodie,true
test_417,lp_0-2000,Roodie,Roodie,true
test_419,lp_0-2000,Roodie,Roodie,true
test_420,lp_0-2000,Roodie,Roodie,true
test_427,lp_0-2000,Roodie,Roodie,true
test_428,lp_0-2000,Roodie,Roodie,true
test_431,lp_0-2000,Roodie,Roodie,true
test_444,lp_0-2000,Farley,Roodie,false
test_447,lp_0-2000,Farley,Roodie,false
test_451,lp_0-2000,Farley,Farley,true
test_455,lp_0-2000,Farley,Roodie,false
test_475,lp_0-2000,Farley,Roodie,false
test_476,lp_0-2000,Farley,Roodie,false
test_477,lp_0-2000,Farley,Roodie,false
test_482,lp_0-2000,Farley,Farley,true
test_485,lp_0-2000,Farley,Roodie,false
test_488,lp_0-2000,Farley,Roodie,false
test_489,lp_0-2000,Keri,Keri,true
test_493,lp_0-2000,Keri,Keri,true
test_497,lp_0-2000,Keri,Keri,true
test_500,lp_0-2000,Keri,Keri,true
test_512,lp_0-2000,Keri,Keri,true
test_516,lp_0-2000,Keri,Roodie,false
test_524,lp_0-2000,Keri,Keri,true
test_528,lp_0-2000,Keri,Roodie,false
test_53,lp_0-2000,Mac,Roodie,false
test_532,lp_0-2000,Freid,Roodie,false
test_534,lp_0-2000,Freid,Roodie,false
test_537,lp_0-2000,Freid,Roodie,false
test_542,lp_0-2000,Freid,Freid,true
test_544,lp_0-2000,Freid,Roodie,false
test_550,lp_0-2000,Freid,Freid,true
test_558,lp_0-2000,Freid,Keri,false
test_559,lp_0-2000,Freid,Freid,true
test_566,lp_0-2000,Freid,Freid,true
test_570,lp_0-2000,Luke,Roodie,false
test_571,lp_0-2000,Luke,Roodie,false
test_578,lp_0-2000,Luke,Keri,false
test_58,lp_0-2000,Mac,Roodie,false
test_581,lp_0-2000,Luke,Roodie,false
test_586,lp_0-2000,Luke,Luke,true
test_593,lp_0-2000,Luke,Roodie,false
test_596,lp_0-2000,Luke,Luke,true
test_6,lp_0-2000,Mac,Roodie,false
test_60,lp_0-2000,Mac,Roodie,false
test_601,lp_0-2000,Luke,Roodie,false
test_608,lp_0-2000,Luke,Luke,true
test_62,lp_0-2000,Mac,Mac,true
test_622,lp_0-2000,Luke,Luke,true
test_623,lp_0-2000,Luke,Roodie,false
test_624,lp_0-2000,Luke,Luke,true
test_625,lp_0-2000,Luke,Zoe,false
test_627,lp_0-2000,Luke,Roodie,false
test_641,lp_0-2000,Luke,Luke,true
test_650,lp_0-2000,Luke,Roodie,false
test_659,lp_0-2000,Luke,Roodie,false
test_66,lp_0-2000,Mac,Roodie,false
test_665,lp_0-2000,Luke,Rudy,false
test_667,lp_0-2000,Luke,Luke,true
test_668,lp_0-2000,Luke,Roodie,false
test_67,lp_0-2000,Mac,Mac,true
test_676,lp_0-2000,Luke,Luke,true
test_680,lp_0-2000,Luke,Luke,true
test_682,lp_0-2000,Luke,Luke,true
test_684,lp_0-2000,Luke,Luke,true
test_78,lp_0-2000,Mac,Mac,true
test_80,lp_0-2000,Mac,Siggy,false
test_81,lp_0-2000,Mac,Roodie,false
test_82,lp_0-2000,Mac,Roodie,false
test_92,lp_0-2000,Rudy,Rudy,true
test_93,lp_0-2000,Rudy,Rudy,true
test_94,lp_0-2000,Rudy,Rudy,true
test_103,lp_0-4000,Rudy,Roodie,false
test_115,lp_0-4000,Siggy,Siggy,true
test_118,lp_0-4000,Siggy,Siggy,true
test_123,lp_0-4000,Siggy,Siggy,true
test_126,lp_0-4000,Siggy,Siggy,true
test_129,lp_0-4000,Siggy,Siggy,true
test_130,lp_0-4000,Siggy,Siggy,true
test_131,lp_0-4000,Siggy,Roodie,false
test_136,lp_0-4000,Siggy,Siggy,true
test_141,lp_0-4000,Siggy,Siggy,true
test_143,lp_0-4000,Siggy,Siggy,true
test_147,lp_0-4000,Siggy,Siggy,true
test_155,lp_0-4000,Siggy,Siggy,true
test_16,lp_0-4000,Mac,Mac,true
test_170,lp_0-4000,Siggy,Siggy,true
test_172,lp_0-4000,Siggy,Rudy,false
test_18,lp_0-4000,Mac,Mac,true
test_181,lp_0-4000,Louie,Louie,true
test_182,lp_0-4000,Louie,Louie,true
test_184,lp_0-4000,Louie,Louie,true
test_188,lp_0-4000,Louie,Louie,true
test_19,lp_0-4000,Mac,Roodie,false
test_190,lp_0-4000,Louie,Louie,true
test_20,lp_0-4000,Mac,Mac,true
test_209,lp_0-4000,Louie,Louie,true
test_210,lp_0-4000,Louie,Louie,true
test_213,lp_0-4000,Zoe,Zoe,true
test_216,lp_0-4000,Zoe,Roodie,false
test_220,lp_0-4000,Zoe,Zoe,true
test_229,lp_0-4000,Zoe,Zoe,true
test_230,lp_0-4000,Zoe,Zoe,true
test_237,lp_0-4000,Zoe,Zoe,true
test_238,lp_0-4000,Zoe,Zoe,true
test_241,lp_0-4000,Zoe,Zoe,true
test_246,lp_0-4000,Zoe,Zoe,true
test_248,lp_0-4000,Zoe,Zoe,true
test_255,lp_0-4000,Zoe,Zoe,true
test_270,lp_0-4000,Zoe,Zoe,true
test_272,lp_0-4000,Zoe,Zoe,true
test_275,lp_0-4000,Zoe,Zoe,true
test_284,lp_0-4000,Zoe,Zoe,true
test_289,lp_0-4000,Roodie,Roodie,true
test_290,lp_0-4000,Roodie,Roodie,true
test_299,lp_0-4000,Roodie,Roodie,true
test_300,lp_0-4000,Roodie,Roodie,true
test_301,lp_0-4000,Roodie,Roodie,true
test_304,lp_0-4000,Roodie,Roodie,true
test_307,lp_0-4000,Roodie,Roodie,true
test_314,lp_0-4000,Roodie,Roodie,true
test_316,lp_0-4000,Roodie,Roodie,true
test_32,lp_0-4000,Mac,Mac,true
test_320,lp_0-4000,Roodie,Roodie,true
test_33,lp_0-4000,Mac,Roodie,false
test_336,lp_0-4000,Roodie,Roodie,true
test_337,lp_0-4000,Roodie,Roodie,true
test_342,lp_0-4000,Roodie,Roodie,true
test_344,lp_0-4000,Roodie,Roodie,true
test_349,lp_0-4000,Roodie,Roodie,true
test_350,lp_0-4000,Roodie,Roodie,true
test_354,lp_0-4000,Roodie,Roodie,true
test_370,lp_0-4000,Roodie,Roodie,true
test_378,lp_0-4000,Roodie,Roodie,true
test_381,lp_0-4000,Roodie,Roodie,true
test_387,lp_0-4000,Roodie,Roodie,true
test_392,lp_0-4000,Roodie,Roodie,true
test_40,lp_0-4000,Mac,Roodie,false
test_401,lp_0-4000,Roodie,Roodie,true
test_410,lp_0-4000,Roodie,Roodie,true
test_417,lp_0-4000,Roodie,Roodie,true
test_419,lp_0-4000,Roodie,Roodie,true
test_420,lp_0-4000,Roodie,Roodie,true
test_427,lp_0-4000,Roodie,Roodie,true
test_428,lp_0-4000,Roodie,Roodie,true
test_431,lp_0-4000,Roodie,Roodie,true
test_444,lp_0-4000,Farley,Roodie,false
test_447,lp_0-4000,Farley,Roodie,false
test_451,lp_0-4000,Farley,Farley,true
test_455,lp_0-4000,Farley,Farley,true
test_475,lp_0-4000,Farley,Luke,false
test_476,lp_0-4000,Farley,Farley,true
test_477,lp_0-4000,Farley,Farley,true
test_482,lp_0-4000,Farley,Farley,true
test_485,lp_0-4000,Farley,Farley,true
test_488,lp_0-4000,Farley,Roodie,false
test_489,lp_0-4000,Keri,Keri,true
test_493,lp_0-4000,Keri,Keri,true
test_497,lp_0-4000,Keri,Keri,true
test_500,lp_0-4000,Keri,Keri,true
test_512,lp_0-4000,Keri,Keri,true
test_516,lp_0-4000,Keri,Roodie,false
test_524,lp_0-4000,Keri,Keri,true
test_528,lp_0-4000,Keri,Keri,true
test_53,lp_0-4000,Mac,Roodie,false
test_532,lp_0-4000,Freid,Freid,true
test_534,lp_0-4000,Freid,Freid,true
test_537,lp_0-4000,Freid,Roodie,false
test_542,lp_0-4000,Freid,Freid,true
test_544,lp_0-4000,Freid,Roodie,false
test_550,lp_0-4000,Freid,Freid,true
test_558,lp_0-4000,Freid,Luke,false
test_559,lp_0-4000,Freid,Freid,true
test_566,lp_0-4000,Freid,Freid,true
test_570,lp_0-4000,Luke,Luke,true
test_571,lp_0-4000,Luke,Luke,true
test_578,lp_0-4000,Luke,Roodie,false
test_58,lp_0-4000,Mac,Roodie,false
test_581,lp_0-4000,Luke,Keri,false
test_586,lp_0-4000,Luke,Luke,true
test_593,lp_0-4000,Luke,Luke,true
test_596,lp_0-4000,Luke,Luke,true
test_6,lp_0-4000,Mac,Roodie,false
test_60,lp_0-4000,Mac,Mac,true
test_601,lp_0-4000,Luke,Zoe,false
test_608,lp_0-4000,Luke,Luke,true
test_62,lp_0-4000,Mac,Mac,true
test_622,lp_0-4000,Luke,Luke,true
test_623,lp_0-4000,Luke,Luke,true
test_624,lp_0-4000,Luke,Luke,true
test_625,lp_0-4000,Luke,Roodie,false
test_627,lp_0-4000,Luke,Luke,true
test_641,lp_0-4000,Luke,Luke,true
test_650,lp_0-4000,Luke,Luke,true
test_659,lp_0-4000,Luke,Luke,true
test_66,lp_0-4000,Mac,Mac,true
test_665,lp_0-4000,Luke,Rudy,false
test_667,lp_0-4000,Luke,Luke,true
test_668,lp_0-4000,Luke,Luke,true
test_67,lp_0-4000,Mac,Mac,true
test_676,lp_0-4000,Luke,Luke,true
test_680,lp_0-4000,Luke,Luke,true
test_682,lp_0-4000,Luke,Luke,true
test_684,lp_0-4000,Luke,Luke,true
test_78,lp_0-4000,Mac,Mac,true
test_80,lp_0-4000,Mac,Freid,false
test_81,lp_0-4000,Mac,Roodie,false
test_82,lp_0-4000,Mac,Roodie,false
test_92,lp_0-4000,Rudy,Rudy,true
test_93,lp_0-4000,Rudy,Rudy,true
test_94,lp_0-4000,Rudy,Rudy,true
test_103,lp_0-6000,Rudy,Rudy,true
test_115,lp_0-6000,Siggy,Siggy,true
test_118,lp_0-6000,Siggy,Siggy,true
test_123,lp_0-6000,Siggy,Siggy,true
test_126,lp_0-6000,Siggy,Siggy,true
test_129,lp_0-6000,Siggy,Siggy,true
test_130,lp_0-6000,Siggy,Siggy,true
test_131,lp_0-6000,Siggy,Siggy,true
test_136,lp_0-6000,Siggy,Siggy,true
test_141,lp_0-6000,Siggy,Siggy,true
test_143,lp_0-6000,Siggy,Siggy,true
test_147,lp_0-6000,Siggy,Siggy,true
test_155,lp_0-6000,Siggy,Siggy,true
test_16,lp_0-6000,Mac,Mac,true
test_170,lp_0-6000,Siggy,Siggy,true
test_172,lp_0-6000,Siggy,Rudy,false
test_18,lp_0-6000,Mac,Mac,true
test_181,lp_0-6000,Louie,Louie,true
test_182,lp_0-6000,Louie,Louie,true
test_184,lp_0-6000,Louie,Louie,true
test_188,lp_0-6000,Louie,Louie,true
test_19,lp_0-6000,Mac,Mac,true
test_190,lp_0-6000,Louie,Louie,true
test_20,lp_0-6000,Mac,Mac,true
test_209,lp_0-6000,Louie,Louie,true
test_210,lp_0-6000,Louie,Louie,true
test_213,lp_0-6000,Zoe,Zoe,true
test_216,lp_0-6000,Zoe,Zoe,true
test_220,lp_0-6000,Zoe,Zoe,true
test_229,lp_0-6000,Zoe,Zoe,true
test_230,lp_0-6000,Zoe,Zoe,true
test_237,lp_0-6000,Zoe,Zoe,true
test_238,lp_0-6000,Zoe,Zoe,true
test_241,lp_0-6000,Zoe,Zoe,true
test_246,lp_0-6000,Zoe,Zoe,true
test_248,lp_0-6000,Zoe,Zoe,true
test_255,lp_0-6000,Zoe,Zoe,true
test_270,lp_0-6000,Zoe,Zoe,true
test_272,lp_0-6000,Zoe,Zoe,true
test_275,lp_0-6000,Zoe,Zoe,true
test_284,lp_0-6000,Zoe,Zoe,true
test_289,lp_0-6000,Roodie,Roodie,true
test_290,lp_0-6000,Roodie,Roodie,true
test_299,lp_0-6000,Roodie,Roodie,true
test_300,lp_0-6000,Roodie,Roodie,true
test_301,lp_0-6000,Roodie,Roodie,true
test_304,lp_0-6000,Roodie,Roodie,true
test_307,lp_0-6000,Roodie,Roodie,true
test_314,lp_0-6000,Roodie,Roodie,true
test_316,lp_0-6000,Roodie,Roodie,true
test_32,lp_0-6000,Mac,Mac,true
test_320,lp_0-6000,Roodie,Roodie,true
test_33,lp_0-6000,Mac,Mac,true
test_336,lp_0-6000,Roodie,Roodie,true
test_337,lp_0-6000,Roodie,Roodie,true
test_342,lp_0-6000,Roodie,Roodie,true
test_344,lp_0-6000,Roodie,Roodie,true
test_349,lp_0-6000,Roodie,Roodie,true
test_350,lp_0-6000,Roodie,Roodie,true
test_354,lp_0-6000,Roodie,Roodie,true
test_370,lp_0-6000,Roodie,Roodie,true
test_378,lp_0-6000,Roodie,Roodie,true
test_381,lp_0-6000,Roodie,Roodie,true
test_387,lp_0-6000,Roodie,Roodie,true
test_392,lp_0-6000,Roodie,Roodie,true
test_40,lp_0-6000,Mac,Mac,true
test_401,lp_0-6000,Roodie,Roodie,true
test_410,lp_0-6000,Roodie,Roodie,true
test_417,lp_0-6000,Roodie,Roodie,true
test_419,lp_0-6000,Roodie,Roodie,true
test_420,lp_0-6000,Roodie,Roodie,true
test_427,lp_0-6000,Roodie,Roodie,true
test_428,lp_0-6000,Roodie,Roodie,true
test_431,lp_0-6000,Roodie,Roodie,true
test_444,lp_0-6000,Farley,Farley,true
test_447,lp_0-6000,Farley,Farley,true
test_451,lp_0-6000,Farley,Farley,true
test_455,lp_0-6000,Farley,Farley,true
test_475,lp_0-6000,Farley,Luke,false
test_476,lp_0-6000,Farley,Farley,true
test_477,lp_0-6000,Farley,Farley,true
test_482,lp_0-6000,Farley,Farley,true
test_485,lp_0-6000,Farley,Farley,true
test_488,lp_0-6000,Farley,Mac,false
test_489,lp_0-6000,Keri,Keri,true
test_493,lp_0-6000,Keri,Siggy,false
test_497,lp_0-6000,Keri,Keri,true
test_500,lp_0-6000,Keri,Keri,true
test_512,lp_0-6000,Keri,Keri,true
test_516,lp_0-6000,Keri,Roodie,false
test_524,lp_0-6000,Keri,Keri,true
test_528,lp_0-6000,Keri,Keri,true
test_53,lp_0-6000,Mac,Mac,true
test_532,lp_0-6000,Freid,Freid,true
test_534,lp_0-6000,Freid,Freid,true
test_537,lp_0-6000,Freid,Freid,true
test_542,lp_0-6000,Freid,Freid,true
test_544,lp_0-6000,Freid,Freid,true
test_550,lp_0-6000,Freid,Freid,true
test_558,lp_0-6000,Freid,Luke,false
test_559,lp_0-6000,Freid,Freid,true
test_566,lp_0-6000,Freid,Freid,true
test_570,lp_0-6000,Luke,Luke,true
test_571,lp_0-6000,Luke,Luke,true
test_578,lp_0-6000,Luke,Rudy,false
test_58,lp_0-6000,Mac,Luke,false
test_581,lp_0-6000,Luke,Luke,true
test_586,lp_0-6000,Luke,Luke,true
test_593,lp_0-6000,Luke,Luke,true
test_596,lp_0-6000,Luke,Luke,true
test_6,lp_0-6000,Mac,Mac,true
test_60,lp_0-6000,Mac,Mac,true
test_601,lp_0-6000,Luke,Zoe,false
test_608,lp_0-6000,Luke,Luke,true
test_62,lp_0-6000,Mac,Mac,true
test_622,lp_0-6000,Luke,Luke,true
test_623,lp_0-6000,Luke,Luke,true
test_624,lp_0-6000,Luke,Luke,true
test_625,lp_0-6000,Luke,Zoe,false
test_627,lp_0-6000,Luke,Luke,true
test_641,lp_0-6000,Luke,Luke,true
test_650,lp_0-6000,Luke,Luke,true
test_659,lp_0-6000,Luke,Luke,true
test_66,lp_0-6000,Mac,Mac,true
test_665,lp_0-6000,Luke,Rudy,false
test_667,lp_0-6000,Luke,Luke,true
test_668,lp_0-6000,Luke,Luke,true
test_67,lp_0-6000,Mac,Mac,true
test_676,lp_0-6000,Luke,Luke,true
test_680,lp_0-6000,Luke,Luke,true
test_682,lp_0-6000,Luke,Luke,true
test_684,lp_0-6000,Luke,Luke,true
test_78,lp_0-6000,Mac,Mac,true
test_80,lp_0-6000,Mac,Mac,true
test_81,lp_0-6000,Mac,Mac,true
test_82,lp_0-6000,Mac,Mac,true
test_92,lp_0-6000,Rudy,Rudy,true
test_93,lp_0-6000,Rudy,Rudy,true
test_94,lp_0-6000,Rudy,Rudy,true
test_103,lp_0-8000,Rudy,Rudy,true
test_115,lp_0-8000,Siggy,Siggy,true
test_118,lp_0-8000,Siggy,Siggy,true
test_123,lp_0-8000,Siggy,Siggy,true
test_126,lp_0-8000,Siggy,Siggy,true
test_129,lp_0-8000,Siggy,Siggy,true
test_130,lp_0-8000,Siggy,Siggy,true
test_131,lp_0-8000,Siggy,Siggy,true
test_136,lp_0-8000,Siggy,Siggy,true
test_141,lp_0-8000,Siggy,Siggy,true
test_143,lp_0-8000,Siggy,Siggy,true
test_147,lp_0-8000,Siggy,Siggy,true
test_155,lp_0-8000,Siggy,Siggy,true
test_16,lp_0-8000,Mac,Mac,true
test_170,lp_0-8000,Siggy,Siggy,true
test_172,lp_0-8000,Siggy,Siggy,true
test_18,lp_0-8000,Mac,Mac,true
test_181,lp_0-8000,Louie,Louie,true
test_182,lp_0-8000,Louie,Louie,true
test_184,lp_0-8000,Louie,Louie,true
test_188,lp_0-8000,Louie,Louie,true
test_19,lp_0-8000,Mac,Mac,true
test_190,lp_0-8000,Louie,Louie,true
test_20,lp_0-8000,Mac,Mac,true
test_209,lp_0-8000,Louie,Mac,false
test_210,lp_0-8000,Louie,Louie,true
test_213,lp_0-8000,Zoe,Zoe,true
test_216,lp_0-8000,Zoe,Zoe,true
test_220,lp_0-8000,Zoe,Zoe,true
test_229,lp_0-8000,Zoe,Zoe,true
test_230,lp_0-8000,Zoe,Zoe,true
test_237,lp_0-8000,Zoe,Zoe,true
test_238,lp_0-8000,Zoe,Zoe,true
test_241,lp_0-8000,Zoe,Zoe,true
test_246,lp_0-8000,Zoe,Zoe,true
test_248,lp_0-8000,Zoe,Zoe,true
test_255,lp_0-8000,Zoe,Zoe,true
test_270,lp_0-8000,Zoe,Zoe,true
test_272,lp_0-8000,Zoe,Zoe,true
test_275,lp_0-8000,Zoe,Zoe,true
test_284,lp_0-8000,Zoe,Zoe,true
test_289,lp_0-8000,Roodie,Roodie,true
test_290,lp_0-8000,Roodie,Roodie,true
test_299,lp_0-8000,Roodie,Roodie,true
test_300,lp_0-8000,Roodie,Roodie,true
test_301,lp_0-8000,Roodie,Roodie,true
test_304,lp_0-8000,Roodie,Roodie,true
test_307,lp_0-8000,Roodie,Roodie,true
test_314,lp_0-8000,Roodie,Roodie,true
test_316,lp_0-8000,Roodie,Roodie,true
test_32,lp_0-8000,Mac,Mac,true
test_320,lp_0-8000,Roodie,Roodie,true
test_33,lp_0-8000,Mac,Mac,true
test_336,lp_0-8000,Roodie,Roodie,true
test_337,lp_0-8000,Roodie,Roodie,true
test_342,lp_0-8000,Roodie,Roodie,true
test_344,lp_0-8000,Roodie,Roodie,true
test_349,lp_0-8000,Roodie,Roodie,true
test_350,lp_0-8000,Roodie,Roodie,true
test_354,lp_0-8000,Roodie,Roodie,true
test_370,lp_0-8000,Roodie,Roodie,true
test_378,lp_0-8000,Roodie,Roodie,true
test_381,lp_0-8000,Roodie,Roodie,true
test_387,lp_0-8000,Roodie,Roodie,true
test_392,lp_0-8000,Roodie,Roodie,true
test_40,lp_0-8000,Mac,Mac,true
test_401,lp_0-8000,Roodie,Roodie,true
test_410,lp_0-8000,Roodie,Roodie,true
test_417,lp_0-8000,Roodie,Roodie,true
test_419,lp_0-8000,Roodie,Roodie,true
test_420,lp_0-8000,Roodie,Roodie,true
test_427,lp_0-8000,Roodie,Roodie,true
test_428,lp_0-8000,Roodie,Roodie,true
test_431,lp_0-8000,Roodie,Roodie,true
test_444,lp_0-8000,Farley,Farley,true
test_447,lp_0-8000,Farley,Farley,true
test_451,lp_0-8000,Farley,Farley,true
test_455,lp_0-8000,Farley,Farley,true
test_475,lp_0-8000,Farley,Luke,false
test_476,lp_0-8000,Farley,Farley,true
test_477,lp_0-8000,Farley,Farley,true
test_482,lp_0-8000,Farley,Farley,true
test_485,lp_0-8000,Farley,Farley,true
test_488,lp_0-8000,Farley,Mac,false
test_489,lp_0-8000,Keri,Keri,true
test_493,lp_0-8000,Keri,Siggy,false
test_497,lp_0-8000,Keri,Keri,true
test_500,lp_0-8000,Keri,Keri,true
test_512,lp_0-8000,Keri,Keri,true
test_516,lp_0-8000,Keri,Keri,true
test_524,lp_0-8000,Keri,Keri,true
test_528,lp_0-8000,Keri,Keri,true
test_53,lp_0-8000,Mac,Mac,true
test_532,lp_0-8000,Freid,Freid,true
test_534,lp_0-8000,Freid,Freid,true
test_537,lp_0-8000,Freid,Freid,true
test_542,lp_0-8000,Freid,Freid,true
test_544,lp_0-8000,Freid,Freid,true
test_550,lp_0-8000,Freid,Freid,true
test_558,lp_0-8000,Freid,Luke,false
test_559,lp_0-8000,Freid,Freid,true
test_566,lp_0-8000,Freid,Freid,true
test_570,lp_0-8000,Luke,Luke,true
test_571,lp_0-8000,Luke,Luke,true
test_578,lp_0-8000,Luke,Keri,false
test_58,lp_0-8000,Mac,Luke,false
test_581,lp_0-8000,Luke,Keri,false
test_586,lp_0-8000,Luke,Luke,true
test_593,lp_0-8000,Luke,Luke,true
test_596,lp_0-8000,Luke,Luke,true
test_6,lp_0-8000,Mac,Mac,true
test_60,lp_0-8000,Mac,Mac,true
test_601,lp_0-8000,Luke,Roodie,false
test_608,lp_0-8000,Luke,Luke,true
test_62,lp_0-8000,Mac,Mac,true
test_622,lp_0-8000,Luke,Luke,true
test_623,lp_0-8000,Luke,Luke,true
test_624,lp_0-8000,Luke,Luke,true
test_625,lp_0-8000,Luke,Zoe,false
test_627,lp_0-8000,Luke,Luke,true
test_641,lp_0-8000,Luke,Luke,true
test_650,lp_0-8000,Luke,Luke,true
test_659,lp_0-8000,Luke,Luke,true
test_66,lp_0-8000,Mac,Mac,true
test_665,lp_0-8000,Luke,Rudy,false
test_667,lp_0-8000,Luke,Luke,true
test_668,lp_0-8000,Luke,Luke,true
test_67,lp_0-8000,Mac,Mac,true
test_676,lp_0-8000,Luke,Luke,true
test_680,lp_0-8000,Luke,Luke,true
test_682,lp_0-8000,Luke,Luke,true
test_684,lp_0-8000,Luke,Luke,true
test_78,lp_0-8000,Mac,Mac,true
test_80,lp_0-8000,Mac,Mac,true
test_81,lp_0-8000,Mac,Mac,true
test_82,lp_0-8000,Mac,Mac,true
test_92,lp_0-8000,Rudy,Mac,false
test_93,lp_0-8000,Rudy,Rudy,true
test_94,lp_0-8000,Rudy,Rudy,true
