model_id,event_id,condition,target,raw_prediction,prediction,correct,batch_size
Qwen/Qwen2.5-Omni-7B,131555,full_0-8k,Infant Cry,Tsik,Tsik,false,1
Qwen/Qwen2.5-Omni-7B,162983,full_0-8k,Infant Cry,Seep,Seep,false,1
Qwen/Qwen2.5-Omni-7B,193131,full_0-8k,Infant Cry,Seep,Seep,false,1
Qwen/Qwen2.5-Omni-7B,201275,full_0-8k,Infant Cry,Seep,Seep,false,1
Qwen/Qwen2.5-Omni-7B,213327,full_0-8k,Infant Cry,Seep,Seep,false,1
Qwen/Qwen2.5-Omni-7B,221925,full_0-8k,Infant Cry,Seep,Seep,false,1
Qwen/Qwen2.5-Omni-7B,223069,full_0-8k,Infant Cry,Phee,Phee,false,1
Qwen/Qwen2.5-Omni-7B,223077,full_0-8k,Infant Cry,Tsik,Tsik,false,1
Qwen/Qwen2.5-Omni-7B,223247,full_0-8k,Infant Cry,Tsik,Tsik,false,1
Qwen/Qwen2.5-Omni-7B,223262,full_0-8k,Infant Cry,Seep,Seep,false,1
Qwen/Qwen2.5-Omni-7B,223312,full_0-8k,Infant Cry,Tsik,Tsik,false,1
Qwen/Qwen2.5-Omni-7B,223332,full_0-8k,Infant Cry,Seep,Seep,false,1
Qwen/Qwen2.5-Omni-7B,223352,full_0-8k,Infant Cry,Seep,Seep,false,1
Qwen/Qwen2.5-Omni-7B,223375,full_0-8k,Infant Cry,Seep,Seep,false,1
Qwen/Qwen2.5-Omni-7B,223383,full_0-8k,Infant Cry,Seep,Seep,false,1
Qwen/Qwen2.5-Omni-7B,223396,full_0-8k,Infant Cry,Seep,Seep,false,1
Qwen/Qwen2.5-Omni-7B,223400,full_0-8k,Infant Cry,Seep,Seep,false,1
Qwen/Qwen2.5-Omni-7B,223402,full_0-8k,Infant Cry,Tsik,Tsik,false,1
Qwen/Qwen2.5-Omni-7B,234304,full_0-8k,Infant Cry,Phee,Phee,false,1
Qwen/Qwen2.5-Omni-7B,237804,full_0-8k,Infant Cry,Seep,Seep,false,1
Qwen/Qwen2.5-Omni-7B,238029,full_0-8k,Infant Cry,Tsik,Tsik,false,1
Qwen/Qwen2.5-Omni-7B,238142,full_0-8k,Infant Cry,Seep,Seep,false,1
Qwen/Qwen2.5-Omni-7B,238306,full_0-8k,Infant Cry,Seep,Seep,false,1
Qwen/Qwen2.5-Omni-7B,299793,full_0-8k,Infant Cry,Tsik,Tsik,false,1
Qwen/Qwen2.5-Omni-7B,315549,full_0-8k,Infant Cry,Seep,Seep,false,1
Qwen/Qwen2.5-Omni-7B,329778,full_0-8k,Infant Cry,Seep,Seep,false,1
Qwen/Qwen2.5-Omni-7B,342684,full_0-8k,Infant Cry,Seep,Seep,false,1
Qwen/Qwen2.5-Omni-7B,350340,full_0-8k,Infant Cry,Seep,Seep,false,1
Qwen/Qwen2.5-Omni-7B,352081,full_0-8k,Infant Cry,Seep,Seep,false,1
Qwen/Qwen2.5-Omni-7B,354197,full_0-8k,Infant Cry,Tsik,Tsik,false,1
Qwen/Qwen2.5-Omni-7B,357670,full_0-8k,Infant Cry,Seep,Seep,false,1
Qwen/Qwen2.5-Omni-7B,372773,full_0-8k,Infant Cry,Tsik,Tsik,false,1
Qwen/Qwen2.5-Omni-7B,401218,full_0-8k,Infant Cry,Seep,Seep,false,1
Qwen/Qwen2.5-Omni-7B,405841,full_0-8k,Infant Cry,Seep,Seep,false,1
Qwen/Qwen2.5-Omni-7B,501612,full_0-8k,Infant Cry,Seep,Seep,false,1
Qwen/Qwen2.5-Omni-7B,508745,full_0-8k,Infant Cry,Phee,Phee,false,1
Qwen/Qwen2.5-Omni-7B,508764,full_0-8k,Infant Cry,Seep,Seep,false,1
Qwen/Qwen2.5-Omni-7B,508780,full_0-8k,Infant Cry,Seep,Seep,false,1
Qwen/Qwen2.5-Omni-7B,508801,full_0-8k,Infant Cry,Seep,Seep,false,1
Qwen/Qwen2.5-Omni-7B,509083,full_0-8k,Infant Cry,Tsik,Tsik,false,1
Qwen/Qwen2.5-Omni-7B,509091,full_0-8k,Infant Cry,Phee,Phee,false,1
Qwen/Qwen2.5-Omni-7B,509092,full_0-8k,Infant Cry,Seep,Seep,false,1
Qwen/Qwen2.5-Omni-7B,509100,full_0-8k,Infant Cry,Phee,Phee,false,1
Qwen/Qwen2.5-Omni-7B,518850,full_0-8k,Infant Cry,Phee,Phee,false,1
Qwen/Qwen2.5-Omni-7B,524694,full_0-8k,Infant Cry,Seep,Seep,false,1
Qwen/Qwen2.5-Omni-7B,524878,full_0-8k,Infant Cry,Seep,Seep,false,1
Qwen/Qwen2.5-Omni-7B,526040,full_0-8k,Infant Cry,Seep,Seep,false,1
Qwen/Qwen2.5-Omni-7B,526541,full_0-8k,Infant Cry,Seep,Seep,false,1
Qwen/Qwen2.5-Omni-7B,526671,full_0-8k,Infant Cry,Seep,Seep,false,1
Qwen/Qwen2.5-Omni-7B,526711,full_0-8k,Infant Cry,Seep,Seep,false,1
Qwen/Qwen2.5-Omni-7B,540984,full_0-8k,Infant Cry,Seep,Seep,false,1
Qwen/Qwen2.5-Omni-7B,558438,full_0-8k,Infant Cry,Seep,Seep,false,1
Qwen/Qwen2.5-Omni-7B,558594,full_0-8k,Infant Cry,Seep,Seep,false,1
Qwen/Qwen2.5-Omni-7B,558633,full_0-8k,Infant Cry,Phee,Phee,false,1
Qwen/Qwen2.5-Omni-7B,558689,full_0-8k,Infant Cry,Seep,Seep,false,1
Qwen/Qwen2.5-Omni-7B,562625,full_0-8k,Infant Cry,Seep,Seep,false,1
Qwen/Qwen2.5-Omni-7B,565266,full_0-8k,Infant Cry,Phee,Phee,false,1
Qwen/Qwen2.5-Omni-7B,57995,full_0-8k,Infant Cry,Seep,Seep,false,1
Qwen/Qwen2.5-Omni-7B,583214,full_0-8k,Infant Cry,Phee,Phee,false,1
Qwen/Qwen2.5-Omni-7B,596191,full_0-8k,Infant Cry,Seep,Seep,false,1
Qwen/Qwen2.5-Omni-7B,604234,full_0-8k,Infant Cry,Seep,Seep,false,1
Qwen/Qwen2.5-Omni-7B,609454,full_0-8k,Infant Cry,Seep,Seep,false,1
Qwen/Qwen2.5-Omni-7B,612455,full_0-8k,Infant Cry,Seep,Seep,false,1
Qwen/Qwen2.5-Omni-7B,612456,full_0-8k,Infant Cry,Phee,Phee,false,1
Qwen/Qwen2.5-Omni-7B,612715,full_0-8k,Infant Cry,Phee,Phee,false,1
Qwen/Qwen2.5-Omni-7B,618440,full_0-8k,Infant Cry,Tsik,Tsik,false,1
Qwen/Qwen2.5-Omni-7B,623676,full_0-8k,Infant Cry,Seep,Seep,false,1
Qwen/Qwen2.5-Omni-7B,623691,full_0-8k,Infant Cry,Seep,Seep,false,1
Qwen/Qwen2.5-Omni-7B,628729,full_0-8k,Infant Cry,Seep,Seep,false,1
Qwen/Qwen2.5-Omni-7B,631861,full_0-8k,Infant Cry,Tsik,Tsik,false,1
Qwen/Qwen2.5-Omni-7B,651191,full_0-8k,Infant Cry,Tsik,Tsik,false,1
Qwen/Qwen2.5-Omni-7B,657848,full_0-8k,Infant Cry,Seep,Seep,false,1
Qwen/Qwen2.5-Omni-7B,659272,full_0-8k,Infant Cry,Seep,Seep,false,1
Qwen/Qwen2.5-Omni-7B,6633,full_0-8k,Infant Cry,Tsik,Tsik,false,1
Qwen/Qwen2.5-Omni-7B,664504,full_0-8k,Infant Cry,Phee,Phee,false,1
Qwen/Qwen2.5-Omni-7B,666082,full_0-8k,Infant Cry,Phee,Phee,false,1
Qwen/Qwen2.5-Omni-7B,667865,full_0-8k,Infant Cry,Seep,Seep,false,1
Qwen/Qwen2.5-Omni-7B,667905,full_0-8k,Infant Cry,Seep,Seep,false,1
Qwen/Qwen2.5-Omni-7B,669950,full_0-8k,Infant Cry,Seep,Seep,false,1
Qwen/Qwen2.5-Omni-7B,669953,full_0-8k,Infant Cry,Seep,Seep,false,1
Qwen/Qwen2.5-Omni-7B,670039,full_0-8k,Infant Cry,Phee,Phee,false,1
Qwen/Qwen2.5-Omni-7B,691528,full_0-8k,Infant Cry,Tsik,Tsik,false,1
Qwen/Qwen2.5-Omni-7B,693164,full_0-8k,Infant Cry,Seep,Seep,false,1
Qwen/Qwen2.5-Omni-7B,695093,full_0-8k,Infant Cry,Seep,Seep,false,1
Qwen/Qwen2.5-Omni-7B,696291,full_0-8k,Infant Cry,Tsik,Tsik,false,1
Qwen/Qwen2.5-Omni-7B,725567,full_0-8k,Infant Cry,Tsik,Tsik,false,1
Qwen/Qwen2.5-Omni-7B,729021,full_0-8k,Infant Cry,Seep,Seep,false,1
Qwen/Qwen2.5-Omni-7B,731937,full_0-8k,Infant Cry,Seep,Seep,false,1
Qwen/Qwen2.5-Omni-7B,742006,full_0-8k,Infant Cry,Phee,Phee,false,1
Qwen/Qwen2.5-Omni-7B,763863,full_0-8k,Infant Cry,Seep,Seep,false,1
Qwen/Qwen2.5-Omni-7B,765458,full_0-8k,Infant Cry,Phee,Phee,false,1
Qwen/Qwen2.5-Omni-7B,765518,full_0-8k,Infant Cry,Phee,Phee,false,1
Qwen/Qwen2.5-Omni-7B,786486,full_0-8k,Infant Cry,Phee,Phee,false,1
Qwen/Qwen2.5-Omni-7B,799579,full_0-8k,Infant Cry,Phee,Phee,false,1
Qwen/Qwen2.5-Omni-7B,817109,full_0-8k,Infant Cry,Seep,Seep,false,1
Qwen/Qwen2.5-Omni-7B,817681,full_0-8k,Infant Cry,Seep,Seep,false,1
Qwen/Qwen2.5-Omni-7B,866025,full_0-8k,Infant Cry,Seep,Seep,false,1
Qwen/Qwen2.5-Omni-7B,867327,full_0-8k,Infant Cry,Tsik,Tsik,false,1
Qwen/Qwen2.5-Omni-7B,868095,full_0-8k,Infant Cry,Seep,Seep,false,1
Qwen/Qwen2.5-Omni-7B,9024,full_0-8k,Infant Cry,Phee,Phee,false,1
Qwen/Qwen2.5-Omni-7B,101138,full_0-8k,Phee,Phee,Phee,true,1
Qwen/Qwen2.5-Omni-7B,108998,full_0-8k,Phee,Phee,Phee,true,1
Qwen/Qwen2.5-Omni-7B,161381,full_0-8k,Phee,Seep,Seep,false,1
Qwen/Qwen2.5-Omni-7B,202978,full_0-8k,Phee,Seep,Seep,false,1
Qwen/Qwen2.5-Omni-7B,209319,full_0-8k,Phee,Seep,Seep,false,1
Qwen/Qwen2.5-Omni-7B,211839,full_0-8k,Phee,Phee,Phee,true,1
Qwen/Qwen2.5-Omni-7B,221515,full_0-8k,Phee,Phee,Phee,true,1
Qwen/Qwen2.5-Omni-7B,223107,full_0-8k,Phee,Seep,Seep,false,1
Qwen/Qwen2.5-Omni-7B,223154,full_0-8k,Phee,Seep,Seep,false,1
Qwen/Qwen2.5-Omni-7B,223196,full_0-8k,Phee,Phee,Phee,true,1
Qwen/Qwen2.5-Omni-7B,223198,full_0-8k,Phee,Seep,Seep,false,1
Qwen/Qwen2.5-Omni-7B,223206,full_0-8k,Phee,Phee,Phee,true,1
Qwen/Qwen2.5-Omni-7B,223208,full_0-8k,Phee,Phee,Phee,true,1
Qwen/Qwen2.5-Omni-7B,24031,full_0-8k,Phee,Phee,Phee,true,1
Qwen/Qwen2.5-Omni-7B,242790,full_0-8k,Phee,Seep,Seep,false,1
Qwen/Qwen2.5-Omni-7B,26795,full_0-8k,Phee,Seep,Seep,false,1
Qwen/Qwen2.5-Omni-7B,268974,full_0-8k,Phee,Phee,Phee,true,1
Qwen/Qwen2.5-Omni-7B,285967,full_0-8k,Phee,Phee,Phee,true,1
Qwen/Qwen2.5-Omni-7B,317391,full_0-8k,Phee,Seep,Seep,false,1
Qwen/Qwen2.5-Omni-7B,34756,full_0-8k,Phee,Phee,Phee,true,1
Qwen/Qwen2.5-Omni-7B,36485,full_0-8k,Phee,Seep,Seep,false,1
Qwen/Qwen2.5-Omni-7B,377896,full_0-8k,Phee,Tsik,Tsik,false,1
Qwen/Qwen2.5-Omni-7B,389438,full_0-8k,Phee,Phee,Phee,true,1
Qwen/Qwen2.5-Omni-7B,395548,full_0-8k,Phee,Phee,Phee,true,1
Qwen/Qwen2.5-Omni-7B,408631,full_0-8k,Phee,Phee,Phee,true,1
Qwen/Qwen2.5-Omni-7B,508670,full_0-8k,Phee,Phee,Phee,true,1
Qwen/Qwen2.5-Omni-7B,508675,full_0-8k,Phee,Phee,Phee,true,1
Qwen/Qwen2.5-Omni-7B,508696,full_0-8k,Phee,Phee,Phee,true,1
Qwen/Qwen2.5-Omni-7B,508707,full_0-8k,Phee,Phee,Phee,true,1
Qwen/Qwen2.5-Omni-7B,508717,full_0-8k,Phee,Seep,Seep,false,1
Qwen/Qwen2.5-Omni-7B,508775,full_0-8k,Phee,Seep,Seep,false,1
Qwen/Qwen2.5-Omni-7B,508835,full_0-8k,Phee,Phee,Phee,true,1
Qwen/Qwen2.5-Omni-7B,508966,full_0-8k,Phee,Phee,Phee,true,1
Qwen/Qwen2.5-Omni-7B,509009,full_0-8k,Phee,Seep,Seep,false,1
Qwen/Qwen2.5-Omni-7B,509015,full_0-8k,Phee,Phee,Phee,true,1
Qwen/Qwen2.5-Omni-7B,509036,full_0-8k,Phee,Phee,Phee,true,1
Qwen/Qwen2.5-Omni-7B,509047,full_0-8k,Phee,Seep,Seep,false,1
Qwen/Qwen2.5-Omni-7B,509050,full_0-8k,Phee,Seep,Seep,false,1
Qwen/Qwen2.5-Omni-7B,511620,full_0-8k,Phee,Seep,Seep,false,1
Qwen/Qwen2.5-Omni-7B,518079,full_0-8k,Phee,Phee,Phee,true,1
Qwen/Qwen2.5-Omni-7B,521545,full_0-8k,Phee,Phee,Phee,true,1
Qwen/Qwen2.5-Omni-7B,525796,full_0-8k,Phee,Phee,Phee,true,1
Qwen/Qwen2.5-Omni-7B,525942,full_0-8k,Phee,Seep,Seep,false,1
Qwen/Qwen2.5-Omni-7B,527150,full_0-8k,Phee,Phee,Phee,true,1
Qwen/Qwen2.5-Omni-7B,527518,full_0-8k,Phee,Seep,Seep,false,1
Qwen/Qwen2.5-Omni-7B,527789,full_0-8k,Phee,Phee,Phee,true,1
Qwen/Qwen2.5-Omni-7B,528688,full_0-8k,Phee,Phee,Phee,true,1
Qwen/Qwen2.5-Omni-7B,536094,full_0-8k,Phee,Phee,Phee,true,1
Qwen/Qwen2.5-Omni-7B,539354,full_0-8k,Phee,Phee,Phee,true,1
Qwen/Qwen2.5-Omni-7B,54180,full_0-8k,Phee,Seep,Seep,false,1
Qwen/Qwen2.5-Omni-7B,547992,full_0-8k,Phee,Phee,Phee,true,1
Qwen/Qwen2.5-Omni-7B,551590,full_0-8k,Phee,Phee,Phee,true,1
Qwen/Qwen2.5-Omni-7B,557502,full_0-8k,Phee,Seep,Seep,false,1
Qwen/Qwen2.5-Omni-7B,558541,full_0-8k,Phee,Phee,Phee,true,1
Qwen/Qwen2.5-Omni-7B,575225,full_0-8k,Phee,Seep,Seep,false,1
Qwen/Qwen2.5-Omni-7B,580352,full_0-8k,Phee,Phee,Phee,true,1
Qwen/Qwen2.5-Omni-7B,582600,full_0-8k,Phee,Phee,Phee,true,1
Qwen/Qwen2.5-Omni-7B,582669,full_0-8k,Phee,Phee,Phee,true,1
Qwen/Qwen2.5-Omni-7B,583172,full_0-8k,Phee,Seep,Seep,false,1
Qwen/Qwen2.5-Omni-7B,583673,full_0-8k,Phee,Seep,Seep,false,1
Qwen/Qwen2.5-Omni-7B,583769,full_0-8k,Phee,Seep,Seep,false,1
Qwen/Qwen2.5-Omni-7B,584012,full_0-8k,Phee,Phee,Phee,true,1
Qwen/Qwen2.5-Omni-7B,590590,full_0-8k,Phee,Phee,Phee,true,1
Qwen/Qwen2.5-Omni-7B,61472,full_0-8k,Phee,Seep,Seep,false,1
Qwen/Qwen2.5-Omni-7B,630989,full_0-8k,Phee,Seep,Seep,false,1
Qwen/Qwen2.5-Omni-7B,631145,full_0-8k,Phee,Seep,Seep,false,1
Qwen/Qwen2.5-Omni-7B,631485,full_0-8k,Phee,Phee,Phee,true,1
Qwen/Qwen2.5-Omni-7B,632300,full_0-8k,Phee,Phee,Phee,true,1
Qwen/Qwen2.5-Omni-7B,632863,full_0-8k,Phee,Seep,Seep,false,1
Qwen/Qwen2.5-Omni-7B,633531,full_0-8k,Phee,Phee,Phee,true,1
Qwen/Qwen2.5-Omni-7B,638580,full_0-8k,Phee,Phee,Phee,true,1
Qwen/Qwen2.5-Omni-7B,639491,full_0-8k,Phee,Seep,Seep,false,1
Qwen/Qwen2.5-Omni-7B,647588,full_0-8k,Phee,Phee,Phee,true,1
Qwen/Qwen2.5-Omni-7B,657440,full_0-8k,Phee,Phee,Phee,true,1
Qwen/Qwen2.5-Omni-7B,658275,full_0-8k,Phee,Seep,Seep,false,1
Qwen/Qwen2.5-Omni-7B,663233,full_0-8k,Phee,Phee,Phee,true,1
Qwen/Qwen2.5-Omni-7B,669577,full_0-8k,Phee,Phee,Phee,true,1
Qwen/Qwen2.5-Omni-7B,704199,full_0-8k,Phee,Phee,Phee,true,1
Qwen/Qwen2.5-Omni-7B,706021,full_0-8k,Phee,Phee,Phee,true,1
Qwen/Qwen2.5-Omni-7B,708365,full_0-8k,Phee,Phee,Phee,true,1
Qwen/Qwen2.5-Omni-7B,734091,full_0-8k,Phee,Seep,Seep,false,1
Qwen/Qwen2.5-Omni-7B,745366,full_0-8k,Phee,Seep,Seep,false,1
Qwen/Qwen2.5-Omni-7B,758751,full_0-8k,Phee,Seep,Seep,false,1
Qwen/Qwen2.5-Omni-7B,773651,full_0-8k,Phee,Phee,Phee,true,1
Qwen/Qwen2.5-Omni-7B,778988,full_0-8k,Phee,Phee,Phee,true,1
Qwen/Qwen2.5-Omni-7B,788000,full_0-8k,Phee,Phee,Phee,true,1
Qwen/Qwen2.5-Omni-7B,794666,full_0-8k,Phee,Phee,Phee,true,1
Qwen/Qwen2.5-Omni-7B,81234,full_0-8k,Phee,Phee,Phee,true,1
Qwen/Qwen2.5-Omni-7B,822050,full_0-8k,Phee,Seep,Seep,false,1
Qwen/Qwen2.5-Omni-7B,822265,full_0-8k,Phee,Phee,Phee,true,1
Qwen/Qwen2.5-Omni-7B,824405,full_0-8k,Phee,Phee,Phee,true,1
Qwen/Qwen2.5-Omni-7B,840586,full_0-8k,Phee,Phee,Phee,true,1
Qwen/Qwen2.5-Omni-7B,851005,full_0-8k,Phee,Phee,Phee,true,1
Qwen/Qwen2.5-Omni-7B,851788,full_0-8k,Phee,Phee,Phee,true,1
Qwen/Qwen2.5-Omni-7B,852264,full_0-8k,Phee,Seep,Seep,false,1
Qwen/Qwen2.5-Omni-7B,857896,full_0-8k,Phee,Phee,Phee,true,1
Qwen/Qwen2.5-Omni-7B,857970,full_0-8k,Phee,Seep,Seep,false,1
Qwen/Qwen2.5-Omni-7B,860537,full_0-8k,Phee,Phee,Phee,true,1
Qwen/Qwen2.5-Omni-7B,862343,full_0-8k,Phee,Phee,Phee,true,1
Qwen/Qwen2.5-Omni-7B,862520,full_0-8k,Phee,Phee,Phee,true,1
Qwen/Qwen2.5-Omni-7B,121321,full_0-8k,Seep,Phee,Phee,false,1
Qwen/Qwen2.5-Omni-7B,135177,full_0-8k,Seep,Phee,Phee,false,1
Qwen/Qwen2.5-Omni-7B,173793,full_0-8k,Seep,Phee,Phee,false,1
Qwen/Qwen2.5-Omni-7B,211832,full_0-8k,Seep,Tsik,Tsik,false,1
Qwen/Qwen2.5-Omni-7B,211974,full_0-8k,Seep,Tsik,Tsik,false,1
Qwen/Qwen2.5-Omni-7B,212002,full_0-8k,Seep,Phee,Phee,false,1
Qwen/Qwen2.5-Omni-7B,212103,full_0-8k,Seep,Phee,Phee,false,1
Qwen/Qwen2.5-Omni-7B,212106,full_0-8k,Seep,Seep,Seep,true,1
Qwen/Qwen2.5-Omni-7B,212109,full_0-8k,Seep,Tsik,Tsik,false,1
Qwen/Qwen2.5-Omni-7B,212110,full_0-8k,Seep,Tsik,Tsik,false,1
Qwen/Qwen2.5-Omni-7B,212113,full_0-8k,Seep,Phee,Phee,false,1
Qwen/Qwen2.5-Omni-7B,212116,full_0-8k,Seep,Tsik,Tsik,false,1
Qwen/Qwen2.5-Omni-7B,212120,full_0-8k,Seep,Tsik,Tsik,false,1
Qwen/Qwen2.5-Omni-7B,212126,full_0-8k,Seep,Tsik,Tsik,false,1
Qwen/Qwen2.5-Omni-7B,212127,full_0-8k,Seep,Phee,Phee,false,1
Qwen/Qwen2.5-Omni-7B,212130,full_0-8k,Seep,Phee,Phee,false,1
Qwen/Qwen2.5-Omni-7B,223298,full_0-8k,Seep,Phee,Phee,false,1
Qwen/Qwen2.5-Omni-7B,228489,full_0-8k,Seep,Phee,Phee,false,1
Qwen/Qwen2.5-Omni-7B,235891,full_0-8k,Seep,Seep,Seep,true,1
Qwen/Qwen2.5-Omni-7B,237025,full_0-8k,Seep,Phee,Phee,false,1
Qwen/Qwen2.5-Omni-7B,242947,full_0-8k,Seep,Phee,Phee,false,1
Qwen/Qwen2.5-Omni-7B,277849,full_0-8k,Seep,Phee,Phee,false,1
Qwen/Qwen2.5-Omni-7B,285498,full_0-8k,Seep,Phee,Phee,false,1
Qwen/Qwen2.5-Omni-7B,294079,full_0-8k,Seep,Tsik,Tsik,false,1
Qwen/Qwen2.5-Omni-7B,297892,full_0-8k,Seep,Seep,Seep,true,1
Qwen/Qwen2.5-Omni-7B,303572,full_0-8k,Seep,Tsik,Tsik,false,1
Qwen/Qwen2.5-Omni-7B,31828,full_0-8k,Seep,Phee,Phee,false,1
Qwen/Qwen2.5-Omni-7B,411252,full_0-8k,Seep,Seep,Seep,true,1
Qwen/Qwen2.5-Omni-7B,414997,full_0-8k,Seep,Phee,Phee,false,1
Qwen/Qwen2.5-Omni-7B,422474,full_0-8k,Seep,Tsik,Tsik,false,1
Qwen/Qwen2.5-Omni-7B,422515,full_0-8k,Seep,Phee,Phee,false,1
Qwen/Qwen2.5-Omni-7B,46505,full_0-8k,Seep,Tsik,Tsik,false,1
Qwen/Qwen2.5-Omni-7B,495081,full_0-8k,Seep,Phee,Phee,false,1
Qwen/Qwen2.5-Omni-7B,508896,full_0-8k,Seep,Seep,Seep,true,1
Qwen/Qwen2.5-Omni-7B,509055,full_0-8k,Seep,Seep,Seep,true,1
Qwen/Qwen2.5-Omni-7B,509060,full_0-8k,Seep,Phee,Phee,false,1
Qwen/Qwen2.5-Omni-7B,509065,full_0-8k,Seep,Phee,Phee,false,1
Qwen/Qwen2.5-Omni-7B,523406,full_0-8k,Seep,Tsik,Tsik,false,1
Qwen/Qwen2.5-Omni-7B,527437,full_0-8k,Seep,Phee,Phee,false,1
Qwen/Qwen2.5-Omni-7B,533988,full_0-8k,Seep,Seep,Seep,true,1
Qwen/Qwen2.5-Omni-7B,539296,full_0-8k,Seep,Seep,Seep,true,1
Qwen/Qwen2.5-Omni-7B,541326,full_0-8k,Seep,Phee,Phee,false,1
Qwen/Qwen2.5-Omni-7B,556028,full_0-8k,Seep,Tsik,Tsik,false,1
Qwen/Qwen2.5-Omni-7B,571992,full_0-8k,Seep,Phee,Phee,false,1
Qwen/Qwen2.5-Omni-7B,582662,full_0-8k,Seep,Seep,Seep,true,1
Qwen/Qwen2.5-Omni-7B,583884,full_0-8k,Seep,Phee,Phee,false,1
Qwen/Qwen2.5-Omni-7B,584362,full_0-8k,Seep,Phee,Phee,false,1
Qwen/Qwen2.5-Omni-7B,586064,full_0-8k,Seep,Seep,Seep,true,1
Qwen/Qwen2.5-Omni-7B,617822,full_0-8k,Seep,Tsik,Tsik,false,1
Qwen/Qwen2.5-Omni-7B,619623,full_0-8k,Seep,Phee,Phee,false,1
Qwen/Qwen2.5-Omni-7B,622417,full_0-8k,Seep,Phee,Phee,false,1
Qwen/Qwen2.5-Omni-7B,623382,full_0-8k,Seep,Phee,Phee,false,1
Qwen/Qwen2.5-Omni-7B,623621,full_0-8k,Seep,Tsik,Tsik,false,1
Qwen/Qwen2.5-Omni-7B,623713,full_0-8k,Seep,Seep,Seep,true,1
Qwen/Qwen2.5-Omni-7B,631021,full_0-8k,Seep,Phee,Phee,false,1
Qwen/Qwen2.5-Omni-7B,637669,full_0-8k,Seep,Tsik,Tsik,false,1
Qwen/Qwen2.5-Omni-7B,652668,full_0-8k,Seep,Phee,Phee,false,1
Qwen/Qwen2.5-Omni-7B,655668,full_0-8k,Seep,Phee,Phee,false,1
Qwen/Qwen2.5-Omni-7B,655868,full_0-8k,Seep,Seep,Seep,true,1
Qwen/Qwen2.5-Omni-7B,667130,full_0-8k,Seep,Phee,Phee,false,1
Qwen/Qwen2.5-Omni-7B,669272,full_0-8k,Seep,Seep,Seep,true,1
Qwen/Qwen2.5-Omni-7B,669273,full_0-8k,Seep,Tsik,Tsik,false,1
Qwen/Qwen2.5-Omni-7B,670290,full_0-8k,Seep,Phee,Phee,false,1
Qwen/Qwen2.5-Omni-7B,697899,full_0-8k,Seep,Phee,Phee,false,1
Qwen/Qwen2.5-Omni-7B,715845,full_0-8k,Seep,Phee,Phee,false,1
Qwen/Qwen2.5-Omni-7B,732993,full_0-8k,Seep,Phee,Phee,false,1
Qwen/Qwen2.5-Omni-7B,734314,full_0-8k,Seep,Phee,Phee,false,1
Qwen/Qwen2.5-Omni-7B,736548,full_0-8k,Seep,Tsik,Tsik,false,1
Qwen/Qwen2.5-Omni-7B,739815,full_0-8k,Seep,Phee,Phee,false,1
Qwen/Qwen2.5-Omni-7B,741056,full_0-8k,Seep,Seep,Seep,true,1
Qwen/Qwen2.5-Omni-7B,769197,full_0-8k,Seep,Seep,Seep,true,1
Qwen/Qwen2.5-Omni-7B,769489,full_0-8k,Seep,Phee,Phee,false,1
Qwen/Qwen2.5-Omni-7B,773125,full_0-8k,Seep,Phee,Phee,false,1
Qwen/Qwen2.5-Omni-7B,781684,full_0-8k,Seep,Phee,Phee,false,1
Qwen/Qwen2.5-Omni-7B,794037,full_0-8k,Seep,Phee,Phee,false,1
Qwen/Qwen2.5-Omni-7B,81191,full_0-8k,Seep,Phee,Phee,false,1
Qwen/Qwen2.5-Omni-7B,857186,full_0-8k,Seep,Phee,Phee,false,1
Qwen/Qwen2.5-Omni-7B,866515,full_0-8k,Seep,Phee,Phee,false,1
Qwen/Qwen2.5-Omni-7B,866655,full_0-8k,Seep,Tsik,Tsik,false,1
Qwen/Qwen2.5-Omni-7B,102022,full_0-8k,Trill,Phee,Phee,false,1
Qwen/Qwen2.5-Omni-7B,121474,full_0-8k,Trill,Tsik,Tsik,false,1
Qwen/Qwen2.5-Omni-7B,161850,full_0-8k,Trill,Tsik,Tsik,false,1
Qwen/Qwen2.5-Omni-7B,172015,full_0-8k,Trill,Phee,Phee,false,1
Qwen/Qwen2.5-Omni-7B,190781,full_0-8k,Trill,Phee,Phee,false,1
Qwen/Qwen2.5-Omni-7B,195490,full_0-8k,Trill,Phee,Phee,false,1
Qwen/Qwen2.5-Omni-7B,223123,full_0-8k,Trill,Phee,Phee,false,1
Qwen/Qwen2.5-Omni-7B,223144,full_0-8k,Trill,Tsik,Tsik,false,1
Qwen/Qwen2.5-Omni-7B,223263,full_0-8k,Trill,Phee,Phee,false,1
Qwen/Qwen2.5-Omni-7B,233067,full_0-8k,Trill,Seep,Seep,false,1
Qwen/Qwen2.5-Omni-7B,238981,full_0-8k,Trill,Tsik,Tsik,false,1
Qwen/Qwen2.5-Omni-7B,269263,full_0-8k,Trill,Tsik,Tsik,false,1
Qwen/Qwen2.5-Omni-7B,343808,full_0-8k,Trill,Seep,Seep,false,1
Qwen/Qwen2.5-Omni-7B,354379,full_0-8k,Trill,Phee,Phee,false,1
Qwen/Qwen2.5-Omni-7B,362733,full_0-8k,Trill,Phee,Phee,false,1
Qwen/Qwen2.5-Omni-7B,397118,full_0-8k,Trill,Phee,Phee,false,1
Qwen/Qwen2.5-Omni-7B,436313,full_0-8k,Trill,Seep,Seep,false,1
Qwen/Qwen2.5-Omni-7B,456914,full_0-8k,Trill,Phee,Phee,false,1
Qwen/Qwen2.5-Omni-7B,463226,full_0-8k,Trill,Tsik,Tsik,false,1
Qwen/Qwen2.5-Omni-7B,470849,full_0-8k,Trill,Phee,Phee,false,1
Qwen/Qwen2.5-Omni-7B,502854,full_0-8k,Trill,Tsik,Tsik,false,1
Qwen/Qwen2.5-Omni-7B,51436,full_0-8k,Trill,Tsik,Tsik,false,1
Qwen/Qwen2.5-Omni-7B,515398,full_0-8k,Trill,Phee,Phee,false,1
Qwen/Qwen2.5-Omni-7B,517703,full_0-8k,Trill,Phee,Phee,false,1
Qwen/Qwen2.5-Omni-7B,526430,full_0-8k,Trill,Seep,Seep,false,1
Qwen/Qwen2.5-Omni-7B,52861,full_0-8k,Trill,Tsik,Tsik,false,1
Qwen/Qwen2.5-Omni-7B,548798,full_0-8k,Trill,Tsik,Tsik,false,1
Qwen/Qwen2.5-Omni-7B,549295,full_0-8k,Trill,Tsik,Tsik,false,1
Qwen/Qwen2.5-Omni-7B,549995,full_0-8k,Trill,Phee,Phee,false,1
Qwen/Qwen2.5-Omni-7B,561688,full_0-8k,Trill,Phee,Phee,false,1
Qwen/Qwen2.5-Omni-7B,56195,full_0-8k,Trill,Tsik,Tsik,false,1
Qwen/Qwen2.5-Omni-7B,564626,full_0-8k,Trill,Tsik,Tsik,false,1
Qwen/Qwen2.5-Omni-7B,572081,full_0-8k,Trill,Tsik,Tsik,false,1
Qwen/Qwen2.5-Omni-7B,580149,full_0-8k,Trill,Phee,Phee,false,1
Qwen/Qwen2.5-Omni-7B,584053,full_0-8k,Trill,Phee,Phee,false,1
Qwen/Qwen2.5-Omni-7B,589438,full_0-8k,Trill,Tsik,Tsik,false,1
Qwen/Qwen2.5-Omni-7B,592253,full_0-8k,Trill,Tsik,Tsik,false,1
Qwen/Qwen2.5-Omni-7B,592333,full_0-8k,Trill,Phee,Phee,false,1
Qwen/Qwen2.5-Omni-7B,592365,full_0-8k,Trill,Tsik,Tsik,false,1
Qwen/Qwen2.5-Omni-7B,592485,full_0-8k,Trill,Tsik,Tsik,false,1
Qwen/Qwen2.5-Omni-7B,593649,full_0-8k,Trill,Phee,Phee,false,1
Qwen/Qwen2.5-Omni-7B,594023,full_0-8k,Trill,Tsik,Tsik,false,1
Qwen/Qwen2.5-Omni-7B,595018,full_0-8k,Trill,Seep,Seep,false,1
Qwen/Qwen2.5-Omni-7B,622320,full_0-8k,Trill,Phee,Phee,false,1
Qwen/Qwen2.5-Omni-7B,624712,full_0-8k,Trill,Seep,Seep,false,1
Qwen/Qwen2.5-Omni-7B,630476,full_0-8k,Trill,Tsik,Tsik,false,1
Qwen/Qwen2.5-Omni-7B,631448,full_0-8k,Trill,Phee,Phee,false,1
Qwen/Qwen2.5-Omni-7B,633994,full_0-8k,Trill,Phee,Phee,false,1
Qwen/Qwen2.5-Omni-7B,638810,full_0-8k,Trill,Tsik,Tsik,false,1
Qwen/Qwen2.5-Omni-7B,639917,full_0-8k,Trill,Tsik,Tsik,false,1
Qwen/Qwen2.5-Omni-7B,649137,full_0-8k,Trill,Tsik,Tsik,false,1
Qwen/Qwen2.5-Omni-7B,666889,full_0-8k,Trill,Tsik,Tsik,false,1
Qwen/Qwen2.5-Omni-7B,667042,full_0-8k,Trill,Phee,Phee,false,1
Qwen/Qwen2.5-Omni-7B,667091,full_0-8k,Trill,Phee,Phee,false,1
Qwen/Qwen2.5-Omni-7B,667312,full_0-8k,Trill,Phee,Phee,false,1
Qwen/Qwen2.5-Omni-7B,668428,full_0-8k,Trill,Seep,Seep,false,1
Qwen/Qwen2.5-Omni-7B,669075,full_0-8k,Trill,Phee,Phee,false,1
Qwen/Qwen2.5-Omni-7B,670835,full_0-8k,Trill,Phee,Phee,false,1
Qwen/Qwen2.5-Omni-7B,679182,full_0-8k,Trill,Phee,Phee,false,1
Qwen/Qwen2.5-Omni-7B,686112,full_0-8k,Trill,Tsik,Tsik,false,1
Qwen/Qwen2.5-Omni-7B,687244,full_0-8k,Trill,Phee,Phee,false,1
Qwen/Qwen2.5-Omni-7B,691986,full_0-8k,Trill,Phee,Phee,false,1
Qwen/Qwen2.5-Omni-7B,695230,full_0-8k,Trill,Tsik,Tsik,false,1
Qwen/Qwen2.5-Omni-7B,707417,full_0-8k,Trill,Tsik,Tsik,false,1
Qwen/Qwen2.5-Omni-7B,708875,full_0-8k,Trill,Seep,Seep,false,1
Qwen/Qwen2.5-Omni-7B,714664,full_0-8k,Trill,Seep,Seep,false,1
Qwen/Qwen2.5-Omni-7B,725841,full_0-8k,Trill,Seep,Seep,false,1
Qwen/Qwen2.5-Omni-7B,738495,full_0-8k,Trill,Phee,Phee,false,1
Qwen/Qwen2.5-Omni-7B,762457,full_0-8k,Trill,Phee,Phee,false,1
Qwen/Qwen2.5-Omni-7B,768310,full_0-8k,Trill,Seep,Seep,false,1
Qwen/Qwen2.5-Omni-7B,781044,full_0-8k,Trill,Tsik,Tsik,false,1
Qwen/Qwen2.5-Omni-7B,804279,full_0-8k,Trill,Seep,Seep,false,1
Qwen/Qwen2.5-Omni-7B,805610,full_0-8k,Trill,Seep,Seep,false,1
Qwen/Qwen2.5-Omni-7B,809280,full_0-8k,Trill,Phee,Phee,false,1
Qwen/Qwen2.5-Omni-7B,827373,full_0-8k,Trill,Tsik,Tsik,false,1
Qwen/Qwen2.5-Omni-7B,836027,full_0-8k,Trill,Seep,Seep,false,1
Qwen/Qwen2.5-Omni-7B,837515,full_0-8k,Trill,Phee,Phee,false,1
Qwen/Qwen2.5-Omni-7B,851383,full_0-8k,Trill,Phee,Phee,false,1
Qwen/Qwen2.5-Omni-7B,852107,full_0-8k,Trill,Phee,Phee,false,1
Qwen/Qwen2.5-Omni-7B,859379,full_0-8k,Trill,Phee,Phee,false,1
Qwen/Qwen2.5-Omni-7B,861790,full_0-8k,Trill,Tsik,Tsik,false,1
Qwen/Qwen2.5-Omni-7B,867502,full_0-8k,Trill,Seep,Seep,false,1
Qwen/Qwen2.5-Omni-7B,867780,full_0-8k,Trill,Phee,Phee,false,1
Qwen/Qwen2.5-Omni-7B,110359,full_0-8k,Tsik,Tsik,Tsik,true,1
Qwen/Qwen2.5-Omni-7B,110581,full_0-8k,Tsik,Tsik,Tsik,true,1
Qwen/Qwen2.5-Omni-7B,122742,full_0-8k,Tsik,Tsik,Tsik,true,1
Qwen/Qwen2.5-Omni-7B,143307,full_0-8k,Tsik,Phee,Phee,false,1
Qwen/Qwen2.5-Omni-7B,170858,full_0-8k,Tsik,Seep,Seep,false,1
Qwen/Qwen2.5-Omni-7B,200722,full_0-8k,Tsik,Tsik,Tsik,true,1
Qwen/Qwen2.5-Omni-7B,209834,full_0-8k,Tsik,Tsik,Tsik,true,1
Qwen/Qwen2.5-Omni-7B,209838,full_0-8k,Tsik,Tsik,Tsik,true,1
Qwen/Qwen2.5-Omni-7B,209846,full_0-8k,Tsik,Tsik,Tsik,true,1
Qwen/Qwen2.5-Omni-7B,209851,full_0-8k,Tsik,Tsik,Tsik,true,1
Qwen/Qwen2.5-Omni-7B,209853,full_0-8k,Tsik,Tsik,Tsik,true,1
Qwen/Qwen2.5-Omni-7B,209876,full_0-8k,Tsik,Tsik,Tsik,true,1
Qwen/Qwen2.5-Omni-7B,209886,full_0-8k,Tsik,Seep,Seep,false,1
Qwen/Qwen2.5-Omni-7B,209891,full_0-8k,Tsik,Tsik,Tsik,true,1
Qwen/Qwen2.5-Omni-7B,209893,full_0-8k,Tsik,Tsik,Tsik,true,1
Qwen/Qwen2.5-Omni-7B,209900,full_0-8k,Tsik,Tsik,Tsik,true,1
Qwen/Qwen2.5-Omni-7B,209901,full_0-8k,Tsik,Tsik,Tsik,true,1
Qwen/Qwen2.5-Omni-7B,209905,full_0-8k,Tsik,Tsik,Tsik,true,1
Qwen/Qwen2.5-Omni-7B,209919,full_0-8k,Tsik,Tsik,Tsik,true,1
Qwen/Qwen2.5-Omni-7B,223371,full_0-8k,Tsik,Tsik,Tsik,true,1
Qwen/Qwen2.5-Omni-7B,248161,full_0-8k,Tsik,Seep,Seep,false,1
Qwen/Qwen2.5-Omni-7B,31471,full_0-8k,Tsik,Tsik,Tsik,true,1
Qwen/Qwen2.5-Omni-7B,335642,full_0-8k,Tsik,Tsik,Tsik,true,1
Qwen/Qwen2.5-Omni-7B,423771,full_0-8k,Tsik,Tsik,Tsik,true,1
Qwen/Qwen2.5-Omni-7B,438410,full_0-8k,Tsik,Tsik,Tsik,true,1
Qwen/Qwen2.5-Omni-7B,468429,full_0-8k,Tsik,Tsik,Tsik,true,1
Qwen/Qwen2.5-Omni-7B,480809,full_0-8k,Tsik,Tsik,Tsik,true,1
Qwen/Qwen2.5-Omni-7B,481037,full_0-8k,Tsik,Tsik,Tsik,true,1
Qwen/Qwen2.5-Omni-7B,508866,full_0-8k,Tsik,Seep,Seep,false,1
Qwen/Qwen2.5-Omni-7B,508870,full_0-8k,Tsik,Tsik,Tsik,true,1
Qwen/Qwen2.5-Omni-7B,508872,full_0-8k,Tsik,Seep,Seep,false,1
Qwen/Qwen2.5-Omni-7B,508903,full_0-8k,Tsik,Tsik,Tsik,true,1
Qwen/Qwen2.5-Omni-7B,508905,full_0-8k,Tsik,Tsik,Tsik,true,1
Qwen/Qwen2.5-Omni-7B,508923,full_0-8k,Tsik,Tsik,Tsik,true,1
Qwen/Qwen2.5-Omni-7B,50919,full_0-8k,Tsik,Tsik,Tsik,true,1
Qwen/Qwen2.5-Omni-7B,525735,full_0-8k,Tsik,Tsik,Tsik,true,1
Qwen/Qwen2.5-Omni-7B,526904,full_0-8k,Tsik,Tsik,Tsik,true,1
Qwen/Qwen2.5-Omni-7B,549904,full_0-8k,Tsik,Tsik,Tsik,true,1
Qwen/Qwen2.5-Omni-7B,558254,full_0-8k,Tsik,Tsik,Tsik,true,1
Qwen/Qwen2.5-Omni-7B,563468,full_0-8k,Tsik,Tsik,Tsik,true,1
Qwen/Qwen2.5-Omni-7B,567790,full_0-8k,Tsik,Tsik,Tsik,true,1
Qwen/Qwen2.5-Omni-7B,589271,full_0-8k,Tsik,Tsik,Tsik,true,1
Qwen/Qwen2.5-Omni-7B,593315,full_0-8k,Tsik,Tsik,Tsik,true,1
Qwen/Qwen2.5-Omni-7B,610080,full_0-8k,Tsik,Tsik,Tsik,true,1
Qwen/Qwen2.5-Omni-7B,614582,full_0-8k,Tsik,Seep,Seep,false,1
Qwen/Qwen2.5-Omni-7B,614794,full_0-8k,Tsik,Tsik,Tsik,true,1
Qwen/Qwen2.5-Omni-7B,622312,full_0-8k,Tsik,Seep,Seep,false,1
Qwen/Qwen2.5-Omni-7B,623831,full_0-8k,Tsik,Tsik,Tsik,true,1
Qwen/Qwen2.5-Omni-7B,631947,full_0-8k,Tsik,Tsik,Tsik,true,1
Qwen/Qwen2.5-Omni-7B,632037,full_0-8k,Tsik,Phee,Phee,false,1
Qwen/Qwen2.5-Omni-7B,636120,full_0-8k,Tsik,Tsik,Tsik,true,1
Qwen/Qwen2.5-Omni-7B,636151,full_0-8k,Tsik,Tsik,Tsik,true,1
Qwen/Qwen2.5-Omni-7B,642827,full_0-8k,Tsik,Tsik,Tsik,true,1
Qwen/Qwen2.5-Omni-7B,654915,full_0-8k,Tsik,Tsik,Tsik,true,1
Qwen/Qwen2.5-Omni-7B,662160,full_0-8k,Tsik,Seep,Seep,false,1
Qwen/Qwen2.5-Omni-7B,663998,full_0-8k,Tsik,Tsik,Tsik,true,1
Qwen/Qwen2.5-Omni-7B,666489,full_0-8k,Tsik,Seep,Seep,false,1
Qwen/Qwen2.5-Omni-7B,666571,full_0-8k,Tsik,Tsik,Tsik,true,1
Qwen/Qwen2.5-Omni-7B,666726,full_0-8k,Tsik,Tsik,Tsik,true,1
Qwen/Qwen2.5-Omni-7B,666835,full_0-8k,Tsik,Tsik,Tsik,true,1
Qwen/Qwen2.5-Omni-7B,667582,full_0-8k,Tsik,Tsik,Tsik,true,1
Qwen/Qwen2.5-Omni-7B,668393,full_0-8k,Tsik,Tsik,Tsik,true,1
Qwen/Qwen2.5-Omni-7B,668980,full_0-8k,Tsik,Tsik,Tsik,true,1
Qwen/Qwen2.5-Omni-7B,669789,full_0-8k,Tsik,Tsik,Tsik,true,1
Qwen/Qwen2.5-Omni-7B,687663,full_0-8k,Tsik,Tsik,Tsik,true,1
Qwen/Qwen2.5-Omni-7B,716490,full_0-8k,Tsik,Tsik,Tsik,true,1
Qwen/Qwen2.5-Omni-7B,746198,full_0-8k,Tsik,Tsik,Tsik,true,1
Qwen/Qwen2.5-Omni-7B,753447,full_0-8k,Tsik,Tsik,Tsik,true,1
Qwen/Qwen2.5-Omni-7B,755986,full_0-8k,Tsik,Tsik,Tsik,true,1
Qwen/Qwen2.5-Omni-7B,770417,full_0-8k,Tsik,Tsik,Tsik,true,1
Qwen/Qwen2.5-Omni-7B,770853,full_0-8k,Tsik,Tsik,Tsik,true,1
Qwen/Qwen2.5-Omni-7B,779744,full_0-8k,Tsik,Tsik,Tsik,true,1
Qwen/Qwen2.5-Omni-7B,784804,full_0-8k,Tsik,Tsik,Tsik,true,1
Qwen/Qwen2.5-Omni-7B,787004,full_0-8k,Tsik,Tsik,Tsik,true,1
Qwen/Qwen2.5-Omni-7B,792714,full_0-8k,Tsik,Tsik,Tsik,true,1
Qwen/Qwen2.5-Omni-7B,799377,full_0-8k,Tsik,Tsik,Tsik,true,1
Qwen/Qwen2.5-Omni-7B,801091,full_0-8k,Tsik,Tsik,Tsik,true,1
Qwen/Qwen2.5-Omni-7B,804713,full_0-8k,Tsik,Seep,Seep,false,1
Qwen/Qwen2.5-Omni-7B,805029,full_0-8k,Tsik,Seep,Seep,false,1
Qwen/Qwen2.5-Omni-7B,807122,full_0-8k,Tsik,Tsik,Tsik,true,1
Qwen/Qwen2.5-Omni-7B,816990,full_0-8k,Tsik,Tsik,Tsik,true,1
Qwen/Qwen2.5-Omni-7B,84423,full_0-8k,Tsik,Tsik,Tsik,true,1
Qwen/Qwen2.5-Omni-7B,847877,full_0-8k,Tsik,Phee,Phee,false,1
Qwen/Qwen2.5-Omni-7B,853911,full_0-8k,Tsik,Tsik,Tsik,true,1
Qwen/Qwen2.5-Omni-7B,867489,full_0-8k,Tsik,Seep,Seep,false,1
Qwen/Qwen2.5-Omni-7B,137886,full_0-8k,Twitter,Twitter,Twitter,true,1
Qwen/Qwen2.5-Omni-7B,152770,full_0-8k,Twitter,Phee,Phee,false,1
Qwen/Qwen2.5-Omni-7B,166603,full_0-8k,Twitter,Seep,Seep,false,1
Qwen/Qwen2.5-Omni-7B,174653,full_0-8k,Twitter,Twitter,Twitter,true,1
Qwen/Qwen2.5-Omni-7B,205050,full_0-8k,Twitter,Tsik,Tsik,false,1
Qwen/Qwen2.5-Omni-7B,211769,full_0-8k,Twitter,Tsik,Tsik,false,1
Qwen/Qwen2.5-Omni-7B,223149,full_0-8k,Twitter,Phee,Phee,false,1
Qwen/Qwen2.5-Omni-7B,223184,full_0-8k,Twitter,Tsik,Tsik,false,1
Qwen/Qwen2.5-Omni-7B,223365,full_0-8k,Twitter,Tsik,Tsik,false,1
Qwen/Qwen2.5-Omni-7B,227303,full_0-8k,Twitter,Tsik,Tsik,false,1
Qwen/Qwen2.5-Omni-7B,228842,full_0-8k,Twitter,Phee,Phee,false,1
Qwen/Qwen2.5-Omni-7B,241125,full_0-8k,Twitter,Phee,Phee,false,1
Qwen/Qwen2.5-Omni-7B,248263,full_0-8k,Twitter,Tsik,Tsik,false,1
Qwen/Qwen2.5-Omni-7B,248296,full_0-8k,Twitter,Twitter,Twitter,true,1
Qwen/Qwen2.5-Omni-7B,250172,full_0-8k,Twitter,Seep,Seep,false,1
Qwen/Qwen2.5-Omni-7B,273977,full_0-8k,Twitter,Phee,Phee,false,1
Qwen/Qwen2.5-Omni-7B,274918,full_0-8k,Twitter,Seep,Seep,false,1
Qwen/Qwen2.5-Omni-7B,293662,full_0-8k,Twitter,Tsik,Tsik,false,1
Qwen/Qwen2.5-Omni-7B,313999,full_0-8k,Twitter,Tsik,Tsik,false,1
Qwen/Qwen2.5-Omni-7B,363877,full_0-8k,Twitter,Phee,Phee,false,1
Qwen/Qwen2.5-Omni-7B,36522,full_0-8k,Twitter,Phee,Phee,false,1
Qwen/Qwen2.5-Omni-7B,380174,full_0-8k,Twitter,Phee,Phee,false,1
Qwen/Qwen2.5-Omni-7B,386889,full_0-8k,Twitter,Seep,Seep,false,1
Qwen/Qwen2.5-Omni-7B,400874,full_0-8k,Twitter,Phee,Phee,false,1
Qwen/Qwen2.5-Omni-7B,43726,full_0-8k,Twitter,Phee,Phee,false,1
Qwen/Qwen2.5-Omni-7B,442547,full_0-8k,Twitter,Seep,Seep,false,1
Qwen/Qwen2.5-Omni-7B,452855,full_0-8k,Twitter,Seep,Seep,false,1
Qwen/Qwen2.5-Omni-7B,508634,full_0-8k,Twitter,Twitter,Twitter,true,1
Qwen/Qwen2.5-Omni-7B,508636,full_0-8k,Twitter,Tsik,Tsik,false,1
Qwen/Qwen2.5-Omni-7B,508695,full_0-8k,Twitter,Seep,Seep,false,1
Qwen/Qwen2.5-Omni-7B,508749,full_0-8k,Twitter,Tsik,Tsik,false,1
Qwen/Qwen2.5-Omni-7B,508777,full_0-8k,Twitter,Tsik,Tsik,false,1
Qwen/Qwen2.5-Omni-7B,508828,full_0-8k,Twitter,Tsik,Tsik,false,1
Qwen/Qwen2.5-Omni-7B,508830,full_0-8k,Twitter,Phee,Phee,false,1
Qwen/Qwen2.5-Omni-7B,508964,full_0-8k,Twitter,Phee,Phee,false,1
Qwen/Qwen2.5-Omni-7B,508992,full_0-8k,Twitter,Seep,Seep,false,1
Qwen/Qwen2.5-Omni-7B,508993,full_0-8k,Twitter,Seep,Seep,false,1
Qwen/Qwen2.5-Omni-7B,509005,full_0-8k,Twitter,Tsik,Tsik,false,1
Qwen/Qwen2.5-Omni-7B,509006,full_0-8k,Twitter,Tsik,Tsik,false,1
Qwen/Qwen2.5-Omni-7B,509008,full_0-8k,Twitter,Phee,Phee,false,1
Qwen/Qwen2.5-Omni-7B,509026,full_0-8k,Twitter,Tsik,Tsik,false,1
Qwen/Qwen2.5-Omni-7B,509046,full_0-8k,Twitter,Tsik,Tsik,false,1
Qwen/Qwen2.5-Omni-7B,509087,full_0-8k,Twitter,Seep,Seep,false,1
Qwen/Qwen2.5-Omni-7B,511735,full_0-8k,Twitter,Tsik,Tsik,false,1
Qwen/Qwen2.5-Omni-7B,525243,full_0-8k,Twitter,Seep,Seep,false,1
Qwen/Qwen2.5-Omni-7B,525561,full_0-8k,Twitter,Tsik,Tsik,false,1
Qwen/Qwen2.5-Omni-7B,525562,full_0-8k,Twitter,Tsik,Tsik,false,1
Qwen/Qwen2.5-Omni-7B,527487,full_0-8k,Twitter,Twitter,Twitter,true,1
Qwen/Qwen2.5-Omni-7B,539125,full_0-8k,Twitter,Twitter,Twitter,true,1
Qwen/Qwen2.5-Omni-7B,547929,full_0-8k,Twitter,Tsik,Tsik,false,1
Qwen/Qwen2.5-Omni-7B,550353,full_0-8k,Twitter,Phee,Phee,false,1
Qwen/Qwen2.5-Omni-7B,550482,full_0-8k,Twitter,Phee,Phee,false,1
Qwen/Qwen2.5-Omni-7B,5555,full_0-8k,Twitter,Tsik,Tsik,false,1
Qwen/Qwen2.5-Omni-7B,556866,full_0-8k,Twitter,Seep,Seep,false,1
Qwen/Qwen2.5-Omni-7B,557194,full_0-8k,Twitter,Tsik,Tsik,false,1
Qwen/Qwen2.5-Omni-7B,558285,full_0-8k,Twitter,Phee,Phee,false,1
Qwen/Qwen2.5-Omni-7B,567471,full_0-8k,Twitter,Tsik,Tsik,false,1
Qwen/Qwen2.5-Omni-7B,582722,full_0-8k,Twitter,Tsik,Tsik,false,1
Qwen/Qwen2.5-Omni-7B,584396,full_0-8k,Twitter,Tsik,Tsik,false,1
Qwen/Qwen2.5-Omni-7B,592286,full_0-8k,Twitter,Twitter,Twitter,true,1
Qwen/Qwen2.5-Omni-7B,598116,full_0-8k,Twitter,Phee,Phee,false,1
Qwen/Qwen2.5-Omni-7B,598781,full_0-8k,Twitter,Seep,Seep,false,1
Qwen/Qwen2.5-Omni-7B,600731,full_0-8k,Twitter,Phee,Phee,false,1
Qwen/Qwen2.5-Omni-7B,601927,full_0-8k,Twitter,Phee,Phee,false,1
Qwen/Qwen2.5-Omni-7B,602268,full_0-8k,Twitter,Twitter,Twitter,true,1
Qwen/Qwen2.5-Omni-7B,622260,full_0-8k,Twitter,Phee,Phee,false,1
Qwen/Qwen2.5-Omni-7B,622758,full_0-8k,Twitter,Phee,Phee,false,1
Qwen/Qwen2.5-Omni-7B,623573,full_0-8k,Twitter,Phee,Phee,false,1
Qwen/Qwen2.5-Omni-7B,624179,full_0-8k,Twitter,Twitter,Twitter,true,1
Qwen/Qwen2.5-Omni-7B,625053,full_0-8k,Twitter,Twitter,Twitter,true,1
Qwen/Qwen2.5-Omni-7B,632381,full_0-8k,Twitter,Phee,Phee,false,1
Qwen/Qwen2.5-Omni-7B,645428,full_0-8k,Twitter,Tsik,Tsik,false,1
Qwen/Qwen2.5-Omni-7B,648272,full_0-8k,Twitter,Tsik,Tsik,false,1
Qwen/Qwen2.5-Omni-7B,651229,full_0-8k,Twitter,Tsik,Tsik,false,1
Qwen/Qwen2.5-Omni-7B,662800,full_0-8k,Twitter,Phee,Phee,false,1
Qwen/Qwen2.5-Omni-7B,667201,full_0-8k,Twitter,Tsik,Tsik,false,1
Qwen/Qwen2.5-Omni-7B,678522,full_0-8k,Twitter,Phee,Phee,false,1
Qwen/Qwen2.5-Omni-7B,680295,full_0-8k,Twitter,Tsik,Tsik,false,1
Qwen/Qwen2.5-Omni-7B,680791,full_0-8k,Twitter,Tsik,Tsik,false,1
Qwen/Qwen2.5-Omni-7B,699227,full_0-8k,Twitter,Twitter,Twitter,true,1
Qwen/Qwen2.5-Omni-7B,737715,full_0-8k,Twitter,Phee,Phee,false,1
Qwen/Qwen2.5-Omni-7B,766645,full_0-8k,Twitter,Phee,Phee,false,1
Qwen/Qwen2.5-Omni-7B,768697,full_0-8k,Twitter,Tsik,Tsik,false,1
Qwen/Qwen2.5-Omni-7B,786011,full_0-8k,Twitter,Phee,Phee,false,1
Qwen/Qwen2.5-Omni-7B,79941,full_0-8k,Twitter,Tsik,Tsik,false,1
Qwen/Qwen2.5-Omni-7B,805513,full_0-8k,Twitter,Tsik,Tsik,false,1
Qwen/Qwen2.5-Omni-7B,807189,full_0-8k,Twitter,Phee,Phee,false,1
Qwen/Qwen2.5-Omni-7B,811393,full_0-8k,Twitter,Phee,Phee,false,1
Qwen/Qwen2.5-Omni-7B,8116,full_0-8k,Twitter,Twitter,Twitter,true,1
Qwen/Qwen2.5-Omni-7B,820757,full_0-8k,Twitter,Tsik,Tsik,false,1
Qwen/Qwen2.5-Omni-7B,826133,full_0-8k,Twitter,Tsik,Tsik,false,1
Qwen/Qwen2.5-Omni-7B,836799,full_0-8k,Twitter,Seep,Seep,false,1
Qwen/Qwen2.5-Omni-7B,844274,full_0-8k,Twitter,Tsik,Tsik,false,1
Qwen/Qwen2.5-Omni-7B,84477,full_0-8k,Twitter,Phee,Phee,false,1
Qwen/Qwen2.5-Omni-7B,851385,full_0-8k,Twitter,Phee,Phee,false,1
Qwen/Qwen2.5-Omni-7B,861853,full_0-8k,Twitter,Twitter,Twitter,true,1
Qwen/Qwen2.5-Omni-7B,866525,full_0-8k,Twitter,Seep,Seep,false,1
Qwen/Qwen2.5-Omni-7B,866533,full_0-8k,Twitter,Seep,Seep,false,1
Qwen/Qwen2.5-Omni-7B,866838,full_0-8k,Twitter,Seep,Seep,false,1
Qwen/Qwen2.5-Omni-7B,131555,full_0-8k,Infant Cry,Tsik,Tsik,false,1
Qwen/Qwen2.5-Omni-7B,131555,lp_0-1000,Infant Cry,Seep,Seep,false,1
Qwen/Qwen2.5-Omni-7B,131555,lp_0-2000,Infant Cry,Seep,Seep,false,1
Qwen/Qwen2.5-Omni-7B,131555,lp_0-4000,Infant Cry,Phee,Phee,false,1
Qwen/Qwen2.5-Omni-7B,131555,lp_0-6000,Infant Cry,Phee,Phee,false,1
Qwen/Qwen2.5-Omni-7B,131555,lp_0-8000,Infant Cry,Tsik,Tsik,false,1
Qwen/Qwen2.5-Omni-7B,131555,remove_0-1000,Infant Cry,Tsik,Tsik,false,1
Qwen/Qwen2.5-Omni-7B,131555,remove_1000-2000,Infant Cry,Seep,Seep,false,1
Qwen/Qwen2.5-Omni-7B,131555,remove_2000-4000,Infant Cry,Tsik,Tsik,false,1
Qwen/Qwen2.5-Omni-7B,131555,remove_4000-6000,Infant Cry,Tsik,Tsik,false,1
Qwen/Qwen2.5-Omni-7B,131555,remove_6000-8000,Infant Cry,Tsik,Tsik,false,1
Qwen/Qwen2.5-Omni-7B,162983,full_0-8k,Infant Cry,Seep,Seep,false,1
Qwen/Qwen2.5-Omni-7B,162983,lp_0-1000,Infant Cry,Seep,Seep,false,1
Qwen/Qwen2.5-Omni-7B,162983,lp_0-2000,Infant Cry,Phee,Phee,false,1
Qwen/Qwen2.5-Omni-7B,162983,lp_0-4000,Infant Cry,Phee,Phee,false,1
Qwen/Qwen2.5-Omni-7B,162983,lp_0-6000,Infant Cry,Phee,Phee,false,1
Qwen/Qwen2.5-Omni-7B,162983,lp_0-8000,Infant Cry,Seep,Seep,false,1
Qwen/Qwen2.5-Omni-7B,162983,remove_0-1000,Infant Cry,Seep,Seep,false,1
Qwen/Qwen2.5-Omni-7B,162983,remove_1000-2000,Infant Cry,Seep,Seep,false,1
Qwen/Qwen2.5-Omni-7B,162983,remove_2000-4000,Infant Cry,Seep,Seep,false,1
Qwen/Qwen2.5-Omni-7B,162983,remove_4000-6000,Infant Cry,Seep,Seep,false,1
Qwen/Qwen2.5-Omni-7B,162983,remove_6000-8000,Infant Cry,Phee,Phee,false,1
Qwen/Qwen2.5-Omni-7B,193131,full_0-8k,Infant Cry,Seep,Seep,false,1
Qwen/Qwen2.5-Omni-7B,193131,lp_0-1000,Infant Cry,Phee,Phee,false,1
Qwen/Qwen2.5-Omni-7B,193131,lp_0-2000,Infant Cry,Phee,Phee,false,1
Qwen/Qwen2.5-Omni-7B,193131,lp_0-4000,Infant Cry,Phee,Phee,false,1
Qwen/Qwen2.5-Omni-7B,193131,lp_0-6000,Infant Cry,Seep,Seep,false,1
Qwen/Qwen2.5-Omni-7B,193131,lp_0-8000,Infant Cry,Seep,Seep,false,1
Qwen/Qwen2.5-Omni-7B,193131,remove_0-1000,Infant Cry,Tsik,Tsik,false,1
Qwen/Qwen2.5-Omni-7B,193131,remove_1000-2000,Infant Cry,Seep,Seep,false,1
Qwen/Qwen2.5-Omni-7B,193131,remove_2000-4000,Infant Cry,Seep,Seep,false,1
Qwen/Qwen2.5-Omni-7B,193131,remove_4000-6000,Infant Cry,Seep,Seep,false,1
Qwen/Qwen2.5-Omni-7B,193131,remove_6000-8000,Infant Cry,Seep,Seep,false,1
Qwen/Qwen2.5-Omni-7B,201275,full_0-8k,Infant Cry,Seep,Seep,false,1
Qwen/Qwen2.5-Omni-7B,201275,lp_0-1000,Infant Cry,Seep,Seep,false,1
Qwen/Qwen2.5-Omni-7B,201275,lp_0-2000,Infant Cry,Phee,Phee,false,1
Qwen/Qwen2.5-Omni-7B,201275,lp_0-4000,Infant Cry,Phee,Phee,false,1
Qwen/Qwen2.5-Omni-7B,201275,lp_0-6000,Infant Cry,Phee,Phee,false,1
Qwen/Qwen2.5-Omni-7B,201275,lp_0-8000,Infant Cry,Tsik,Tsik,false,1
Qwen/Qwen2.5-Omni-7B,201275,remove_0-1000,Infant Cry,Tsik,Tsik,false,1
Qwen/Qwen2.5-Omni-7B,201275,remove_1000-2000,Infant Cry,Seep,Seep,false,1
Qwen/Qwen2.5-Omni-7B,201275,remove_2000-4000,Infant Cry,Tsik,Tsik,false,1
Qwen/Qwen2.5-Omni-7B,201275,remove_4000-6000,Infant Cry,Tsik,Tsik,false,1
Qwen/Qwen2.5-Omni-7B,201275,remove_6000-8000,Infant Cry,Phee,Phee,false,1
Qwen/Qwen2.5-Omni-7B,213327,full_0-8k,Infant Cry,Seep,Seep,false,1
Qwen/Qwen2.5-Omni-7B,213327,lp_0-1000,Infant Cry,Seep,Seep,false,1
Qwen/Qwen2.5-Omni-7B,213327,lp_0-2000,Infant Cry,Phee,Phee,false,1
Qwen/Qwen2.5-Omni-7B,213327,lp_0-4000,Infant Cry,Phee,Phee,false,1
Qwen/Qwen2.5-Omni-7B,213327,lp_0-6000,Infant Cry,Tsik,Tsik,false,1
Qwen/Qwen2.5-Omni-7B,213327,lp_0-8000,Infant Cry,Seep,Seep,false,1
Qwen/Qwen2.5-Omni-7B,213327,remove_0-1000,Infant Cry,Seep,Seep,false,1
Qwen/Qwen2.5-Omni-7B,213327,remove_1000-2000,Infant Cry,Seep,Seep,false,1
Qwen/Qwen2.5-Omni-7B,213327,remove_2000-4000,Infant Cry,Seep,Seep,false,1
Qwen/Qwen2.5-Omni-7B,213327,remove_4000-6000,Infant Cry,Seep,Seep,false,1
Qwen/Qwen2.5-Omni-7B,213327,remove_6000-8000,Infant Cry,Seep,Seep,false,1
Qwen/Qwen2.5-Omni-7B,221925,full_0-8k,Infant Cry,Seep,Seep,false,1
Qwen/Qwen2.5-Omni-7B,221925,lp_0-1000,Infant Cry,Seep,Seep,false,1
Qwen/Qwen2.5-Omni-7B,221925,lp_0-2000,Infant Cry,Phee,Phee,false,1
Qwen/Qwen2.5-Omni-7B,221925,lp_0-4000,Infant Cry,Phee,Phee,false,1
Qwen/Qwen2.5-Omni-7B,221925,lp_0-6000,Infant Cry,Phee,Phee,false,1
Qwen/Qwen2.5-Omni-7B,221925,lp_0-8000,Infant Cry,Seep,Seep,false,1
Qwen/Qwen2.5-Omni-7B,221925,remove_0-1000,Infant Cry,Phee,Phee,false,1
Qwen/Qwen2.5-Omni-7B,221925,remove_1000-2000,Infant Cry,Seep,Seep,false,1
Qwen/Qwen2.5-Omni-7B,221925,remove_2000-4000,Infant Cry,Seep,Seep,false,1
Qwen/Qwen2.5-Omni-7B,221925,remove_4000-6000,Infant Cry,Seep,Seep,false,1
Qwen/Qwen2.5-Omni-7B,221925,remove_6000-8000,Infant Cry,Seep,Seep,false,1
Qwen/Qwen2.5-Omni-7B,223069,full_0-8k,Infant Cry,Phee,Phee,false,1
Qwen/Qwen2.5-Omni-7B,223069,lp_0-1000,Infant Cry,Phee,Phee,false,1
Qwen/Qwen2.5-Omni-7B,223069,lp_0-2000,Infant Cry,Phee,Phee,false,1
Qwen/Qwen2.5-Omni-7B,223069,lp_0-4000,Infant Cry,Phee,Phee,false,1
Qwen/Qwen2.5-Omni-7B,223069,lp_0-6000,Infant Cry,Phee,Phee,false,1
Qwen/Qwen2.5-Omni-7B,223069,lp_0-8000,Infant Cry,Phee,Phee,false,1
Qwen/Qwen2.5-Omni-7B,223069,remove_0-1000,Infant Cry,Seep,Seep,false,1
Qwen/Qwen2.5-Omni-7B,223069,remove_1000-2000,Infant Cry,Phee,Phee,false,1
Qwen/Qwen2.5-Omni-7B,223069,remove_2000-4000,Infant Cry,Tsik,Tsik,false,1
Qwen/Qwen2.5-Omni-7B,223069,remove_4000-6000,Infant Cry,Phee,Phee,false,1
Qwen/Qwen2.5-Omni-7B,223069,remove_6000-8000,Infant Cry,Phee,Phee,false,1
Qwen/Qwen2.5-Omni-7B,223077,full_0-8k,Infant Cry,Tsik,Tsik,false,1
Qwen/Qwen2.5-Omni-7B,223077,lp_0-1000,Infant Cry,Seep,Seep,false,1
Qwen/Qwen2.5-Omni-7B,223077,lp_0-2000,Infant Cry,Phee,Phee,false,1
Qwen/Qwen2.5-Omni-7B,223077,lp_0-4000,Infant Cry,Phee,Phee,false,1
Qwen/Qwen2.5-Omni-7B,223077,lp_0-6000,Infant Cry,Phee,Phee,false,1
Qwen/Qwen2.5-Omni-7B,223077,lp_0-8000,Infant Cry,Tsik,Tsik,false,1
Qwen/Qwen2.5-Omni-7B,223077,remove_0-1000,Infant Cry,Tsik,Tsik,false,1
Qwen/Qwen2.5-Omni-7B,223077,remove_1000-2000,Infant Cry,Tsik,Tsik,false,1
Qwen/Qwen2.5-Omni-7B,223077,remove_2000-4000,Infant Cry,Tsik,Tsik,false,1
Qwen/Qwen2.5-Omni-7B,223077,remove_4000-6000,Infant Cry,Tsik,Tsik,false,1
Qwen/Qwen2.5-Omni-7B,223077,remove_6000-8000,Infant Cry,Phee,Phee,false,1
Qwen/Qwen2.5-Omni-7B,223247,full_0-8k,Infant Cry,Tsik,Tsik,false,1
Qwen/Qwen2.5-Omni-7B,223247,lp_0-1000,Infant Cry,Seep,Seep,false,1
Qwen/Qwen2.5-Omni-7B,223247,lp_0-2000,Infant Cry,Phee,Phee,false,1
Qwen/Qwen2.5-Omni-7B,223247,lp_0-4000,Infant Cry,Phee,Phee,false,1
Qwen/Qwen2.5-Omni-7B,223247,lp_0-6000,Infant Cry,Phee,Phee,false,1
Qwen/Qwen2.5-Omni-7B,223247,lp_0-8000,Infant Cry,Tsik,Tsik,false,1
Qwen/Qwen2.5-Omni-7B,223247,remove_0-1000,Infant Cry,Seep,Seep,false,1
Qwen/Qwen2.5-Omni-7B,223247,remove_1000-2000,Infant Cry,Phee,Phee,false,1
Qwen/Qwen2.5-Omni-7B,223247,remove_2000-4000,Infant Cry,Phee,Phee,false,1
Qwen/Qwen2.5-Omni-7B,223247,remove_4000-6000,Infant Cry,Phee,Phee,false,1
Qwen/Qwen2.5-Omni-7B,223247,remove_6000-8000,Infant Cry,Phee,Phee,false,1
Qwen/Qwen2.5-Omni-7B,223262,full_0-8k,Infant Cry,Seep,Seep,false,1
Qwen/Qwen2.5-Omni-7B,223262,lp_0-1000,Infant Cry,Seep,Seep,false,1
Qwen/Qwen2.5-Omni-7B,223262,lp_0-2000,Infant Cry,Phee,Phee,false,1
Qwen/Qwen2.5-Omni-7B,223262,lp_0-4000,Infant Cry,Phee,Phee,false,1
Qwen/Qwen2.5-Omni-7B,223262,lp_0-6000,Infant Cry,Seep,Seep,false,1
Qwen/Qwen2.5-Omni-7B,223262,lp_0-8000,Infant Cry,Seep,Seep,false,1
Qwen/Qwen2.5-Omni-7B,223262,remove_0-1000,Infant Cry,Seep,Seep,false,1
Qwen/Qwen2.5-Omni-7B,223262,remove_1000-2000,Infant Cry,Seep,Seep,false,1
Qwen/Qwen2.5-Omni-7B,223262,remove_2000-4000,Infant Cry,Phee,Phee,false,1
Qwen/Qwen2.5-Omni-7B,223262,remove_4000-6000,Infant Cry,Seep,Seep,false,1
Qwen/Qwen2.5-Omni-7B,223262,remove_6000-8000,Infant Cry,Seep,Seep,false,1
Qwen/Qwen2.5-Omni-7B,223312,full_0-8k,Infant Cry,Tsik,Tsik,false,1
Qwen/Qwen2.5-Omni-7B,223312,lp_0-1000,Infant Cry,Seep,Seep,false,1
Qwen/Qwen2.5-Omni-7B,223312,lp_0-2000,Infant Cry,Phee,Phee,false,1
Qwen/Qwen2.5-Omni-7B,223312,lp_0-4000,Infant Cry,Phee,Phee,false,1
Qwen/Qwen2.5-Omni-7B,223312,lp_0-6000,Infant Cry,Phee,Phee,false,1
Qwen/Qwen2.5-Omni-7B,223312,lp_0-8000,Infant Cry,Tsik,Tsik,false,1
Qwen/Qwen2.5-Omni-7B,223312,remove_0-1000,Infant Cry,Tsik,Tsik,false,1
Qwen/Qwen2.5-Omni-7B,223312,remove_1000-2000,Infant Cry,Tsik,Tsik,false,1
Qwen/Qwen2.5-Omni-7B,223312,remove_2000-4000,Infant Cry,Seep,Seep,false,1
Qwen/Qwen2.5-Omni-7B,223312,remove_4000-6000,Infant Cry,Seep,Seep,false,1
Qwen/Qwen2.5-Omni-7B,223312,remove_6000-8000,Infant Cry,Seep,Seep,false,1
Qwen/Qwen2.5-Omni-7B,223332,full_0-8k,Infant Cry,Seep,Seep,false,1
Qwen/Qwen2.5-Omni-7B,223332,lp_0-1000,Infant Cry,Phee,Phee,false,1
Qwen/Qwen2.5-Omni-7B,223332,lp_0-2000,Infant Cry,Phee,Phee,false,1
Qwen/Qwen2.5-Omni-7B,223332,lp_0-4000,Infant Cry,Phee,Phee,false,1
Qwen/Qwen2.5-Omni-7B,223332,lp_0-6000,Infant Cry,Seep,Seep,false,1
Qwen/Qwen2.5-Omni-7B,223332,lp_0-8000,Infant Cry,Seep,Seep,false,1
Qwen/Qwen2.5-Omni-7B,223332,remove_0-1000,Infant Cry,Seep,Seep,false,1
Qwen/Qwen2.5-Omni-7B,223332,remove_1000-2000,Infant Cry,Seep,Seep,false,1
Qwen/Qwen2.5-Omni-7B,223332,remove_2000-4000,Infant Cry,Seep,Seep,false,1
Qwen/Qwen2.5-Omni-7B,223332,remove_4000-6000,Infant Cry,Seep,Seep,false,1
Qwen/Qwen2.5-Omni-7B,223332,remove_6000-8000,Infant Cry,Seep,Seep,false,1
Qwen/Qwen2.5-Omni-7B,223352,full_0-8k,Infant Cry,Seep,Seep,false,1
Qwen/Qwen2.5-Omni-7B,223352,lp_0-1000,Infant Cry,Seep,Seep,false,1
Qwen/Qwen2.5-Omni-7B,223352,lp_0-2000,Infant Cry,Seep,Seep,false,1
Qwen/Qwen2.5-Omni-7B,223352,lp_0-4000,Infant Cry,Phee,Phee,false,1
Qwen/Qwen2.5-Omni-7B,223352,lp_0-6000,Infant Cry,Tsik,Tsik,false,1
Qwen/Qwen2.5-Omni-7B,223352,lp_0-8000,Infant Cry,Seep,Seep,false,1
Qwen/Qwen2.5-Omni-7B,223352,remove_0-1000,Infant Cry,Seep,Seep,false,1
Qwen/Qwen2.5-Omni-7B,223352,remove_1000-2000,Infant Cry,Seep,Seep,false,1
