model_id,event_id,condition,target,raw_prediction,prediction,correct
Qwen/Qwen2.5-Omni-3B,131555,full_0-8k,Infant Cry,Phee,Phee,false
Qwen/Qwen2.5-Omni-3B,162983,full_0-8k,Infant Cry,Phee,Phee,false
Qwen/Qwen2.5-Omni-3B,193131,full_0-8k,Infant Cry,Phee,Phee,false
Qwen/Qwen2.5-Omni-3B,201275,full_0-8k,Infant Cry,Phee,Phee,false
Qwen/Qwen2.5-Omni-3B,213327,full_0-8k,Infant Cry,Phee,Phee,false
Qwen/Qwen2.5-Omni-3B,221925,full_0-8k,Infant Cry,Phee,Phee,false
Qwen/Qwen2.5-Omni-3B,223069,full_0-8k,Infant Cry,Phee,Phee,false
Qwen/Qwen2.5-Omni-3B,223077,full_0-8k,Infant Cry,Phee,Phee,false
Qwen/Qwen2.5-Omni-3B,223247,full_0-8k,Infant Cry,Phee,Phee,false
Qwen/Qwen2.5-Omni-3B,223262,full_0-8k,Infant Cry,Phee,Phee,false
Qwen/Qwen2.5-Omni-3B,223312,full_0-8k,Infant Cry,Phee,Phee,false
Qwen/Qwen2.5-Omni-3B,223332,full_0-8k,Infant Cry,Phee,Phee,false
Qwen/Qwen2.5-Omni-3B,223352,full_0-8k,Infant Cry,Phee,Phee,false
Qwen/Qwen2.5-Omni-3B,223375,full_0-8k,Infant Cry,Phee,Phee,false
Qwen/Qwen2.5-Omni-3B,223383,full_0-8k,Infant Cry,Phee,Phee,false
Qwen/Qwen2.5-Omni-3B,223396,full_0-8k,Infant Cry,Phee,Phee,false
Qwen/Qwen2.5-Omni-3B,223400,full_0-8k,Infant Cry,Seep,Seep,false
Qwen/Qwen2.5-Omni-3B,223402,full_0-8k,Infant Cry,Phee,Phee,false
Qwen/Qwen2.5-Omni-3B,234304,full_0-8k,Infant Cry,Phee,Phee,false
Qwen/Qwen2.5-Omni-3B,237804,full_0-8k,Infant Cry,Phee,Phee,false
Qwen/Qwen2.5-Omni-3B,238029,full_0-8k,Infant Cry,Phee,Phee,false
Qwen/Qwen2.5-Omni-3B,238142,full_0-8k,Infant Cry,Phee,Phee,false
Qwen/Qwen2.5-Omni-3B,238306,full_0-8k,Infant Cry,Seep,Seep,false
Qwen/Qwen2.5-Omni-3B,299793,full_0-8k,Infant Cry,Phee,Phee,false
Qwen/Qwen2.5-Omni-3B,315549,full_0-8k,Infant Cry,Phee,Phee,false
Qwen/Qwen2.5-Omni-3B,329778,full_0-8k,Infant Cry,Seep,Seep,false
Qwen/Qwen2.5-Omni-3B,342684,full_0-8k,Infant Cry,Phee,Phee,false
Qwen/Qwen2.5-Omni-3B,350340,full_0-8k,Infant Cry,Phee,Phee,false
Qwen/Qwen2.5-Omni-3B,352081,full_0-8k,Infant Cry,Phee,Phee,false
Qwen/Qwen2.5-Omni-3B,354197,full_0-8k,Infant Cry,Phee,Phee,false
Qwen/Qwen2.5-Omni-3B,357670,full_0-8k,Infant Cry,Phee,Phee,false
Qwen/Qwen2.5-Omni-3B,372773,full_0-8k,Infant Cry,Phee,Phee,false
Qwen/Qwen2.5-Omni-3B,401218,full_0-8k,Infant Cry,Phee,Phee,false
Qwen/Qwen2.5-Omni-3B,405841,full_0-8k,Infant Cry,Seep,Seep,false
Qwen/Qwen2.5-Omni-3B,501612,full_0-8k,Infant Cry,Phee,Phee,false
Qwen/Qwen2.5-Omni-3B,508745,full_0-8k,Infant Cry,Phee,Phee,false
Qwen/Qwen2.5-Omni-3B,508764,full_0-8k,Infant Cry,Phee,Phee,false
Qwen/Qwen2.5-Omni-3B,508780,full_0-8k,Infant Cry,Phee,Phee,false
Qwen/Qwen2.5-Omni-3B,508801,full_0-8k,Infant Cry,Phee,Phee,false
Qwen/Qwen2.5-Omni-3B,509083,full_0-8k,Infant Cry,Phee,Phee,false
Qwen/Qwen2.5-Omni-3B,509091,full_0-8k,Infant Cry,Phee,Phee,false
Qwen/Qwen2.5-Omni-3B,509092,full_0-8k,Infant Cry,Phee,Phee,false
Qwen/Qwen2.5-Omni-3B,509100,full_0-8k,Infant Cry,Phee,Phee,false
Qwen/Qwen2.5-Omni-3B,518850,full_0-8k,Infant Cry,Phee,Phee,false
Qwen/Qwen2.5-Omni-3B,524694,full_0-8k,Infant Cry,Phee,Phee,false
Qwen/Qwen2.5-Omni-3B,524878,full_0-8k,Infant Cry,Phee,Phee,false
Qwen/Qwen2.5-Omni-3B,526040,full_0-8k,Infant Cry,Phee,Phee,false
Qwen/Qwen2.5-Omni-3B,526541,full_0-8k,Infant Cry,Phee,Phee,false
Qwen/Qwen2.5-Omni-3B,526671,full_0-8k,Infant Cry,Phee,Phee,false
Qwen/Qwen2.5-Omni-3B,526711,full_0-8k,Infant Cry,Phee,Phee,false
Qwen/Qwen2.5-Omni-3B,540984,full_0-8k,Infant Cry,Phee,Phee,false
Qwen/Qwen2.5-Omni-3B,558438,full_0-8k,Infant Cry,Phee,Phee,false
Qwen/Qwen2.5-Omni-3B,558594,full_0-8k,Infant Cry,Phee,Phee,false
Qwen/Qwen2.5-Omni-3B,558633,full_0-8k,Infant Cry,Phee,Phee,false
Qwen/Qwen2.5-Omni-3B,558689,full_0-8k,Infant Cry,Phee,Phee,false
Qwen/Qwen2.5-Omni-3B,562625,full_0-8k,Infant Cry,Phee,Phee,false
Qwen/Qwen2.5-Omni-3B,565266,full_0-8k,Infant Cry,Phee,Phee,false
Qwen/Qwen2.5-Omni-3B,57995,full_0-8k,Infant Cry,Phee,Phee,false
Qwen/Qwen2.5-Omni-3B,583214,full_0-8k,Infant Cry,Phee,Phee,false
Qwen/Qwen2.5-Omni-3B,596191,full_0-8k,Infant Cry,Phee,Phee,false
Qwen/Qwen2.5-Omni-3B,604234,full_0-8k,Infant Cry,Phee,Phee,false
Qwen/Qwen2.5-Omni-3B,609454,full_0-8k,Infant Cry,Phee,Phee,false
Qwen/Qwen2.5-Omni-3B,612455,full_0-8k,Infant Cry,Phee,Phee,false
Qwen/Qwen2.5-Omni-3B,612456,full_0-8k,Infant Cry,Phee,Phee,false
Qwen/Qwen2.5-Omni-3B,612715,full_0-8k,Infant Cry,Phee,Phee,false
Qwen/Qwen2.5-Omni-3B,618440,full_0-8k,Infant Cry,Seep,Seep,false
Qwen/Qwen2.5-Omni-3B,623676,full_0-8k,Infant Cry,Phee,Phee,false
Qwen/Qwen2.5-Omni-3B,623691,full_0-8k,Infant Cry,Phee,Phee,false
Qwen/Qwen2.5-Omni-3B,628729,full_0-8k,Infant Cry,Phee,Phee,false
Qwen/Qwen2.5-Omni-3B,631861,full_0-8k,Infant Cry,Phee,Phee,false
Qwen/Qwen2.5-Omni-3B,651191,full_0-8k,Infant Cry,Phee,Phee,false
Qwen/Qwen2.5-Omni-3B,657848,full_0-8k,Infant Cry,Seep,Seep,false
Qwen/Qwen2.5-Omni-3B,659272,full_0-8k,Infant Cry,Phee,Phee,false
Qwen/Qwen2.5-Omni-3B,6633,full_0-8k,Infant Cry,Phee,Phee,false
Qwen/Qwen2.5-Omni-3B,664504,full_0-8k,Infant Cry,Phee,Phee,false
Qwen/Qwen2.5-Omni-3B,666082,full_0-8k,Infant Cry,Phee,Phee,false
Qwen/Qwen2.5-Omni-3B,667865,full_0-8k,Infant Cry,Phee,Phee,false
Qwen/Qwen2.5-Omni-3B,667905,full_0-8k,Infant Cry,Phee,Phee,false
Qwen/Qwen2.5-Omni-3B,669950,full_0-8k,Infant Cry,Phee,Phee,false
Qwen/Qwen2.5-Omni-3B,669953,full_0-8k,Infant Cry,Phee,Phee,false
Qwen/Qwen2.5-Omni-3B,670039,full_0-8k,Infant Cry,Phee,Phee,false
Qwen/Qwen2.5-Omni-3B,691528,full_0-8k,Infant Cry,Phee,Phee,false
Qwen/Qwen2.5-Omni-3B,693164,full_0-8k,Infant Cry,Phee,Phee,false
Qwen/Qwen2.5-Omni-3B,695093,full_0-8k,Infant Cry,Phee,Phee,false
Qwen/Qwen2.5-Omni-3B,696291,full_0-8k,Infant Cry,Phee,Phee,false
Qwen/Qwen2.5-Omni-3B,725567,full_0-8k,Infant Cry,Phee,Phee,false
Qwen/Qwen2.5-Omni-3B,729021,full_0-8k,Infant Cry,Phee,Phee,false
Qwen/Qwen2.5-Omni-3B,731937,full_0-8k,Infant Cry,Phee,Phee,false
Qwen/Qwen2.5-Omni-3B,742006,full_0-8k,Infant Cry,Phee,Phee,false
Qwen/Qwen2.5-Omni-3B,763863,full_0-8k,Infant Cry,Phee,Phee,false
Qwen/Qwen2.5-Omni-3B,765458,full_0-8k,Infant Cry,Phee,Phee,false
Qwen/Qwen2.5-Omni-3B,765518,full_0-8k,Infant Cry,Phee,Phee,false
Qwen/Qwen2.5-Omni-3B,786486,full_0-8k,Infant Cry,Phee,Phee,false
Qwen/Qwen2.5-Omni-3B,799579,full_0-8k,Infant Cry,Phee,Phee,false
Qwen/Qwen2.5-Omni-3B,817109,full_0-8k,Infant Cry,Phee,Phee,false
Qwen/Qwen2.5-Omni-3B,817681,full_0-8k,Infant Cry,Phee,Phee,false
Qwen/Qwen2.5-Omni-3B,866025,full_0-8k,Infant Cry,Phee,Phee,false
Qwen/Qwen2.5-Omni-3B,867327,full_0-8k,Infant Cry,Phee,Phee,false
Qwen/Qwen2.5-Omni-3B,868095,full_0-8k,Infant Cry,Phee,Phee,false
Qwen/Qwen2.5-Omni-3B,9024,full_0-8k,Infant Cry,Phee,Phee,false
Qwen/Qwen2.5-Omni-3B,101138,full_0-8k,Phee,Seep,Seep,false
Qwen/Qwen2.5-Omni-3B,108998,full_0-8k,Phee,Seep,Seep,false
Qwen/Qwen2.5-Omni-3B,161381,full_0-8k,Phee,Phee,Phee,true
Qwen/Qwen2.5-Omni-3B,202978,full_0-8k,Phee,Phee,Phee,true
Qwen/Qwen2.5-Omni-3B,209319,full_0-8k,Phee,Phee,Phee,true
Qwen/Qwen2.5-Omni-3B,211839,full_0-8k,Phee,Phee,Phee,true
Qwen/Qwen2.5-Omni-3B,221515,full_0-8k,Phee,Phee,Phee,true
Qwen/Qwen2.5-Omni-3B,223107,full_0-8k,Phee,Phee,Phee,true
Qwen/Qwen2.5-Omni-3B,223154,full_0-8k,Phee,Phee,Phee,true
Qwen/Qwen2.5-Omni-3B,223196,full_0-8k,Phee,Phee,Phee,true
Qwen/Qwen2.5-Omni-3B,223198,full_0-8k,Phee,Seep,Seep,false
Qwen/Qwen2.5-Omni-3B,223206,full_0-8k,Phee,Phee,Phee,true
Qwen/Qwen2.5-Omni-3B,223208,full_0-8k,Phee,Phee,Phee,true
Qwen/Qwen2.5-Omni-3B,24031,full_0-8k,Phee,Seep,Seep,false
Qwen/Qwen2.5-Omni-3B,242790,full_0-8k,Phee,Phee,Phee,true
Qwen/Qwen2.5-Omni-3B,26795,full_0-8k,Phee,Phee,Phee,true
Qwen/Qwen2.5-Omni-3B,268974,full_0-8k,Phee,Seep,Seep,false
Qwen/Qwen2.5-Omni-3B,285967,full_0-8k,Phee,Phee,Phee,true
Qwen/Qwen2.5-Omni-3B,317391,full_0-8k,Phee,Phee,Phee,true
Qwen/Qwen2.5-Omni-3B,34756,full_0-8k,Phee,Phee,Phee,true
Qwen/Qwen2.5-Omni-3B,36485,full_0-8k,Phee,Phee,Phee,true
Qwen/Qwen2.5-Omni-3B,377896,full_0-8k,Phee,Phee,Phee,true
Qwen/Qwen2.5-Omni-3B,389438,full_0-8k,Phee,Seep,Seep,false
Qwen/Qwen2.5-Omni-3B,395548,full_0-8k,Phee,Phee,Phee,true
Qwen/Qwen2.5-Omni-3B,408631,full_0-8k,Phee,Phee,Phee,true
Qwen/Qwen2.5-Omni-3B,508670,full_0-8k,Phee,Phee,Phee,true
Qwen/Qwen2.5-Omni-3B,508675,full_0-8k,Phee,Phee,Phee,true
Qwen/Qwen2.5-Omni-3B,508696,full_0-8k,Phee,Phee,Phee,true
Qwen/Qwen2.5-Omni-3B,508707,full_0-8k,Phee,Phee,Phee,true
Qwen/Qwen2.5-Omni-3B,508717,full_0-8k,Phee,Seep,Seep,false
Qwen/Qwen2.5-Omni-3B,508775,full_0-8k,Phee,Phee,Phee,true
Qwen/Qwen2.5-Omni-3B,508835,full_0-8k,Phee,Phee,Phee,true
Qwen/Qwen2.5-Omni-3B,508966,full_0-8k,Phee,Phee,Phee,true
Qwen/Qwen2.5-Omni-3B,509009,full_0-8k,Phee,Phee,Phee,true
Qwen/Qwen2.5-Omni-3B,509015,full_0-8k,Phee,Phee,Phee,true
Qwen/Qwen2.5-Omni-3B,509036,full_0-8k,Phee,Phee,Phee,true
Qwen/Qwen2.5-Omni-3B,509047,full_0-8k,Phee,Seep,Seep,false
Qwen/Qwen2.5-Omni-3B,509050,full_0-8k,Phee,Seep,Seep,false
Qwen/Qwen2.5-Omni-3B,511620,full_0-8k,Phee,Phee,Phee,true
Qwen/Qwen2.5-Omni-3B,518079,full_0-8k,Phee,Seep,Seep,false
Qwen/Qwen2.5-Omni-3B,521545,full_0-8k,Phee,Phee,Phee,true
Qwen/Qwen2.5-Omni-3B,525796,full_0-8k,Phee,Seep,Seep,false
Qwen/Qwen2.5-Omni-3B,525942,full_0-8k,Phee,Phee,Phee,true
Qwen/Qwen2.5-Omni-3B,527150,full_0-8k,Phee,Phee,Phee,true
Qwen/Qwen2.5-Omni-3B,527518,full_0-8k,Phee,Phee,Phee,true
Qwen/Qwen2.5-Omni-3B,527789,full_0-8k,Phee,Phee,Phee,true
Qwen/Qwen2.5-Omni-3B,528688,full_0-8k,Phee,Phee,Phee,true
Qwen/Qwen2.5-Omni-3B,536094,full_0-8k,Phee,Phee,Phee,true
Qwen/Qwen2.5-Omni-3B,539354,full_0-8k,Phee,Seep,Seep,false
Qwen/Qwen2.5-Omni-3B,54180,full_0-8k,Phee,Phee,Phee,true
Qwen/Qwen2.5-Omni-3B,547992,full_0-8k,Phee,Phee,Phee,true
Qwen/Qwen2.5-Omni-3B,551590,full_0-8k,Phee,Seep,Seep,false
Qwen/Qwen2.5-Omni-3B,557502,full_0-8k,Phee,Seep,Seep,false
Qwen/Qwen2.5-Omni-3B,558541,full_0-8k,Phee,Phee,Phee,true
Qwen/Qwen2.5-Omni-3B,575225,full_0-8k,Phee,Phee,Phee,true
Qwen/Qwen2.5-Omni-3B,580352,full_0-8k,Phee,Phee,Phee,true
Qwen/Qwen2.5-Omni-3B,582600,full_0-8k,Phee,Phee,Phee,true
Qwen/Qwen2.5-Omni-3B,582669,full_0-8k,Phee,Phee,Phee,true
Qwen/Qwen2.5-Omni-3B,583172,full_0-8k,Phee,Phee,Phee,true
Qwen/Qwen2.5-Omni-3B,583673,full_0-8k,Phee,Phee,Phee,true
Qwen/Qwen2.5-Omni-3B,583769,full_0-8k,Phee,Phee,Phee,true
Qwen/Qwen2.5-Omni-3B,584012,full_0-8k,Phee,Seep,Seep,false
Qwen/Qwen2.5-Omni-3B,590590,full_0-8k,Phee,Phee,Phee,true
Qwen/Qwen2.5-Omni-3B,61472,full_0-8k,Phee,Phee,Phee,true
Qwen/Qwen2.5-Omni-3B,630989,full_0-8k,Phee,Phee,Phee,true
Qwen/Qwen2.5-Omni-3B,631145,full_0-8k,Phee,Phee,Phee,true
Qwen/Qwen2.5-Omni-3B,631485,full_0-8k,Phee,Phee,Phee,true
Qwen/Qwen2.5-Omni-3B,632300,full_0-8k,Phee,Phee,Phee,true
Qwen/Qwen2.5-Omni-3B,632863,full_0-8k,Phee,Phee,Phee,true
Qwen/Qwen2.5-Omni-3B,633531,full_0-8k,Phee,Seep,Seep,false
Qwen/Qwen2.5-Omni-3B,638580,full_0-8k,Phee,Phee,Phee,true
Qwen/Qwen2.5-Omni-3B,639491,full_0-8k,Phee,Phee,Phee,true
Qwen/Qwen2.5-Omni-3B,647588,full_0-8k,Phee,Seep,Seep,false
Qwen/Qwen2.5-Omni-3B,657440,full_0-8k,Phee,Phee,Phee,true
Qwen/Qwen2.5-Omni-3B,658275,full_0-8k,Phee,Phee,Phee,true
Qwen/Qwen2.5-Omni-3B,663233,full_0-8k,Phee,Phee,Phee,true
Qwen/Qwen2.5-Omni-3B,669577,full_0-8k,Phee,Phee,Phee,true
Qwen/Qwen2.5-Omni-3B,704199,full_0-8k,Phee,Phee,Phee,true
Qwen/Qwen2.5-Omni-3B,706021,full_0-8k,Phee,Phee,Phee,true
Qwen/Qwen2.5-Omni-3B,708365,full_0-8k,Phee,Phee,Phee,true
Qwen/Qwen2.5-Omni-3B,734091,full_0-8k,Phee,Seep,Seep,false
Qwen/Qwen2.5-Omni-3B,745366,full_0-8k,Phee,Phee,Phee,true
Qwen/Qwen2.5-Omni-3B,758751,full_0-8k,Phee,Phee,Phee,true
Qwen/Qwen2.5-Omni-3B,773651,full_0-8k,Phee,Phee,Phee,true
Qwen/Qwen2.5-Omni-3B,778988,full_0-8k,Phee,Phee,Phee,true
Qwen/Qwen2.5-Omni-3B,788000,full_0-8k,Phee,Phee,Phee,true
Qwen/Qwen2.5-Omni-3B,794666,full_0-8k,Phee,Phee,Phee,true
Qwen/Qwen2.5-Omni-3B,81234,full_0-8k,Phee,Phee,Phee,true
Qwen/Qwen2.5-Omni-3B,822050,full_0-8k,Phee,Phee,Phee,true
Qwen/Qwen2.5-Omni-3B,822265,full_0-8k,Phee,Phee,Phee,true
Qwen/Qwen2.5-Omni-3B,824405,full_0-8k,Phee,Phee,Phee,true
Qwen/Qwen2.5-Omni-3B,840586,full_0-8k,Phee,Seep,Seep,false
Qwen/Qwen2.5-Omni-3B,851005,full_0-8k,Phee,Phee,Phee,true
Qwen/Qwen2.5-Omni-3B,851788,full_0-8k,Phee,Phee,Phee,true
Qwen/Qwen2.5-Omni-3B,852264,full_0-8k,Phee,Seep,Seep,false
Qwen/Qwen2.5-Omni-3B,857896,full_0-8k,Phee,Phee,Phee,true
Qwen/Qwen2.5-Omni-3B,857970,full_0-8k,Phee,Seep,Seep,false
Qwen/Qwen2.5-Omni-3B,860537,full_0-8k,Phee,Phee,Phee,true
Qwen/Qwen2.5-Omni-3B,862343,full_0-8k,Phee,Phee,Phee,true
Qwen/Qwen2.5-Omni-3B,862520,full_0-8k,Phee,Phee,Phee,true
Qwen/Qwen2.5-Omni-3B,121321,full_0-8k,Seep,Phee,Phee,false
Qwen/Qwen2.5-Omni-3B,135177,full_0-8k,Seep,Phee,Phee,false
Qwen/Qwen2.5-Omni-3B,173793,full_0-8k,Seep,Phee,Phee,false
Qwen/Qwen2.5-Omni-3B,211832,full_0-8k,Seep,Phee,Phee,false
Qwen/Qwen2.5-Omni-3B,211974,full_0-8k,Seep,Phee,Phee,false
Qwen/Qwen2.5-Omni-3B,212002,full_0-8k,Seep,Phee,Phee,false
Qwen/Qwen2.5-Omni-3B,212103,full_0-8k,Seep,Phee,Phee,false
Qwen/Qwen2.5-Omni-3B,212106,full_0-8k,Seep,Phee,Phee,false
Qwen/Qwen2.5-Omni-3B,212109,full_0-8k,Seep,Phee,Phee,false
Qwen/Qwen2.5-Omni-3B,212110,full_0-8k,Seep,Phee,Phee,false
Qwen/Qwen2.5-Omni-3B,212113,full_0-8k,Seep,Phee,Phee,false
Qwen/Qwen2.5-Omni-3B,212116,full_0-8k,Seep,Phee,Phee,false
Qwen/Qwen2.5-Omni-3B,212120,full_0-8k,Seep,Phee,Phee,false
Qwen/Qwen2.5-Omni-3B,212126,full_0-8k,Seep,Seep,Seep,true
Qwen/Qwen2.5-Omni-3B,212127,full_0-8k,Seep,Phee,Phee,false
Qwen/Qwen2.5-Omni-3B,212130,full_0-8k,Seep,Phee,Phee,false
Qwen/Qwen2.5-Omni-3B,223298,full_0-8k,Seep,Phee,Phee,false
Qwen/Qwen2.5-Omni-3B,228489,full_0-8k,Seep,Phee,Phee,false
Qwen/Qwen2.5-Omni-3B,235891,full_0-8k,Seep,Phee,Phee,false
Qwen/Qwen2.5-Omni-3B,237025,full_0-8k,Seep,Phee,Phee,false
Qwen/Qwen2.5-Omni-3B,242947,full_0-8k,Seep,Phee,Phee,false
Qwen/Qwen2.5-Omni-3B,277849,full_0-8k,Seep,Phee,Phee,false
Qwen/Qwen2.5-Omni-3B,285498,full_0-8k,Seep,Phee,Phee,false
Qwen/Qwen2.5-Omni-3B,294079,full_0-8k,Seep,Phee,Phee,false
Qwen/Qwen2.5-Omni-3B,297892,full_0-8k,Seep,Seep,Seep,true
Qwen/Qwen2.5-Omni-3B,303572,full_0-8k,Seep,Phee,Phee,false
Qwen/Qwen2.5-Omni-3B,31828,full_0-8k,Seep,Phee,Phee,false
Qwen/Qwen2.5-Omni-3B,411252,full_0-8k,Seep,Seep,Seep,true
Qwen/Qwen2.5-Omni-3B,414997,full_0-8k,Seep,Phee,Phee,false
Qwen/Qwen2.5-Omni-3B,422474,full_0-8k,Seep,Phee,Phee,false
Qwen/Qwen2.5-Omni-3B,422515,full_0-8k,Seep,Phee,Phee,false
Qwen/Qwen2.5-Omni-3B,46505,full_0-8k,Seep,Phee,Phee,false
Qwen/Qwen2.5-Omni-3B,495081,full_0-8k,Seep,Seep,Seep,true
Qwen/Qwen2.5-Omni-3B,508896,full_0-8k,Seep,Phee,Phee,false
Qwen/Qwen2.5-Omni-3B,509055,full_0-8k,Seep,Phee,Phee,false
Qwen/Qwen2.5-Omni-3B,509060,full_0-8k,Seep,Phee,Phee,false
Qwen/Qwen2.5-Omni-3B,509065,full_0-8k,Seep,Phee,Phee,false
Qwen/Qwen2.5-Omni-3B,523406,full_0-8k,Seep,Phee,Phee,false
Qwen/Qwen2.5-Omni-3B,527437,full_0-8k,Seep,Phee,Phee,false
Qwen/Qwen2.5-Omni-3B,533988,full_0-8k,Seep,Phee,Phee,false
Qwen/Qwen2.5-Omni-3B,539296,full_0-8k,Seep,Phee,Phee,false
Qwen/Qwen2.5-Omni-3B,541326,full_0-8k,Seep,Phee,Phee,false
Qwen/Qwen2.5-Omni-3B,556028,full_0-8k,Seep,Phee,Phee,false
Qwen/Qwen2.5-Omni-3B,571992,full_0-8k,Seep,Phee,Phee,false
Qwen/Qwen2.5-Omni-3B,582662,full_0-8k,Seep,Seep,Seep,true
Qwen/Qwen2.5-Omni-3B,583884,full_0-8k,Seep,Phee,Phee,false
Qwen/Qwen2.5-Omni-3B,584362,full_0-8k,Seep,Phee,Phee,false
Qwen/Qwen2.5-Omni-3B,586064,full_0-8k,Seep,Phee,Phee,false
Qwen/Qwen2.5-Omni-3B,617822,full_0-8k,Seep,Phee,Phee,false
Qwen/Qwen2.5-Omni-3B,619623,full_0-8k,Seep,Phee,Phee,false
Qwen/Qwen2.5-Omni-3B,622417,full_0-8k,Seep,Phee,Phee,false
Qwen/Qwen2.5-Omni-3B,623382,full_0-8k,Seep,Phee,Phee,false
Qwen/Qwen2.5-Omni-3B,623621,full_0-8k,Seep,Phee,Phee,false
Qwen/Qwen2.5-Omni-3B,623713,full_0-8k,Seep,Seep,Seep,true
Qwen/Qwen2.5-Omni-3B,631021,full_0-8k,Seep,Phee,Phee,false
Qwen/Qwen2.5-Omni-3B,637669,full_0-8k,Seep,Phee,Phee,false
Qwen/Qwen2.5-Omni-3B,652668,full_0-8k,Seep,Phee,Phee,false
Qwen/Qwen2.5-Omni-3B,655668,full_0-8k,Seep,Phee,Phee,false
Qwen/Qwen2.5-Omni-3B,655868,full_0-8k,Seep,Phee,Phee,false
Qwen/Qwen2.5-Omni-3B,667130,full_0-8k,Seep,Phee,Phee,false
Qwen/Qwen2.5-Omni-3B,669272,full_0-8k,Seep,Phee,Phee,false
Qwen/Qwen2.5-Omni-3B,669273,full_0-8k,Seep,Phee,Phee,false
Qwen/Qwen2.5-Omni-3B,670290,full_0-8k,Seep,Phee,Phee,false
Qwen/Qwen2.5-Omni-3B,697899,full_0-8k,Seep,Phee,Phee,false
Qwen/Qwen2.5-Omni-3B,715845,full_0-8k,Seep,Phee,Phee,false
Qwen/Qwen2.5-Omni-3B,732993,full_0-8k,Seep,Phee,Phee,false
Qwen/Qwen2.5-Omni-3B,734314,full_0-8k,Seep,Phee,Phee,false
Qwen/Qwen2.5-Omni-3B,736548,full_0-8k,Seep,Phee,Phee,false
Qwen/Qwen2.5-Omni-3B,739815,full_0-8k,Seep,Seep,Seep,true
Qwen/Qwen2.5-Omni-3B,741056,full_0-8k,Seep,Seep,Seep,true
Qwen/Qwen2.5-Omni-3B,769197,full_0-8k,Seep,Seep,Seep,true
Qwen/Qwen2.5-Omni-3B,769489,full_0-8k,Seep,Phee,Phee,false
Qwen/Qwen2.5-Omni-3B,773125,full_0-8k,Seep,Phee,Phee,false
Qwen/Qwen2.5-Omni-3B,781684,full_0-8k,Seep,Phee,Phee,false
Qwen/Qwen2.5-Omni-3B,794037,full_0-8k,Seep,Seep,Seep,true
Qwen/Qwen2.5-Omni-3B,81191,full_0-8k,Seep,Phee,Phee,false
Qwen/Qwen2.5-Omni-3B,857186,full_0-8k,Seep,Phee,Phee,false
Qwen/Qwen2.5-Omni-3B,866515,full_0-8k,Seep,Phee,Phee,false
Qwen/Qwen2.5-Omni-3B,866655,full_0-8k,Seep,Phee,Phee,false
Qwen/Qwen2.5-Omni-3B,102022,full_0-8k,Trill,Seep,Seep,false
Qwen/Qwen2.5-Omni-3B,121474,full_0-8k,Trill,Seep,Seep,false
Qwen/Qwen2.5-Omni-3B,161850,full_0-8k,Trill,Seep,Seep,false
Qwen/Qwen2.5-Omni-3B,172015,full_0-8k,Trill,Seep,Seep,false
Qwen/Qwen2.5-Omni-3B,190781,full_0-8k,Trill,Phee,Phee,false
Qwen/Qwen2.5-Omni-3B,195490,full_0-8k,Trill,Phee,Phee,false
Qwen/Qwen2.5-Omni-3B,223123,full_0-8k,Trill,Seep,Seep,false
Qwen/Qwen2.5-Omni-3B,223144,full_0-8k,Trill,Phee,Phee,false
Qwen/Qwen2.5-Omni-3B,223263,full_0-8k,Trill,Phee,Phee,false
Qwen/Qwen2.5-Omni-3B,233067,full_0-8k,Trill,Phee,Phee,false
Qwen/Qwen2.5-Omni-3B,238981,full_0-8k,Trill,Seep,Seep,false
Qwen/Qwen2.5-Omni-3B,269263,full_0-8k,Trill,Seep,Seep,false
Qwen/Qwen2.5-Omni-3B,343808,full_0-8k,Trill,Seep,Seep,false
Qwen/Qwen2.5-Omni-3B,354379,full_0-8k,Trill,Phee,Phee,false
Qwen/Qwen2.5-Omni-3B,362733,full_0-8k,Trill,Seep,Seep,false
Qwen/Qwen2.5-Omni-3B,397118,full_0-8k,Trill,Seep,Seep,false
Qwen/Qwen2.5-Omni-3B,436313,full_0-8k,Trill,Seep,Seep,false
Qwen/Qwen2.5-Omni-3B,456914,full_0-8k,Trill,Phee,Phee,false
Qwen/Qwen2.5-Omni-3B,463226,full_0-8k,Trill,Seep,Seep,false
Qwen/Qwen2.5-Omni-3B,470849,full_0-8k,Trill,Phee,Phee,false
Qwen/Qwen2.5-Omni-3B,502854,full_0-8k,Trill,Seep,Seep,false
Qwen/Qwen2.5-Omni-3B,51436,full_0-8k,Trill,Phee,Phee,false
Qwen/Qwen2.5-Omni-3B,515398,full_0-8k,Trill,Seep,Seep,false
Qwen/Qwen2.5-Omni-3B,517703,full_0-8k,Trill,Phee,Phee,false
Qwen/Qwen2.5-Omni-3B,526430,full_0-8k,Trill,Seep,Seep,false
Qwen/Qwen2.5-Omni-3B,52861,full_0-8k,Trill,Phee,Phee,false
Qwen/Qwen2.5-Omni-3B,548798,full_0-8k,Trill,Twitter,Twitter,false
Qwen/Qwen2.5-Omni-3B,549295,full_0-8k,Trill,Seep,Seep,false
Qwen/Qwen2.5-Omni-3B,549995,full_0-8k,Trill,Phee,Phee,false
Qwen/Qwen2.5-Omni-3B,561688,full_0-8k,Trill,Seep,Seep,false
Qwen/Qwen2.5-Omni-3B,56195,full_0-8k,Trill,Phee,Phee,false
Qwen/Qwen2.5-Omni-3B,564626,full_0-8k,Trill,Phee,Phee,false
Qwen/Qwen2.5-Omni-3B,572081,full_0-8k,Trill,Phee,Phee,false
Qwen/Qwen2.5-Omni-3B,580149,full_0-8k,Trill,Seep,Seep,false
Qwen/Qwen2.5-Omni-3B,584053,full_0-8k,Trill,Seep,Seep,false
Qwen/Qwen2.5-Omni-3B,589438,full_0-8k,Trill,Phee,Phee,false
Qwen/Qwen2.5-Omni-3B,592253,full_0-8k,Trill,Phee,Phee,false
Qwen/Qwen2.5-Omni-3B,592333,full_0-8k,Trill,Phee,Phee,false
Qwen/Qwen2.5-Omni-3B,592365,full_0-8k,Trill,Seep,Seep,false
Qwen/Qwen2.5-Omni-3B,592485,full_0-8k,Trill,Phee,Phee,false
Qwen/Qwen2.5-Omni-3B,593649,full_0-8k,Trill,Seep,Seep,false
Qwen/Qwen2.5-Omni-3B,594023,full_0-8k,Trill,Phee,Phee,false
Qwen/Qwen2.5-Omni-3B,595018,full_0-8k,Trill,Seep,Seep,false
Qwen/Qwen2.5-Omni-3B,622320,full_0-8k,Trill,Phee,Phee,false
Qwen/Qwen2.5-Omni-3B,624712,full_0-8k,Trill,Seep,Seep,false
Qwen/Qwen2.5-Omni-3B,630476,full_0-8k,Trill,Seep,Seep,false
Qwen/Qwen2.5-Omni-3B,631448,full_0-8k,Trill,Seep,Seep,false
Qwen/Qwen2.5-Omni-3B,633994,full_0-8k,Trill,Phee,Phee,false
Qwen/Qwen2.5-Omni-3B,638810,full_0-8k,Trill,Seep,Seep,false
Qwen/Qwen2.5-Omni-3B,639917,full_0-8k,Trill,Phee,Phee,false
Qwen/Qwen2.5-Omni-3B,649137,full_0-8k,Trill,Phee,Phee,false
Qwen/Qwen2.5-Omni-3B,666889,full_0-8k,Trill,Twitter,Twitter,false
Qwen/Qwen2.5-Omni-3B,667042,full_0-8k,Trill,Seep,Seep,false
Qwen/Qwen2.5-Omni-3B,667091,full_0-8k,Trill,Phee,Phee,false
Qwen/Qwen2.5-Omni-3B,667312,full_0-8k,Trill,Seep,Seep,false
Qwen/Qwen2.5-Omni-3B,668428,full_0-8k,Trill,Seep,Seep,false
Qwen/Qwen2.5-Omni-3B,669075,full_0-8k,Trill,Seep,Seep,false
Qwen/Qwen2.5-Omni-3B,670835,full_0-8k,Trill,Phee,Phee,false
Qwen/Qwen2.5-Omni-3B,679182,full_0-8k,Trill,Phee,Phee,false
Qwen/Qwen2.5-Omni-3B,686112,full_0-8k,Trill,Phee,Phee,false
Qwen/Qwen2.5-Omni-3B,687244,full_0-8k,Trill,Seep,Seep,false
Qwen/Qwen2.5-Omni-3B,691986,full_0-8k,Trill,Phee,Phee,false
Qwen/Qwen2.5-Omni-3B,695230,full_0-8k,Trill,Seep,Seep,false
Qwen/Qwen2.5-Omni-3B,707417,full_0-8k,Trill,Phee,Phee,false
Qwen/Qwen2.5-Omni-3B,708875,full_0-8k,Trill,Phee,Phee,false
Qwen/Qwen2.5-Omni-3B,714664,full_0-8k,Trill,Phee,Phee,false
Qwen/Qwen2.5-Omni-3B,725841,full_0-8k,Trill,Seep,Seep,false
Qwen/Qwen2.5-Omni-3B,738495,full_0-8k,Trill,Phee,Phee,false
Qwen/Qwen2.5-Omni-3B,762457,full_0-8k,Trill,Phee,Phee,false
Qwen/Qwen2.5-Omni-3B,768310,full_0-8k,Trill,Seep,Seep,false
Qwen/Qwen2.5-Omni-3B,781044,full_0-8k,Trill,Phee,Phee,false
Qwen/Qwen2.5-Omni-3B,804279,full_0-8k,Trill,Seep,Seep,false
Qwen/Qwen2.5-Omni-3B,805610,full_0-8k,Trill,Phee,Phee,false
Qwen/Qwen2.5-Omni-3B,809280,full_0-8k,Trill,Seep,Seep,false
Qwen/Qwen2.5-Omni-3B,827373,full_0-8k,Trill,Seep,Seep,false
Qwen/Qwen2.5-Omni-3B,836027,full_0-8k,Trill,Seep,Seep,false
Qwen/Qwen2.5-Omni-3B,837515,full_0-8k,Trill,Seep,Seep,false
Qwen/Qwen2.5-Omni-3B,851383,full_0-8k,Trill,Phee,Phee,false
Qwen/Qwen2.5-Omni-3B,852107,full_0-8k,Trill,Phee,Phee,false
Qwen/Qwen2.5-Omni-3B,859379,full_0-8k,Trill,Seep,Seep,false
Qwen/Qwen2.5-Omni-3B,861790,full_0-8k,Trill,Seep,Seep,false
Qwen/Qwen2.5-Omni-3B,867502,full_0-8k,Trill,Seep,Seep,false
Qwen/Qwen2.5-Omni-3B,867780,full_0-8k,Trill,Seep,Seep,false
Qwen/Qwen2.5-Omni-3B,110359,full_0-8k,Tsik,Trill,Trill,false
Qwen/Qwen2.5-Omni-3B,110581,full_0-8k,Tsik,Twitter,Twitter,false
Qwen/Qwen2.5-Omni-3B,122742,full_0-8k,Tsik,Phee,Phee,false
Qwen/Qwen2.5-Omni-3B,143307,full_0-8k,Tsik,Phee,Phee,false
Qwen/Qwen2.5-Omni-3B,170858,full_0-8k,Tsik,Phee,Phee,false
Qwen/Qwen2.5-Omni-3B,200722,full_0-8k,Tsik,Phee,Phee,false
Qwen/Qwen2.5-Omni-3B,209834,full_0-8k,Tsik,Phee,Phee,false
Qwen/Qwen2.5-Omni-3B,209838,full_0-8k,Tsik,Phee,Phee,false
Qwen/Qwen2.5-Omni-3B,209846,full_0-8k,Tsik,Phee,Phee,false
Qwen/Qwen2.5-Omni-3B,209851,full_0-8k,Tsik,Trill,Trill,false
Qwen/Qwen2.5-Omni-3B,209853,full_0-8k,Tsik,Phee,Phee,false
Qwen/Qwen2.5-Omni-3B,209876,full_0-8k,Tsik,Phee,Phee,false
Qwen/Qwen2.5-Omni-3B,209886,full_0-8k,Tsik,Phee,Phee,false
Qwen/Qwen2.5-Omni-3B,209891,full_0-8k,Tsik,Phee,Phee,false
Qwen/Qwen2.5-Omni-3B,209893,full_0-8k,Tsik,Phee,Phee,false
Qwen/Qwen2.5-Omni-3B,209900,full_0-8k,Tsik,Phee,Phee,false
Qwen/Qwen2.5-Omni-3B,209901,full_0-8k,Tsik,Phee,Phee,false
Qwen/Qwen2.5-Omni-3B,209905,full_0-8k,Tsik,Phee,Phee,false
Qwen/Qwen2.5-Omni-3B,209919,full_0-8k,Tsik,Phee,Phee,false
Qwen/Qwen2.5-Omni-3B,223371,full_0-8k,Tsik,Phee,Phee,false
Qwen/Qwen2.5-Omni-3B,248161,full_0-8k,Tsik,Phee,Phee,false
Qwen/Qwen2.5-Omni-3B,31471,full_0-8k,Tsik,Phee,Phee,false
Qwen/Qwen2.5-Omni-3B,335642,full_0-8k,Tsik,Twitter,Twitter,false
Qwen/Qwen2.5-Omni-3B,423771,full_0-8k,Tsik,Twitter,Twitter,false
Qwen/Qwen2.5-Omni-3B,438410,full_0-8k,Tsik,Phee,Phee,false
Qwen/Qwen2.5-Omni-3B,468429,full_0-8k,Tsik,Twitter,Twitter,false
Qwen/Qwen2.5-Omni-3B,480809,full_0-8k,Tsik,Phee,Phee,false
Qwen/Qwen2.5-Omni-3B,481037,full_0-8k,Tsik,Phee,Phee,false
Qwen/Qwen2.5-Omni-3B,508866,full_0-8k,Tsik,Phee,Phee,false
Qwen/Qwen2.5-Omni-3B,508870,full_0-8k,Tsik,Phee,Phee,false
Qwen/Qwen2.5-Omni-3B,508872,full_0-8k,Tsik,Phee,Phee,false
Qwen/Qwen2.5-Omni-3B,508903,full_0-8k,Tsik,Phee,Phee,false
Qwen/Qwen2.5-Omni-3B,508905,full_0-8k,Tsik,Phee,Phee,false
Qwen/Qwen2.5-Omni-3B,508923,full_0-8k,Tsik,Phee,Phee,false
Qwen/Qwen2.5-Omni-3B,50919,full_0-8k,Tsik,Phee,Phee,false
Qwen/Qwen2.5-Omni-3B,525735,full_0-8k,Tsik,Phee,Phee,false
Qwen/Qwen2.5-Omni-3B,526904,full_0-8k,Tsik,Seep,Seep,false
Qwen/Qwen2.5-Omni-3B,549904,full_0-8k,Tsik,Phee,Phee,false
Qwen/Qwen2.5-Omni-3B,558254,full_0-8k,Tsik,Phee,Phee,false
Qwen/Qwen2.5-Omni-3B,563468,full_0-8k,Tsik,Phee,Phee,false
Qwen/Qwen2.5-Omni-3B,567790,full_0-8k,Tsik,Phee,Phee,false
Qwen/Qwen2.5-Omni-3B,589271,full_0-8k,Tsik,Trill,Trill,false
Qwen/Qwen2.5-Omni-3B,593315,full_0-8k,Tsik,Phee,Phee,false
Qwen/Qwen2.5-Omni-3B,610080,full_0-8k,Tsik,Twitter,Twitter,false
Qwen/Qwen2.5-Omni-3B,614582,full_0-8k,Tsik,Phee,Phee,false
Qwen/Qwen2.5-Omni-3B,614794,full_0-8k,Tsik,Phee,Phee,false
Qwen/Qwen2.5-Omni-3B,622312,full_0-8k,Tsik,Phee,Phee,false
Qwen/Qwen2.5-Omni-3B,623831,full_0-8k,Tsik,Phee,Phee,false
Qwen/Qwen2.5-Omni-3B,631947,full_0-8k,Tsik,Trill,Trill,false
Qwen/Qwen2.5-Omni-3B,632037,full_0-8k,Tsik,Phee,Phee,false
Qwen/Qwen2.5-Omni-3B,636120,full_0-8k,Tsik,Phee,Phee,false
Qwen/Qwen2.5-Omni-3B,636151,full_0-8k,Tsik,Phee,Phee,false
Qwen/Qwen2.5-Omni-3B,642827,full_0-8k,Tsik,Phee,Phee,false
Qwen/Qwen2.5-Omni-3B,654915,full_0-8k,Tsik,Phee,Phee,false
Qwen/Qwen2.5-Omni-3B,662160,full_0-8k,Tsik,Seep,Seep,false
Qwen/Qwen2.5-Omni-3B,663998,full_0-8k,Tsik,Phee,Phee,false
Qwen/Qwen2.5-Omni-3B,666489,full_0-8k,Tsik,Phee,Phee,false
Qwen/Qwen2.5-Omni-3B,666571,full_0-8k,Tsik,Phee,Phee,false
Qwen/Qwen2.5-Omni-3B,666726,full_0-8k,Tsik,Phee,Phee,false
Qwen/Qwen2.5-Omni-3B,666835,full_0-8k,Tsik,Twitter,Twitter,false
Qwen/Qwen2.5-Omni-3B,667582,full_0-8k,Tsik,Phee,Phee,false
Qwen/Qwen2.5-Omni-3B,668393,full_0-8k,Tsik,Phee,Phee,false
Qwen/Qwen2.5-Omni-3B,668980,full_0-8k,Tsik,Phee,Phee,false
Qwen/Qwen2.5-Omni-3B,669789,full_0-8k,Tsik,Seep,Seep,false
Qwen/Qwen2.5-Omni-3B,687663,full_0-8k,Tsik,Phee,Phee,false
Qwen/Qwen2.5-Omni-3B,716490,full_0-8k,Tsik,Twitter,Twitter,false
Qwen/Qwen2.5-Omni-3B,746198,full_0-8k,Tsik,Seep,Seep,false
Qwen/Qwen2.5-Omni-3B,753447,full_0-8k,Tsik,Phee,Phee,false
Qwen/Qwen2.5-Omni-3B,755986,full_0-8k,Tsik,Phee,Phee,false
Qwen/Qwen2.5-Omni-3B,770417,full_0-8k,Tsik,Phee,Phee,false
Qwen/Qwen2.5-Omni-3B,770853,full_0-8k,Tsik,Seep,Seep,false
Qwen/Qwen2.5-Omni-3B,779744,full_0-8k,Tsik,Phee,Phee,false
Qwen/Qwen2.5-Omni-3B,784804,full_0-8k,Tsik,Phee,Phee,false
Qwen/Qwen2.5-Omni-3B,787004,full_0-8k,Tsik,Phee,Phee,false
Qwen/Qwen2.5-Omni-3B,792714,full_0-8k,Tsik,Phee,Phee,false
Qwen/Qwen2.5-Omni-3B,799377,full_0-8k,Tsik,Phee,Phee,false
Qwen/Qwen2.5-Omni-3B,801091,full_0-8k,Tsik,Phee,Phee,false
Qwen/Qwen2.5-Omni-3B,804713,full_0-8k,Tsik,Phee,Phee,false
Qwen/Qwen2.5-Omni-3B,805029,full_0-8k,Tsik,Seep,Seep,false
Qwen/Qwen2.5-Omni-3B,807122,full_0-8k,Tsik,Seep,Seep,false
Qwen/Qwen2.5-Omni-3B,816990,full_0-8k,Tsik,Phee,Phee,false
Qwen/Qwen2.5-Omni-3B,84423,full_0-8k,Tsik,Phee,Phee,false
Qwen/Qwen2.5-Omni-3B,847877,full_0-8k,Tsik,Phee,Phee,false
Qwen/Qwen2.5-Omni-3B,853911,full_0-8k,Tsik,Phee,Phee,false
Qwen/Qwen2.5-Omni-3B,867489,full_0-8k,Tsik,Phee,Phee,false
Qwen/Qwen2.5-Omni-3B,137886,full_0-8k,Twitter,Seep,Seep,false
Qwen/Qwen2.5-Omni-3B,152770,full_0-8k,Twitter,Phee,Phee,false
Qwen/Qwen2.5-Omni-3B,166603,full_0-8k,Twitter,Twitter,Twitter,true
Qwen/Qwen2.5-Omni-3B,174653,full_0-8k,Twitter,Twitter,Twitter,true
Qwen/Qwen2.5-Omni-3B,205050,full_0-8k,Twitter,Phee,Phee,false
Qwen/Qwen2.5-Omni-3B,211769,full_0-8k,Twitter,Twitter,Twitter,true
Qwen/Qwen2.5-Omni-3B,223149,full_0-8k,Twitter,Trill,Trill,false
Qwen/Qwen2.5-Omni-3B,223184,full_0-8k,Twitter,Twitter,Twitter,true
Qwen/Qwen2.5-Omni-3B,223365,full_0-8k,Twitter,Phee,Phee,false
Qwen/Qwen2.5-Omni-3B,227303,full_0-8k,Twitter,Twitter,Twitter,true
Qwen/Qwen2.5-Omni-3B,228842,full_0-8k,Twitter,Phee,Phee,false
Qwen/Qwen2.5-Omni-3B,241125,full_0-8k,Twitter,Phee,Phee,false
Qwen/Qwen2.5-Omni-3B,248263,full_0-8k,Twitter,Phee,Phee,false
Qwen/Qwen2.5-Omni-3B,248296,full_0-8k,Twitter,Trill,Trill,false
Qwen/Qwen2.5-Omni-3B,250172,full_0-8k,Twitter,Trill,Trill,false
Qwen/Qwen2.5-Omni-3B,273977,full_0-8k,Twitter,Phee,Phee,false
Qwen/Qwen2.5-Omni-3B,274918,full_0-8k,Twitter,Phee,Phee,false
Qwen/Qwen2.5-Omni-3B,293662,full_0-8k,Twitter,Seep,Seep,false
Qwen/Qwen2.5-Omni-3B,313999,full_0-8k,Twitter,Phee,Phee,false
Qwen/Qwen2.5-Omni-3B,363877,full_0-8k,Twitter,Phee,Phee,false
Qwen/Qwen2.5-Omni-3B,36522,full_0-8k,Twitter,Twitter,Twitter,true
Qwen/Qwen2.5-Omni-3B,380174,full_0-8k,Twitter,Phee,Phee,false
Qwen/Qwen2.5-Omni-3B,386889,full_0-8k,Twitter,Seep,Seep,false
Qwen/Qwen2.5-Omni-3B,400874,full_0-8k,Twitter,Phee,Phee,false
Qwen/Qwen2.5-Omni-3B,43726,full_0-8k,Twitter,Phee,Phee,false
Qwen/Qwen2.5-Omni-3B,442547,full_0-8k,Twitter,Seep,Seep,false
Qwen/Qwen2.5-Omni-3B,452855,full_0-8k,Twitter,Seep,Seep,false
Qwen/Qwen2.5-Omni-3B,508634,full_0-8k,Twitter,Seep,Seep,false
Qwen/Qwen2.5-Omni-3B,508636,full_0-8k,Twitter,Seep,Seep,false
Qwen/Qwen2.5-Omni-3B,508695,full_0-8k,Twitter,Seep,Seep,false
Qwen/Qwen2.5-Omni-3B,508749,full_0-8k,Twitter,Phee,Phee,false
Qwen/Qwen2.5-Omni-3B,508777,full_0-8k,Twitter,Phee,Phee,false
Qwen/Qwen2.5-Omni-3B,508828,full_0-8k,Twitter,Phee,Phee,false
Qwen/Qwen2.5-Omni-3B,508830,full_0-8k,Twitter,Phee,Phee,false
Qwen/Qwen2.5-Omni-3B,508964,full_0-8k,Twitter,Phee,Phee,false
Qwen/Qwen2.5-Omni-3B,508992,full_0-8k,Twitter,Seep,Seep,false
Qwen/Qwen2.5-Omni-3B,508993,full_0-8k,Twitter,Seep,Seep,false
Qwen/Qwen2.5-Omni-3B,509005,full_0-8k,Twitter,Twitter,Twitter,true
Qwen/Qwen2.5-Omni-3B,509006,full_0-8k,Twitter,Seep,Seep,false
Qwen/Qwen2.5-Omni-3B,509008,full_0-8k,Twitter,Trill,Trill,false
Qwen/Qwen2.5-Omni-3B,509026,full_0-8k,Twitter,Seep,Seep,false
Qwen/Qwen2.5-Omni-3B,509046,full_0-8k,Twitter,Phee,Phee,false
Qwen/Qwen2.5-Omni-3B,509087,full_0-8k,Twitter,Phee,Phee,false
Qwen/Qwen2.5-Omni-3B,511735,full_0-8k,Twitter,Phee,Phee,false
Qwen/Qwen2.5-Omni-3B,525243,full_0-8k,Twitter,Phee,Phee,false
Qwen/Qwen2.5-Omni-3B,525561,full_0-8k,Twitter,Phee,Phee,false
Qwen/Qwen2.5-Omni-3B,525562,full_0-8k,Twitter,Phee,Phee,false
Qwen/Qwen2.5-Omni-3B,527487,full_0-8k,Twitter,Seep,Seep,false
Qwen/Qwen2.5-Omni-3B,539125,full_0-8k,Twitter,Twitter,Twitter,true
Qwen/Qwen2.5-Omni-3B,547929,full_0-8k,Twitter,Seep,Seep,false
Qwen/Qwen2.5-Omni-3B,550353,full_0-8k,Twitter,Phee,Phee,false
Qwen/Qwen2.5-Omni-3B,550482,full_0-8k,Twitter,Trill,Trill,false
Qwen/Qwen2.5-Omni-3B,5555,full_0-8k,Twitter,Phee,Phee,false
Qwen/Qwen2.5-Omni-3B,556866,full_0-8k,Twitter,Phee,Phee,false
Qwen/Qwen2.5-Omni-3B,557194,full_0-8k,Twitter,Twitter,Twitter,true
Qwen/Qwen2.5-Omni-3B,558285,full_0-8k,Twitter,Seep,Seep,false
Qwen/Qwen2.5-Omni-3B,567471,full_0-8k,Twitter,Phee,Phee,false
Qwen/Qwen2.5-Omni-3B,582722,full_0-8k,Twitter,Trill,Trill,false
Qwen/Qwen2.5-Omni-3B,584396,full_0-8k,Twitter,Phee,Phee,false
Qwen/Qwen2.5-Omni-3B,592286,full_0-8k,Twitter,Seep,Seep,false
Qwen/Qwen2.5-Omni-3B,598116,full_0-8k,Twitter,Twitter,Twitter,true
Qwen/Qwen2.5-Omni-3B,598781,full_0-8k,Twitter,Phee,Phee,false
Qwen/Qwen2.5-Omni-3B,600731,full_0-8k,Twitter,Seep,Seep,false
Qwen/Qwen2.5-Omni-3B,601927,full_0-8k,Twitter,Seep,Seep,false
Qwen/Qwen2.5-Omni-3B,602268,full_0-8k,Twitter,Phee,Phee,false
Qwen/Qwen2.5-Omni-3B,622260,full_0-8k,Twitter,Seep,Seep,false
Qwen/Qwen2.5-Omni-3B,622758,full_0-8k,Twitter,Phee,Phee,false
Qwen/Qwen2.5-Omni-3B,623573,full_0-8k,Twitter,Seep,Seep,false
Qwen/Qwen2.5-Omni-3B,624179,full_0-8k,Twitter,Twitter,Twitter,true
Qwen/Qwen2.5-Omni-3B,625053,full_0-8k,Twitter,Twitter,Twitter,true
Qwen/Qwen2.5-Omni-3B,632381,full_0-8k,Twitter,Seep,Seep,false
Qwen/Qwen2.5-Omni-3B,645428,full_0-8k,Twitter,Phee,Phee,false
Qwen/Qwen2.5-Omni-3B,648272,full_0-8k,Twitter,Twitter,Twitter,true
Qwen/Qwen2.5-Omni-3B,651229,full_0-8k,Twitter,Seep,Seep,false
Qwen/Qwen2.5-Omni-3B,662800,full_0-8k,Twitter,Phee,Phee,false
Qwen/Qwen2.5-Omni-3B,667201,full_0-8k,Twitter,Twitter,Twitter,true
Qwen/Qwen2.5-Omni-3B,678522,full_0-8k,Twitter,Phee,Phee,false
Qwen/Qwen2.5-Omni-3B,680295,full_0-8k,Twitter,Twitter,Twitter,true
Qwen/Qwen2.5-Omni-3B,680791,full_0-8k,Twitter,Phee,Phee,false
Qwen/Qwen2.5-Omni-3B,699227,full_0-8k,Twitter,Phee,Phee,false
Qwen/Qwen2.5-Omni-3B,737715,full_0-8k,Twitter,Phee,Phee,false
Qwen/Qwen2.5-Omni-3B,766645,full_0-8k,Twitter,Seep,Seep,false
Qwen/Qwen2.5-Omni-3B,768697,full_0-8k,Twitter,Twitter,Twitter,true
Qwen/Qwen2.5-Omni-3B,786011,full_0-8k,Twitter,Phee,Phee,false
Qwen/Qwen2.5-Omni-3B,79941,full_0-8k,Twitter,Twitter,Twitter,true
Qwen/Qwen2.5-Omni-3B,805513,full_0-8k,Twitter,Seep,Seep,false
Qwen/Qwen2.5-Omni-3B,807189,full_0-8k,Twitter,Twitter,Twitter,true
Qwen/Qwen2.5-Omni-3B,811393,full_0-8k,Twitter,Phee,Phee,false
Qwen/Qwen2.5-Omni-3B,8116,full_0-8k,Twitter,Phee,Phee,false
Qwen/Qwen2.5-Omni-3B,820757,full_0-8k,Twitter,Twitter,Twitter,true
Qwen/Qwen2.5-Omni-3B,826133,full_0-8k,Twitter,Seep,Seep,false
Qwen/Qwen2.5-Omni-3B,836799,full_0-8k,Twitter,Twitter,Twitter,true
Qwen/Qwen2.5-Omni-3B,844274,full_0-8k,Twitter,Phee,Phee,false
Qwen/Qwen2.5-Omni-3B,84477,full_0-8k,Twitter,Seep,Seep,false
Qwen/Qwen2.5-Omni-3B,851385,full_0-8k,Twitter,Phee,Phee,false
Qwen/Qwen2.5-Omni-3B,861853,full_0-8k,Twitter,Phee,Phee,false
Qwen/Qwen2.5-Omni-3B,866525,full_0-8k,Twitter,Twitter,Twitter,true
Qwen/Qwen2.5-Omni-3B,866533,full_0-8k,Twitter,Twitter,Twitter,true
Qwen/Qwen2.5-Omni-3B,866838,full_0-8k,Twitter,Seep,Seep,false
