event_id,target,target_output,support_k_per_class,support_k_total,method,readout,raw_prediction,candidate_scores_json,prediction,correct
31471,Tsik,Tsik,8,48,audio_icl_candidate,candidate,,"[{""candidate"":""Infant Cry"",""token_ids"":[19433,517,42705],""token_count"":3,""sequence_logprob"":-8.364745140075684,""mean_token_logprob"":-2.788248380025228,""token_logprobs"":[-8.349688529968262,-0.00404314324259758,-0.011013315990567207]},{""candidate"":""Phee"",""token_ids"":[47,49053],""token_count"":2,""sequence_logprob"":-5.476049423217773,""mean_token_logprob"":-2.7380247116088867,""token_logprobs"":[-5.474735260009766,-0.0013140147784724832]},{""candidate"":""Seep"",""token_ids"":[1514,747],""token_count"":2,""sequence_logprob"":-4.850129127502441,""mean_token_logprob"":-2.4250645637512207,""token_logprobs"":[-4.849735260009766,-0.0003936707798857242]},{""candidate"":""Trill"",""token_ids"":[1282,483],""token_count"":2,""sequence_logprob"":-4.829998970031738,""mean_token_logprob"":-2.414999485015869,""token_logprobs"":[-4.599735260009766,-0.23026373982429504]},{""candidate"":""Tsik"",""token_ids"":[52793,1579],""token_count"":2,""sequence_logprob"":-5.10155725479126,""mean_token_logprob"":-2.55077862739563,""token_logprobs"":[-5.099735260009766,-0.0018218838376924396]},{""candidate"":""Twitter"",""token_ids"":[24862],""token_count"":1,""sequence_logprob"":-0.04507342725992203,""mean_token_logprob"":-0.04507342725992203,""token_logprobs"":[-0.04507342725992203]}]",Twitter,false
31828,Seep,Seep,8,48,audio_icl_candidate,candidate,,"[{""candidate"":""Infant Cry"",""token_ids"":[19433,517,42705],""token_count"":3,""sequence_logprob"":-7.704780578613281,""mean_token_logprob"":-2.5682601928710938,""token_logprobs"":[-7.685878276824951,-0.004730343818664551,-0.014171911403536797]},{""candidate"":""Phee"",""token_ids"":[47,49053],""token_count"":2,""sequence_logprob"":-5.310708045959473,""mean_token_logprob"":-2.6553540229797363,""token_logprobs"":[-5.308187007904053,-0.002520838286727667]},{""candidate"":""Seep"",""token_ids"":[1514,747],""token_count"":2,""sequence_logprob"":-4.558919429779053,""mean_token_logprob"":-2.2794597148895264,""token_logprobs"":[-4.558187007904053,-0.0007325111655518413]},{""candidate"":""Trill"",""token_ids"":[1282,483],""token_count"":2,""sequence_logprob"":-4.058426380157471,""mean_token_logprob"":-2.0292131900787354,""token_logprobs"":[-3.808187246322632,-0.2502390444278717]},{""candidate"":""Tsik"",""token_ids"":[52793,1579],""token_count"":2,""sequence_logprob"":-4.934069633483887,""mean_token_logprob"":-2.4670348167419434,""token_logprobs"":[-4.933187007904053,-0.0008824745309539139]},{""candidate"":""Twitter"",""token_ids"":[24862],""token_count"":1,""sequence_logprob"":-0.06190072000026703,""mean_token_logprob"":-0.06190072000026703,""token_logprobs"":[-0.06190072000026703]}]",Twitter,false
34756,Phee,Phee,8,48,audio_icl_candidate,candidate,,"[{""candidate"":""Infant Cry"",""token_ids"":[19433,517,42705],""token_count"":3,""sequence_logprob"":-9.083828926086426,""mean_token_logprob"":-3.027942975362142,""token_logprobs"":[-9.05978012084961,-0.005935779307037592,-0.018112733960151672]},{""candidate"":""Phee"",""token_ids"":[47,49053],""token_count"":2,""sequence_logprob"":-6.030148506164551,""mean_token_logprob"":-3.0150742530822754,""token_logprobs"":[-6.027936935424805,-0.0022113888990134]},{""candidate"":""Seep"",""token_ids"":[1514,747],""token_count"":2,""sequence_logprob"":-5.09182071685791,""mean_token_logprob"":-2.545910358428955,""token_logprobs"":[-5.090436935424805,-0.001383896335028112]},{""candidate"":""Trill"",""token_ids"":[1282,483],""token_count"":2,""sequence_logprob"":-4.772652626037598,""mean_token_logprob"":-2.386326313018799,""token_logprobs"":[-4.590436935424805,-0.18221549689769745]},{""candidate"":""Tsik"",""token_ids"":[52793,1579],""token_count"":2,""sequence_logprob"":-6.030303478240967,""mean_token_logprob"":-3.0151517391204834,""token_logprobs"":[-6.027936935424805,-0.0023667202331125736]},{""candidate"":""Twitter"",""token_ids"":[24862],""token_count"":1,""sequence_logprob"":-0.025918472558259964,""mean_token_logprob"":-0.025918472558259964,""token_logprobs"":[-0.025918472558259964]}]",Twitter,false
36485,Phee,Phee,8,48,audio_icl_candidate,candidate,,"[{""candidate"":""Infant Cry"",""token_ids"":[19433,517,42705],""token_count"":3,""sequence_logprob"":-8.467750549316406,""mean_token_logprob"":-2.8225835164388022,""token_logprobs"":[-8.447019577026367,-0.004781241994351149,-0.015949761494994164]},{""candidate"":""Phee"",""token_ids"":[47,49053],""token_count"":2,""sequence_logprob"":-5.724682331085205,""mean_token_logprob"":-2.8623411655426025,""token_logprobs"":[-5.7220683097839355,-0.0026138208340853453]},{""candidate"":""Seep"",""token_ids"":[1514,747],""token_count"":2,""sequence_logprob"":-4.911109924316406,""mean_token_logprob"":-2.455554962158203,""token_logprobs"":[-4.9095683097839355,-0.0015413797227665782]},{""candidate"":""Trill"",""token_ids"":[1282,483],""token_count"":2,""sequence_logprob"":-4.607004165649414,""mean_token_logprob"":-2.303502082824707,""token_logprobs"":[-4.4095683097839355,-0.1974358856678009]},{""candidate"":""Tsik"",""token_ids"":[52793,1579],""token_count"":2,""sequence_logprob"":-5.661608695983887,""mean_token_logprob"":-2.8308043479919434,""token_logprobs"":[-5.6595683097839355,-0.0020402108784765005]},{""candidate"":""Twitter"",""token_ids"":[24862],""token_count"":1,""sequence_logprob"":-0.034711290150880814,""mean_token_logprob"":-0.034711290150880814,""token_logprobs"":[-0.034711290150880814]}]",Twitter,false
36522,Twitter,Twitter,8,48,audio_icl_candidate,candidate,,"[{""candidate"":""Infant Cry"",""token_ids"":[19433,517,42705],""token_count"":3,""sequence_logprob"":-10.10086441040039,""mean_token_logprob"":-3.366954803466797,""token_logprobs"":[-10.080520629882812,-0.005906864069402218,-0.01443691086024046]},{""candidate"":""Phee"",""token_ids"":[47,49053],""token_count"":2,""sequence_logprob"":-6.76970100402832,""mean_token_logprob"":-3.38485050201416,""token_logprobs"":[-6.768408298492432,-0.001292585046030581]},{""candidate"":""Seep"",""token_ids"":[1514,747],""token_count"":2,""sequence_logprob"":-5.4564080238342285,""mean_token_logprob"":-2.7282040119171143,""token_logprobs"":[-5.455908298492432,-0.0004999579978175461]},{""candidate"":""Trill"",""token_ids"":[1282,483],""token_count"":2,""sequence_logprob"":-5.2368855476379395,""mean_token_logprob"":-2.6184427738189697,""token_logprobs"":[-5.018408298492432,-0.2184770405292511]},{""candidate"":""Tsik"",""token_ids"":[52793,1579],""token_count"":2,""sequence_logprob"":-6.270373821258545,""mean_token_logprob"":-3.1351869106292725,""token_logprobs"":[-6.268408298492432,-0.0019657351076602936]},{""candidate"":""Twitter"",""token_ids"":[24862],""token_count"":1,""sequence_logprob"":-0.017908310517668724,""mean_token_logprob"":-0.017908310517668724,""token_logprobs"":[-0.017908310517668724]}]",Twitter,true
405841,Infant Cry,Infant Cry,8,48,audio_icl_candidate,candidate,,"[{""candidate"":""Infant Cry"",""token_ids"":[19433,517,42705],""token_count"":3,""sequence_logprob"":-8.537261009216309,""mean_token_logprob"":-2.8457536697387695,""token_logprobs"":[-8.511009216308594,-0.00626291474327445,-0.0199886504560709]},{""candidate"":""Phee"",""token_ids"":[47,49053],""token_count"":2,""sequence_logprob"":-5.792388439178467,""mean_token_logprob"":-2.8961942195892334,""token_logprobs"":[-5.789186000823975,-0.003202312160283327]},{""candidate"":""Seep"",""token_ids"":[1514,747],""token_count"":2,""sequence_logprob"":-4.790816783905029,""mean_token_logprob"":-2.3954083919525146,""token_logprobs"":[-4.789186000823975,-0.0016307639889419079]},{""candidate"":""Trill"",""token_ids"":[1282,483],""token_count"":2,""sequence_logprob"":-4.51302433013916,""mean_token_logprob"":-2.25651216506958,""token_logprobs"":[-4.289186000823975,-0.22383834421634674]},{""candidate"":""Tsik"",""token_ids"":[52793,1579],""token_count"":2,""sequence_logprob"":-5.354492664337158,""mean_token_logprob"":-2.677246332168579,""token_logprobs"":[-5.351686000823975,-0.002806655131280422]},{""candidate"":""Twitter"",""token_ids"":[24862],""token_count"":1,""sequence_logprob"":-0.04150630906224251,""mean_token_logprob"":-0.04150630906224251,""token_logprobs"":[-0.04150630906224251]}]",Twitter,false
408631,Phee,Phee,8,48,audio_icl_candidate,candidate,,"[{""candidate"":""Infant Cry"",""token_ids"":[19433,517,42705],""token_count"":3,""sequence_logprob"":-8.191706657409668,""mean_token_logprob"":-2.7305688858032227,""token_logprobs"":[-8.173323631286621,-0.004242586903274059,-0.01413982454687357]},{""candidate"":""Phee"",""token_ids"":[47,49053],""token_count"":2,""sequence_logprob"":-5.299978256225586,""mean_token_logprob"":-2.649989128112793,""token_logprobs"":[-5.298916816711426,-0.001061233808286488]},{""candidate"":""Seep"",""token_ids"":[1514,747],""token_count"":2,""sequence_logprob"":-4.487215042114258,""mean_token_logprob"":-2.243607521057129,""token_logprobs"":[-4.486416816711426,-0.0007980260998010635]},{""candidate"":""Trill"",""token_ids"":[1282,483],""token_count"":2,""sequence_logprob"":-4.298543453216553,""mean_token_logprob"":-2.1492717266082764,""token_logprobs"":[-4.111416816711426,-0.18712668120861053]},{""candidate"":""Tsik"",""token_ids"":[52793,1579],""token_count"":2,""sequence_logprob"":-5.238373756408691,""mean_token_logprob"":-2.6191868782043457,""token_logprobs"":[-5.236416816711426,-0.00195693108253181]},{""candidate"":""Twitter"",""token_ids"":[24862],""token_count"":1,""sequence_logprob"":-0.04806313291192055,""mean_token_logprob"":-0.04806313291192055,""token_logprobs"":[-0.04806313291192055]}]",Twitter,false
50919,Tsik,Tsik,8,48,audio_icl_candidate,candidate,,"[{""candidate"":""Infant Cry"",""token_ids"":[19433,517,42705],""token_count"":3,""sequence_logprob"":-8.636960983276367,""mean_token_logprob"":-2.8789869944254556,""token_logprobs"":[-8.609457969665527,-0.00659740436822176,-0.0209052711725235]},{""candidate"":""Phee"",""token_ids"":[47,49053],""token_count"":2,""sequence_logprob"":-5.851500511169434,""mean_token_logprob"":-2.925750255584717,""token_logprobs"":[-5.849539756774902,-0.0019606193527579308]},{""candidate"":""Seep"",""token_ids"":[1514,747],""token_count"":2,""sequence_logprob"":-4.78767204284668,""mean_token_logprob"":-2.39383602142334,""token_logprobs"":[-4.787039756774902,-0.0006324436399154365]},{""candidate"":""Trill"",""token_ids"":[1282,483],""token_count"":2,""sequence_logprob"":-4.573952674865723,""mean_token_logprob"":-2.2869763374328613,""token_logprobs"":[-4.349539756774902,-0.22441275417804718]},{""candidate"":""Tsik"",""token_ids"":[52793,1579],""token_count"":2,""sequence_logprob"":-5.601700782775879,""mean_token_logprob"":-2.8008503913879395,""token_logprobs"":[-5.599539756774902,-0.0021611922420561314]},{""candidate"":""Twitter"",""token_ids"":[24862],""token_count"":1,""sequence_logprob"":-0.039628542959690094,""mean_token_logprob"":-0.039628542959690094,""token_logprobs"":[-0.039628542959690094]}]",Twitter,false
51436,Trill,Trill,8,48,audio_icl_candidate,candidate,,"[{""candidate"":""Infant Cry"",""token_ids"":[19433,517,42705],""token_count"":3,""sequence_logprob"":-9.769651412963867,""mean_token_logprob"":-3.2565504709879556,""token_logprobs"":[-9.7457275390625,-0.008680940605700016,-0.015242287889122963]},{""candidate"":""Phee"",""token_ids"":[47,49053],""token_count"":2,""sequence_logprob"":-6.342545986175537,""mean_token_logprob"":-3.1712729930877686,""token_logprobs"":[-6.340278625488281,-0.0022671727929264307]},{""candidate"":""Seep"",""token_ids"":[1514,747],""token_count"":2,""sequence_logprob"":-5.1540021896362305,""mean_token_logprob"":-2.5770010948181152,""token_logprobs"":[-5.152778625488281,-0.0012237686896696687]},{""candidate"":""Trill"",""token_ids"":[1282,483],""token_count"":2,""sequence_logprob"":-4.816096305847168,""mean_token_logprob"":-2.408048152923584,""token_logprobs"":[-4.590278625488281,-0.22581760585308075]},{""candidate"":""Tsik"",""token_ids"":[52793,1579],""token_count"":2,""sequence_logprob"":-5.8428168296813965,""mean_token_logprob"":-2.9214084148406982,""token_logprobs"":[-5.840278625488281,-0.002538080094382167]},{""candidate"":""Twitter"",""token_ids"":[24862],""token_count"":1,""sequence_logprob"":-0.024583259597420692,""mean_token_logprob"":-0.024583259597420692,""token_logprobs"":[-0.024583259597420692]}]",Twitter,false
517703,Trill,Trill,8,48,audio_icl_candidate,candidate,,"[{""candidate"":""Infant Cry"",""token_ids"":[19433,517,42705],""token_count"":3,""sequence_logprob"":-8.060511589050293,""mean_token_logprob"":-2.6868371963500977,""token_logprobs"":[-8.042153358459473,-0.005692698527127504,-0.012666136026382446]},{""candidate"":""Phee"",""token_ids"":[47,49053],""token_count"":2,""sequence_logprob"":-5.790398597717285,""mean_token_logprob"":-2.8951992988586426,""token_logprobs"":[-5.787477016448975,-0.002921363105997443]},{""candidate"":""Seep"",""token_ids"":[1514,747],""token_count"":2,""sequence_logprob"":-4.66318416595459,""mean_token_logprob"":-2.331592082977295,""token_logprobs"":[-4.662477016448975,-0.0007073761080391705]},{""candidate"":""Trill"",""token_ids"":[1282,483],""token_count"":2,""sequence_logprob"":-4.601521015167236,""mean_token_logprob"":-2.300760507583618,""token_logprobs"":[-4.349977016448975,-0.25154396891593933]},{""candidate"":""Tsik"",""token_ids"":[52793,1579],""token_count"":2,""sequence_logprob"":-5.664732933044434,""mean_token_logprob"":-2.832366466522217,""token_logprobs"":[-5.662477016448975,-0.0022559924982488155]},{""candidate"":""Twitter"",""token_ids"":[24862],""token_count"":1,""sequence_logprob"":-0.03687385842204094,""mean_token_logprob"":-0.03687385842204094,""token_logprobs"":[-0.03687385842204094]}]",Twitter,false
518079,Phee,Phee,8,48,audio_icl_candidate,candidate,,"[{""candidate"":""Infant Cry"",""token_ids"":[19433,517,42705],""token_count"":3,""sequence_logprob"":-8.598708152770996,""mean_token_logprob"":-2.8662360509236655,""token_logprobs"":[-8.578950881958008,-0.005128680262714624,-0.014628183096647263]},{""candidate"":""Phee"",""token_ids"":[47,49053],""token_count"":2,""sequence_logprob"":-5.423746109008789,""mean_token_logprob"":-2.7118730545043945,""token_logprobs"":[-5.4225592613220215,-0.0011869773734360933]},{""candidate"":""Seep"",""token_ids"":[1514,747],""token_count"":2,""sequence_logprob"":-4.48572301864624,""mean_token_logprob"":-2.24286150932312,""token_logprobs"":[-4.4850592613220215,-0.0006635371246375144]},{""candidate"":""Trill"",""token_ids"":[1282,483],""token_count"":2,""sequence_logprob"":-4.261977195739746,""mean_token_logprob"":-2.130988597869873,""token_logprobs"":[-4.0475592613220215,-0.21441809833049774]},{""candidate"":""Tsik"",""token_ids"":[52793,1579],""token_count"":2,""sequence_logprob"":-5.299497604370117,""mean_token_logprob"":-2.6497488021850586,""token_logprobs"":[-5.2975592613220215,-0.0019382515456527472]},{""candidate"":""Twitter"",""token_ids"":[24862],""token_count"":1,""sequence_logprob"":-0.04782417044043541,""mean_token_logprob"":-0.04782417044043541,""token_logprobs"":[-0.04782417044043541]}]",Twitter,false
521545,Phee,Phee,8,48,audio_icl_candidate,candidate,,"[{""candidate"":""Infant Cry"",""token_ids"":[19433,517,42705],""token_count"":3,""sequence_logprob"":-6.420166969299316,""mean_token_logprob"":-2.1400556564331055,""token_logprobs"":[-6.406144618988037,-0.0037484162021428347,-0.010273904539644718]},{""candidate"":""Phee"",""token_ids"":[47,49053],""token_count"":2,""sequence_logprob"":-4.478027820587158,""mean_token_logprob"":-2.239013910293579,""token_logprobs"":[-4.4769134521484375,-0.0011143434094265103]},{""candidate"":""Seep"",""token_ids"":[1514,747],""token_count"":2,""sequence_logprob"":-4.039783477783203,""mean_token_logprob"":-2.0198917388916016,""token_logprobs"":[-4.0394134521484375,-0.0003698380314745009]},{""candidate"":""Trill"",""token_ids"":[1282,483],""token_count"":2,""sequence_logprob"":-3.6666693687438965,""mean_token_logprob"":-1.8333346843719482,""token_logprobs"":[-3.4769134521484375,-0.18975579738616943]},{""candidate"":""Tsik"",""token_ids"":[52793,1579],""token_count"":2,""sequence_logprob"":-4.2286376953125,""mean_token_logprob"":-2.11431884765625,""token_logprobs"":[-4.2269134521484375,-0.0017243054462596774]},{""candidate"":""Twitter"",""token_ids"":[24862],""token_count"":1,""sequence_logprob"":-0.12242943793535233,""mean_token_logprob"":-0.12242943793535233,""token_logprobs"":[-0.12242943793535233]}]",Twitter,false
52861,Trill,Trill,8,48,audio_icl_candidate,candidate,,"[{""candidate"":""Infant Cry"",""token_ids"":[19433,517,42705],""token_count"":3,""sequence_logprob"":-9.269524574279785,""mean_token_logprob"":-3.0898415247599282,""token_logprobs"":[-9.245593070983887,-0.006959246937185526,-0.016972528770565987]},{""candidate"":""Phee"",""token_ids"":[47,49053],""token_count"":2,""sequence_logprob"":-6.2184977531433105,""mean_token_logprob"":-3.1092488765716553,""token_logprobs"":[-6.2166242599487305,-0.0018734062323346734]},{""candidate"":""Seep"",""token_ids"":[1514,747],""token_count"":2,""sequence_logprob"":-5.029831409454346,""mean_token_logprob"":-2.514915704727173,""token_logprobs"":[-5.0291242599487305,-0.0007073761080391705]},{""candidate"":""Trill"",""token_ids"":[1282,483],""token_count"":2,""sequence_logprob"":-4.759485244750977,""mean_token_logprob"":-2.3797426223754883,""token_logprobs"":[-4.5291242599487305,-0.23036107420921326]},{""candidate"":""Tsik"",""token_ids"":[52793,1579],""token_count"":2,""sequence_logprob"":-5.781261920928955,""mean_token_logprob"":-2.8906309604644775,""token_logprobs"":[-5.7791242599487305,-0.0021377585362643003]},{""candidate"":""Twitter"",""token_ids"":[24862],""token_count"":1,""sequence_logprob"":-0.03224870562553406,""mean_token_logprob"":-0.03224870562553406,""token_logprobs"":[-0.03224870562553406]}]",Twitter,false
533988,Seep,Seep,8,48,audio_icl_candidate,candidate,,"[{""candidate"":""Infant Cry"",""token_ids"":[19433,517,42705],""token_count"":3,""sequence_logprob"":-7.821005344390869,""mean_token_logprob"":-2.607001781463623,""token_logprobs"":[-7.8018479347229,-0.005462837405502796,-0.01369497086852789]},{""candidate"":""Phee"",""token_ids"":[47,49053],""token_count"":2,""sequence_logprob"":-5.426050186157227,""mean_token_logprob"":-2.7130250930786133,""token_logprobs"":[-5.425011157989502,-0.0010388459777459502]},{""candidate"":""Seep"",""token_ids"":[1514,747],""token_count"":2,""sequence_logprob"":-4.488211154937744,""mean_token_logprob"":-2.244105577468872,""token_logprobs"":[-4.487511157989502,-0.0006998711614869535]},{""candidate"":""Trill"",""token_ids"":[1282,483],""token_count"":2,""sequence_logprob"":-4.242277145385742,""mean_token_logprob"":-2.121138572692871,""token_logprobs"":[-4.050011157989502,-0.1922658085823059]},{""candidate"":""Tsik"",""token_ids"":[52793,1579],""token_count"":2,""sequence_logprob"":-5.1764912605285645,""mean_token_logprob"":-2.5882456302642822,""token_logprobs"":[-5.175011157989502,-0.0014801985817030072]},{""candidate"":""Twitter"",""token_ids"":[24862],""token_count"":1,""sequence_logprob"":-0.04967029020190239,""mean_token_logprob"":-0.04967029020190239,""token_logprobs"":[-0.04967029020190239]}]",Twitter,false
54180,Phee,Phee,8,48,audio_icl_candidate,candidate,,"[{""candidate"":""Infant Cry"",""token_ids"":[19433,517,42705],""token_count"":3,""sequence_logprob"":-8.49316120147705,""mean_token_logprob"":-2.8310537338256836,""token_logprobs"":[-8.470799446105957,-0.004726547282189131,-0.017635678872466087]},{""candidate"":""Phee"",""token_ids"":[47,49053],""token_count"":2,""sequence_logprob"":-5.908788681030273,""mean_token_logprob"":-2.9543943405151367,""token_logprobs"":[-5.906946659088135,-0.0018421123968437314]},{""candidate"":""Seep"",""token_ids"":[1514,747],""token_count"":2,""sequence_logprob"":-5.032925605773926,""mean_token_logprob"":-2.516462802886963,""token_logprobs"":[-5.031946659088135,-0.0009790633339434862]},{""candidate"":""Trill"",""token_ids"":[1282,483],""token_count"":2,""sequence_logprob"":-4.680130481719971,""mean_token_logprob"":-2.3400652408599854,""token_logprobs"":[-4.469446659088135,-0.2106836438179016]},{""candidate"":""Tsik"",""token_ids"":[52793,1579],""token_count"":2,""sequence_logprob"":-5.659112453460693,""mean_token_logprob"":-2.8295562267303467,""token_logprobs"":[-5.656946659088135,-0.002165950369089842]},{""candidate"":""Twitter"",""token_ids"":[24862],""token_count"":1,""sequence_logprob"":-0.033100880682468414,""mean_token_logprob"":-0.033100880682468414,""token_logprobs"":[-0.033100880682468414]}]",Twitter,false
547929,Twitter,Twitter,8,48,audio_icl_candidate,candidate,,"[{""candidate"":""Infant Cry"",""token_ids"":[19433,517,42705],""token_count"":3,""sequence_logprob"":-10.102767944335938,""mean_token_logprob"":-3.367589314778646,""token_logprobs"":[-10.0828275680542,-0.006721388082951307,-0.01321862731128931]},{""candidate"":""Phee"",""token_ids"":[47,49053],""token_count"":2,""sequence_logprob"":-6.770321369171143,""mean_token_logprob"":-3.3851606845855713,""token_logprobs"":[-6.76798677444458,-0.0023347281385213137]},{""candidate"":""Seep"",""token_ids"":[1514,747],""token_count"":2,""sequence_logprob"":-5.6438212394714355,""mean_token_logprob"":-2.8219106197357178,""token_logprobs"":[-5.64298677444458,-0.0008345934911631048]},{""candidate"":""Trill"",""token_ids"":[1282,483],""token_count"":2,""sequence_logprob"":-5.164429664611816,""mean_token_logprob"":-2.582214832305908,""token_logprobs"":[-4.95548677444458,-0.20894265174865723]},{""candidate"":""Tsik"",""token_ids"":[52793,1579],""token_count"":2,""sequence_logprob"":-6.332525730133057,""mean_token_logprob"":-3.1662628650665283,""token_logprobs"":[-6.33048677444458,-0.0020391400903463364]},{""candidate"":""Twitter"",""token_ids"":[24862],""token_count"":1,""sequence_logprob"":-0.02324707806110382,""mean_token_logprob"":-0.02324707806110382,""token_logprobs"":[-0.02324707806110382]}]",Twitter,true
547992,Phee,Phee,8,48,audio_icl_candidate,candidate,,"[{""candidate"":""Infant Cry"",""token_ids"":[19433,517,42705],""token_count"":3,""sequence_logprob"":-7.463343620300293,""mean_token_logprob"":-2.487781206766764,""token_logprobs"":[-7.450761318206787,-0.0032410495914518833,-0.00934122409671545]},{""candidate"":""Phee"",""token_ids"":[47,49053],""token_count"":2,""sequence_logprob"":-4.757541179656982,""mean_token_logprob"":-2.378770589828491,""token_logprobs"":[-4.75673770904541,-0.0008036244544200599]},{""candidate"":""Seep"",""token_ids"":[1514,747],""token_count"":2,""sequence_logprob"":-4.131921291351318,""mean_token_logprob"":-2.065960645675659,""token_logprobs"":[-4.13173770904541,-0.00018356545479036868]},{""candidate"":""Trill"",""token_ids"":[1282,483],""token_count"":2,""sequence_logprob"":-4.0257568359375,""mean_token_logprob"":-2.01287841796875,""token_logprobs"":[-3.8192379474639893,-0.2065190076828003]},{""candidate"":""Tsik"",""token_ids"":[52793,1579],""token_count"":2,""sequence_logprob"":-4.758124351501465,""mean_token_logprob"":-2.3790621757507324,""token_logprobs"":[-4.75673770904541,-0.0013865152141079307]},{""candidate"":""Twitter"",""token_ids"":[24862],""token_count"":1,""sequence_logprob"":-0.08025212585926056,""mean_token_logprob"":-0.08025212585926056,""token_logprobs"":[-0.08025212585926056]}]",Twitter,false
548798,Trill,Trill,8,48,audio_icl_candidate,candidate,,"[{""candidate"":""Infant Cry"",""token_ids"":[19433,517,42705],""token_count"":3,""sequence_logprob"":-10.45046329498291,""mean_token_logprob"":-3.4834877649943032,""token_logprobs"":[-10.424165725708008,-0.007657578215003014,-0.018639758229255676]},{""candidate"":""Phee"",""token_ids"":[47,49053],""token_count"":2,""sequence_logprob"":-6.95804500579834,""mean_token_logprob"":-3.47902250289917,""token_logprobs"":[-6.955035209655762,-0.0030100299045443535]},{""candidate"":""Seep"",""token_ids"":[1514,747],""token_count"":2,""sequence_logprob"":-5.831676959991455,""mean_token_logprob"":-2.9158384799957275,""token_logprobs"":[-5.830035209655762,-0.0016419512685388327]},{""candidate"":""Trill"",""token_ids"":[1282,483],""token_count"":2,""sequence_logprob"":-5.179314136505127,""mean_token_logprob"":-2.5896570682525635,""token_logprobs"":[-4.955035209655762,-0.22427892684936523]},{""candidate"":""Tsik"",""token_ids"":[52793,1579],""token_count"":2,""sequence_logprob"":-6.269979476928711,""mean_token_logprob"":-3.1349897384643555,""token_logprobs"":[-6.267535209655762,-0.0024442579597234726]},{""candidate"":""Twitter"",""token_ids"":[24862],""token_count"":1,""sequence_logprob"":-0.01740971766412258,""mean_token_logprob"":-0.01740971766412258,""token_logprobs"":[-0.01740971766412258]}]",Twitter,false
56195,Trill,Trill,8,48,audio_icl_candidate,candidate,,"[{""candidate"":""Infant Cry"",""token_ids"":[19433,517,42705],""token_count"":3,""sequence_logprob"":-8.584354400634766,""mean_token_logprob"":-2.8614514668782554,""token_logprobs"":[-8.564154624938965,-0.005655004642903805,-0.014544770121574402]},{""candidate"":""Phee"",""token_ids"":[47,49053],""token_count"":2,""sequence_logprob"":-5.9108428955078125,""mean_token_logprob"":-2.9554214477539062,""token_logprobs"":[-5.909224987030029,-0.0016176722710952163]},{""candidate"":""Seep"",""token_ids"":[1514,747],""token_count"":2,""sequence_logprob"":-5.0976152420043945,""mean_token_logprob"":-2.5488076210021973,""token_logprobs"":[-5.096724987030029,-0.000890097115188837]},{""candidate"":""Trill"",""token_ids"":[1282,483],""token_count"":2,""sequence_logprob"":-4.579472064971924,""mean_token_logprob"":-2.289736032485962,""token_logprobs"":[-4.346724987030029,-0.23274722695350647]},{""candidate"":""Tsik"",""token_ids"":[52793,1579],""token_count"":2,""sequence_logprob"":-5.473720073699951,""mean_token_logprob"":-2.7368600368499756,""token_logprobs"":[-5.471724987030029,-0.001994883641600609]},{""candidate"":""Twitter"",""token_ids"":[24862],""token_count"":1,""sequence_logprob"":-0.0307693462818861,""mean_token_logprob"":-0.0307693462818861,""token_logprobs"":[-0.0307693462818861]}]",Twitter,false
580149,Trill,Trill,8,48,audio_icl_candidate,candidate,,"[{""candidate"":""Infant Cry"",""token_ids"":[19433,517,42705],""token_count"":3,""sequence_logprob"":-8.561622619628906,""mean_token_logprob"":-2.8538742065429688,""token_logprobs"":[-8.54327392578125,-0.00504625029861927,-0.013302738778293133]},{""candidate"":""Phee"",""token_ids"":[47,49053],""token_count"":2,""sequence_logprob"":-5.365329742431641,""mean_token_logprob"":-2.6826648712158203,""token_logprobs"":[-5.364022731781006,-0.0013072286965325475]},{""candidate"":""Seep"",""token_ids"":[1514,747],""token_count"":2,""sequence_logprob"":-4.36458683013916,""mean_token_logprob"":-2.18229341506958,""token_logprobs"":[-4.364022731781006,-0.00056429672986269]},{""candidate"":""Trill"",""token_ids"":[1282,483],""token_count"":2,""sequence_logprob"":-4.294410228729248,""mean_token_logprob"":-2.147205114364624,""token_logprobs"":[-4.114022731781006,-0.18038734793663025]},{""candidate"":""Tsik"",""token_ids"":[52793,1579],""token_count"":2,""sequence_logprob"":-5.115581035614014,""mean_token_logprob"":-2.557790517807007,""token_logprobs"":[-5.114022731781006,-0.0015581621555611491]},{""candidate"":""Twitter"",""token_ids"":[24862],""token_count"":1,""sequence_logprob"":-0.042704109102487564,""mean_token_logprob"":-0.042704109102487564,""token_logprobs"":[-0.042704109102487564]}]",Twitter,false
580352,Phee,Phee,8,48,audio_icl_candidate,candidate,,"[{""candidate"":""Infant Cry"",""token_ids"":[19433,517,42705],""token_count"":3,""sequence_logprob"":-8.006793975830078,""mean_token_logprob"":-2.668931325276693,""token_logprobs"":[-7.992129325866699,-0.0036607650108635426,-0.01100364699959755]},{""candidate"":""Phee"",""token_ids"":[47,49053],""token_count"":2,""sequence_logprob"":-5.00088357925415,""mean_token_logprob"":-2.500441789627075,""token_logprobs"":[-4.999834060668945,-0.001049682730808854]},{""candidate"":""Seep"",""token_ids"":[1514,747],""token_count"":2,""sequence_logprob"":-4.125606536865234,""mean_token_logprob"":-2.062803268432617,""token_logprobs"":[-4.124834060668945,-0.0007726544863544405]},{""candidate"":""Trill"",""token_ids"":[1282,483],""token_count"":2,""sequence_logprob"":-4.109379291534424,""mean_token_logprob"":-2.054689645767212,""token_logprobs"":[-3.937333822250366,-0.17204558849334717]},{""candidate"":""Tsik"",""token_ids"":[52793,1579],""token_count"":2,""sequence_logprob"":-5.063572883605957,""mean_token_logprob"":-2.5317864418029785,""token_logprobs"":[-5.062334060668945,-0.0012390087358653545]},{""candidate"":""Twitter"",""token_ids"":[24862],""token_count"":1,""sequence_logprob"":-0.06757357716560364,""mean_token_logprob"":-0.06757357716560364,""token_logprobs"":[-0.06757357716560364]}]",Twitter,false
590590,Phee,Phee,8,48,audio_icl_candidate,candidate,,"[{""candidate"":""Infant Cry"",""token_ids"":[19433,517,42705],""token_count"":3,""sequence_logprob"":-8.220636367797852,""mean_token_logprob"":-2.7402121225992837,""token_logprobs"":[-8.200236320495605,-0.005137219093739986,-0.015262599103152752]},{""candidate"":""Phee"",""token_ids"":[47,49053],""token_count"":2,""sequence_logprob"":-5.121269702911377,""mean_token_logprob"":-2.5606348514556885,""token_logprobs"":[-5.119553565979004,-0.0017163321608677506]},{""candidate"":""Seep"",""token_ids"":[1514,747],""token_count"":2,""sequence_logprob"":-4.245008945465088,""mean_token_logprob"":-2.122504472732544,""token_logprobs"":[-4.244553565979004,-0.0004553949984256178]},{""candidate"":""Trill"",""token_ids"":[1282,483],""token_count"":2,""sequence_logprob"":-4.205109119415283,""mean_token_logprob"":-2.1025545597076416,""token_logprobs"":[-3.994553565979004,-0.21055549383163452]},{""candidate"":""Tsik"",""token_ids"":[52793,1579],""token_count"":2,""sequence_logprob"":-5.246916770935059,""mean_token_logprob"":-2.6234583854675293,""token_logprobs"":[-5.244553565979004,-0.002363271312788129]},{""candidate"":""Twitter"",""token_ids"":[24862],""token_count"":1,""sequence_logprob"":-0.04148171842098236,""mean_token_logprob"":-0.04148171842098236,""token_logprobs"":[-0.04148171842098236]}]",Twitter,false
592253,Trill,Trill,8,48,audio_icl_candidate,candidate,,"[{""candidate"":""Infant Cry"",""token_ids"":[19433,517,42705],""token_count"":3,""sequence_logprob"":-9.420892715454102,""mean_token_logprob"":-3.1402975718180337,""token_logprobs"":[-9.399720191955566,-0.0051687657833099365,-0.016003727912902832]},{""candidate"":""Phee"",""token_ids"":[47,49053],""token_count"":2,""sequence_logprob"":-6.340406894683838,""mean_token_logprob"":-3.170203447341919,""token_logprobs"":[-6.338296413421631,-0.002110279630869627]},{""candidate"":""Seep"",""token_ids"":[1514,747],""token_count"":2,""sequence_logprob"":-5.277403831481934,""mean_token_logprob"":-2.638701915740967,""token_logprobs"":[-5.275796413421631,-0.0016073177102953196]},{""candidate"":""Trill"",""token_ids"":[1282,483],""token_count"":2,""sequence_logprob"":-4.807738304138184,""mean_token_logprob"":-2.403869152069092,""token_logprobs"":[-4.588296413421631,-0.21944180130958557]},{""candidate"":""Tsik"",""token_ids"":[52793,1579],""token_count"":2,""sequence_logprob"":-6.0281195640563965,""mean_token_logprob"":-3.0140597820281982,""token_logprobs"":[-6.025796413421631,-0.0023229538928717375]},{""candidate"":""Twitter"",""token_ids"":[24862],""token_count"":1,""sequence_logprob"":-0.030651777982711792,""mean_token_logprob"":-0.030651777982711792,""token_logprobs"":[-0.030651777982711792]}]",Twitter,false
592286,Twitter,Twitter,8,48,audio_icl_candidate,candidate,,"[{""candidate"":""Infant Cry"",""token_ids"":[19433,517,42705],""token_count"":3,""sequence_logprob"":-9.764678001403809,""mean_token_logprob"":-3.254892667134603,""token_logprobs"":[-9.747203826904297,-0.004576803185045719,-0.01289740763604641]},{""candidate"":""Phee"",""token_ids"":[47,49053],""token_count"":2,""sequence_logprob"":-6.3437299728393555,""mean_token_logprob"":-3.1718649864196777,""token_logprobs"":[-6.342733860015869,-0.000995974289253354]},{""candidate"":""Seep"",""token_ids"":[1514,747],""token_count"":2,""sequence_logprob"":-4.90596866607666,""mean_token_logprob"":-2.45298433303833,""token_logprobs"":[-4.905233860015869,-0.0007350126979872584]},{""candidate"":""Trill"",""token_ids"":[1282,483],""token_count"":2,""sequence_logprob"":-4.704539775848389,""mean_token_logprob"":-2.3522698879241943,""token_logprobs"":[-4.530233860015869,-0.17430570721626282]},{""candidate"":""Tsik"",""token_ids"":[52793,1579],""token_count"":2,""sequence_logprob"":-5.657212734222412,""mean_token_logprob"":-2.828606367111206,""token_logprobs"":[-5.655233860015869,-0.001978941261768341]},{""candidate"":""Twitter"",""token_ids"":[24862],""token_count"":1,""sequence_logprob"":-0.03095151111483574,""mean_token_logprob"":-0.03095151111483574,""token_logprobs"":[-0.03095151111483574]}]",Twitter,true
595018,Trill,Trill,8,48,audio_icl_candidate,candidate,,"[{""candidate"":""Infant Cry"",""token_ids"":[19433,517,42705],""token_count"":3,""sequence_logprob"":-8.009004592895508,""mean_token_logprob"":-2.669668197631836,""token_logprobs"":[-7.98769474029541,-0.00543414568528533,-0.015875961631536484]},{""candidate"":""Phee"",""token_ids"":[47,49053],""token_count"":2,""sequence_logprob"":-5.490520000457764,""mean_token_logprob"":-2.745260000228882,""token_logprobs"":[-5.488591194152832,-0.0019289711490273476]},{""candidate"":""Seep"",""token_ids"":[1514,747],""token_count"":2,""sequence_logprob"":-4.489284038543701,""mean_token_logprob"":-2.2446420192718506,""token_logprobs"":[-4.488591194152832,-0.000692961853928864]},{""candidate"":""Trill"",""token_ids"":[1282,483],""token_count"":2,""sequence_logprob"":-4.286401748657227,""mean_token_logprob"":-2.1432008743286133,""token_logprobs"":[-4.051091194152832,-0.2353105992078781]},{""candidate"":""Tsik"",""token_ids"":[52793,1579],""token_count"":2,""sequence_logprob"":-4.9900803565979,""mean_token_logprob"":-2.49504017829895,""token_logprobs"":[-4.988591194152832,-0.0014890070306137204]},{""candidate"":""Twitter"",""token_ids"":[24862],""token_count"":1,""sequence_logprob"":-0.05876434966921806,""mean_token_logprob"":-0.05876434966921806,""token_logprobs"":[-0.05876434966921806]}]",Twitter,false
598116,Twitter,Twitter,8,48,audio_icl_candidate,candidate,,"[{""candidate"":""Infant Cry"",""token_ids"":[19433,517,42705],""token_count"":3,""sequence_logprob"":-9.272518157958984,""mean_token_logprob"":-3.090839385986328,""token_logprobs"":[-9.255743980407715,-0.004068906884640455,-0.012704391032457352]},{""candidate"":""Phee"",""token_ids"":[47,49053],""token_count"":2,""sequence_logprob"":-6.346745014190674,""mean_token_logprob"":-3.173372507095337,""token_logprobs"":[-6.345367431640625,-0.0013773487880825996]},{""candidate"":""Seep"",""token_ids"":[1514,747],""token_count"":2,""sequence_logprob"":-4.908119201660156,""mean_token_logprob"":-2.454059600830078,""token_logprobs"":[-4.907867431640625,-0.00025197668583132327]},{""candidate"":""Trill"",""token_ids"":[1282,483],""token_count"":2,""sequence_logprob"":-4.559299945831299,""mean_token_logprob"":-2.2796499729156494,""token_logprobs"":[-4.345367431640625,-0.21393263339996338]},{""candidate"":""Tsik"",""token_ids"":[52793,1579],""token_count"":2,""sequence_logprob"":-5.534397125244141,""mean_token_logprob"":-2.7671985626220703,""token_logprobs"":[-5.532867431640625,-0.001529596047475934]},{""candidate"":""Twitter"",""token_ids"":[24862],""token_count"":1,""sequence_logprob"":-0.03690292686223984,""mean_token_logprob"":-0.03690292686223984,""token_logprobs"":[-0.03690292686223984]}]",Twitter,true
598781,Twitter,Twitter,8,48,audio_icl_candidate,candidate,,"[{""candidate"":""Infant Cry"",""token_ids"":[19433,517,42705],""token_count"":3,""sequence_logprob"":-9.95125675201416,""mean_token_logprob"":-3.31708558400472,""token_logprobs"":[-9.926750183105469,-0.005761326756328344,-0.018745411187410355]},{""candidate"":""Phee"",""token_ids"":[47,49053],""token_count"":2,""sequence_logprob"":-6.585799694061279,""mean_token_logprob"":-3.2928998470306396,""token_logprobs"":[-6.584060192108154,-0.0017395378090441227]},{""candidate"":""Seep"",""token_ids"":[1514,747],""token_count"":2,""sequence_logprob"":-5.272213459014893,""mean_token_logprob"":-2.6361067295074463,""token_logprobs"":[-5.271560192108154,-0.0006530536338686943]},{""candidate"":""Trill"",""token_ids"":[1282,483],""token_count"":2,""sequence_logprob"":-5.044531345367432,""mean_token_logprob"":-2.522265672683716,""token_logprobs"":[-4.834060192108154,-0.2104712873697281]},{""candidate"":""Tsik"",""token_ids"":[52793,1579],""token_count"":2,""sequence_logprob"":-6.273609638214111,""mean_token_logprob"":-3.1368048191070557,""token_logprobs"":[-6.271560192108154,-0.0020492523908615112]},{""candidate"":""Twitter"",""token_ids"":[24862],""token_count"":1,""sequence_logprob"":-0.02295714244246483,""mean_token_logprob"":-0.02295714244246483,""token_logprobs"":[-0.02295714244246483]}]",Twitter,true
609454,Infant Cry,Infant Cry,8,48,audio_icl_candidate,candidate,,"[{""candidate"":""Infant Cry"",""token_ids"":[19433,517,42705],""token_count"":3,""sequence_logprob"":-8.557775497436523,""mean_token_logprob"":-2.8525918324788413,""token_logprobs"":[-8.536028861999512,-0.0057856240309774876,-0.015960320830345154]},{""candidate"":""Phee"",""token_ids"":[47,49053],""token_count"":2,""sequence_logprob"":-5.909499645233154,""mean_token_logprob"":-2.954749822616577,""token_logprobs"":[-5.9073405265808105,-0.0021589321549981833]},{""candidate"":""Seep"",""token_ids"":[1514,747],""token_count"":2,""sequence_logprob"":-5.033505439758301,""mean_token_logprob"":-2.5167527198791504,""token_logprobs"":[-5.0323405265808105,-0.0011647114297375083]},{""candidate"":""Trill"",""token_ids"":[1282,483],""token_count"":2,""sequence_logprob"":-4.710646152496338,""mean_token_logprob"":-2.355323076248169,""token_logprobs"":[-4.4698405265808105,-0.24080540239810944]},{""candidate"":""Tsik"",""token_ids"":[52793,1579],""token_count"":2,""sequence_logprob"":-5.597508430480957,""mean_token_logprob"":-2.7987542152404785,""token_logprobs"":[-5.5948405265808105,-0.0026679181028157473]},{""candidate"":""Twitter"",""token_ids"":[24862],""token_count"":1,""sequence_logprob"":-0.03241859748959541,""mean_token_logprob"":-0.03241859748959541,""token_logprobs"":[-0.03241859748959541]}]",Twitter,false
610080,Tsik,Tsik,8,48,audio_icl_candidate,candidate,,"[{""candidate"":""Infant Cry"",""token_ids"":[19433,517,42705],""token_count"":3,""sequence_logprob"":-9.9193115234375,""mean_token_logprob"":-3.3064371744791665,""token_logprobs"":[-9.895263671875,-0.005972514860332012,-0.01807456836104393]},{""candidate"":""Phee"",""token_ids"":[47,49053],""token_count"":2,""sequence_logprob"":-6.583285331726074,""mean_token_logprob"":-3.291642665863037,""token_logprobs"":[-6.581214427947998,-0.002070903778076172]},{""candidate"":""Seep"",""token_ids"":[1514,747],""token_count"":2,""sequence_logprob"":-5.582552909851074,""mean_token_logprob"":-2.791276454925537,""token_logprobs"":[-5.581214427947998,-0.0013383012264966965]},{""candidate"":""Trill"",""token_ids"":[1282,483],""token_count"":2,""sequence_logprob"":-5.252281188964844,""mean_token_logprob"":-2.626140594482422,""token_logprobs"":[-5.018714427947998,-0.23356686532497406]},{""candidate"":""Tsik"",""token_ids"":[52793,1579],""token_count"":2,""sequence_logprob"":-6.271444320678711,""mean_token_logprob"":-3.1357221603393555,""token_logprobs"":[-6.268714427947998,-0.0027299777138978243]},{""candidate"":""Twitter"",""token_ids"":[24862],""token_count"":1,""sequence_logprob"":-0.020817359909415245,""mean_token_logprob"":-0.020817359909415245,""token_logprobs"":[-0.020817359909415245]}]",Twitter,false
614582,Tsik,Tsik,8,48,audio_icl_candidate,candidate,,"[{""candidate"":""Infant Cry"",""token_ids"":[19433,517,42705],""token_count"":3,""sequence_logprob"":-8.725439071655273,""mean_token_logprob"":-2.908479690551758,""token_logprobs"":[-8.697936058044434,-0.006691784597933292,-0.020810937508940697]},{""candidate"":""Phee"",""token_ids"":[47,49053],""token_count"":2,""sequence_logprob"":-5.908920764923096,""mean_token_logprob"":-2.954460382461548,""token_logprobs"":[-5.907195568084717,-0.0017253764672204852]},{""candidate"":""Seep"",""token_ids"":[1514,747],""token_count"":2,""sequence_logprob"":-4.907914638519287,""mean_token_logprob"":-2.4539573192596436,""token_logprobs"":[-4.907195568084717,-0.0007190502947196364]},{""candidate"":""Trill"",""token_ids"":[1282,483],""token_count"":2,""sequence_logprob"":-4.742150783538818,""mean_token_logprob"":-2.371075391769409,""token_logprobs"":[-4.469695568084717,-0.272455096244812]},{""candidate"":""Tsik"",""token_ids"":[52793,1579],""token_count"":2,""sequence_logprob"":-5.8472065925598145,""mean_token_logprob"":-2.9236032962799072,""token_logprobs"":[-5.844695568084717,-0.00251108780503273]},{""candidate"":""Twitter"",""token_ids"":[24862],""token_count"":1,""sequence_logprob"":-0.03877812996506691,""mean_token_logprob"":-0.03877812996506691,""token_logprobs"":[-0.03877812996506691]}]",Twitter,false
614794,Tsik,Tsik,8,48,audio_icl_candidate,candidate,,"[{""candidate"":""Infant Cry"",""token_ids"":[19433,517,42705],""token_count"":3,""sequence_logprob"":-8.812795639038086,""mean_token_logprob"":-2.937598546346029,""token_logprobs"":[-8.787357330322266,-0.005654056090861559,-0.01978367567062378]},{""candidate"":""Phee"",""token_ids"":[47,49053],""token_count"":2,""sequence_logprob"":-5.790893077850342,""mean_token_logprob"":-2.895446538925171,""token_logprobs"":[-5.789092063903809,-0.0018010600470006466]},{""candidate"":""Seep"",""token_ids"":[1514,747],""token_count"":2,""sequence_logprob"":-4.664660453796387,""mean_token_logprob"":-2.3323302268981934,""token_logprobs"":[-4.664092063903809,-0.0005683475756086409]},{""candidate"":""Trill"",""token_ids"":[1282,483],""token_count"":2,""sequence_logprob"":-4.543971538543701,""mean_token_logprob"":-2.2719857692718506,""token_logprobs"":[-4.289092063903809,-0.2548794746398926]},{""candidate"":""Tsik"",""token_ids"":[52793,1579],""token_count"":2,""sequence_logprob"":-5.603610515594482,""mean_token_logprob"":-2.801805257797241,""token_logprobs"":[-5.601592063903809,-0.002018677769228816]},{""candidate"":""Twitter"",""token_ids"":[24862],""token_count"":1,""sequence_logprob"":-0.03448351472616196,""mean_token_logprob"":-0.03448351472616196,""token_logprobs"":[-0.03448351472616196]}]",Twitter,false
622260,Twitter,Twitter,8,48,audio_icl_candidate,candidate,,"[{""candidate"":""Infant Cry"",""token_ids"":[19433,517,42705],""token_count"":3,""sequence_logprob"":-8.958359718322754,""mean_token_logprob"":-2.9861199061075845,""token_logprobs"":[-8.90478229522705,-0.005150620825588703,-0.04842686280608177]},{""candidate"":""Phee"",""token_ids"":[47,49053],""token_count"":2,""sequence_logprob"":-6.275659084320068,""mean_token_logprob"":-3.137829542160034,""token_logprobs"":[-6.27418851852417,-0.001470794901251793]},{""candidate"":""Seep"",""token_ids"":[1514,747],""token_count"":2,""sequence_logprob"":-5.3371148109436035,""mean_token_logprob"":-2.6685574054718018,""token_logprobs"":[-5.33668851852417,-0.0004260824352968484]},{""candidate"":""Trill"",""token_ids"":[1282,483],""token_count"":2,""sequence_logprob"":-4.9298481941223145,""mean_token_logprob"":-2.4649240970611572,""token_logprobs"":[-4.71168851852417,-0.21815945208072662]},{""candidate"":""Tsik"",""token_ids"":[52793,1579],""token_count"":2,""sequence_logprob"":-5.963878154754639,""mean_token_logprob"":-2.9819390773773193,""token_logprobs"":[-5.96168851852417,-0.002189621329307556]},{""candidate"":""Twitter"",""token_ids"":[24862],""token_count"":1,""sequence_logprob"":-0.028681911528110504,""mean_token_logprob"":-0.028681911528110504,""token_logprobs"":[-0.028681911528110504]}]",Twitter,true
622312,Tsik,Tsik,8,48,audio_icl_candidate,candidate,,"[{""candidate"":""Infant Cry"",""token_ids"":[19433,517,42705],""token_count"":3,""sequence_logprob"":-9.14535140991211,""mean_token_logprob"":-3.048450469970703,""token_logprobs"":[-9.12144947052002,-0.0067601073533296585,-0.01714210771024227]},{""candidate"":""Phee"",""token_ids"":[47,49053],""token_count"":2,""sequence_logprob"":-6.214920997619629,""mean_token_logprob"":-3.1074604988098145,""token_logprobs"":[-6.212583065032959,-0.0023377013858407736]},{""candidate"":""Seep"",""token_ids"":[1514,747],""token_count"":2,""sequence_logprob"":-5.276241779327393,""mean_token_logprob"":-2.6381208896636963,""token_logprobs"":[-5.275083065032959,-0.0011588770430535078]},{""candidate"":""Trill"",""token_ids"":[1282,483],""token_count"":2,""sequence_logprob"":-5.045948028564453,""mean_token_logprob"":-2.5229740142822266,""token_logprobs"":[-4.775083065032959,-0.2708651125431061]},{""candidate"":""Tsik"",""token_ids"":[52793,1579],""token_count"":2,""sequence_logprob"":-6.027846813201904,""mean_token_logprob"":-3.013923406600952,""token_logprobs"":[-6.025083065032959,-0.002763977972790599]},{""candidate"":""Twitter"",""token_ids"":[24862],""token_count"":1,""sequence_logprob"":-0.022302525117993355,""mean_token_logprob"":-0.022302525117993355,""token_logprobs"":[-0.022302525117993355]}]",Twitter,false
622320,Trill,Trill,8,48,audio_icl_candidate,candidate,,"[{""candidate"":""Infant Cry"",""token_ids"":[19433,517,42705],""token_count"":3,""sequence_logprob"":-9.2980318069458,""mean_token_logprob"":-3.0993439356486,""token_logprobs"":[-9.274703025817871,-0.0060272603295743465,-0.017301112413406372]},{""candidate"":""Phee"",""token_ids"":[47,49053],""token_count"":2,""sequence_logprob"":-6.277970790863037,""mean_token_logprob"":-3.1389853954315186,""token_logprobs"":[-6.275860786437988,-0.0021100416779518127]},{""candidate"":""Seep"",""token_ids"":[1514,747],""token_count"":2,""sequence_logprob"":-5.276462078094482,""mean_token_logprob"":-2.638231039047241,""token_logprobs"":[-5.275860786437988,-0.0006014683749526739]},{""candidate"":""Trill"",""token_ids"":[1282,483],""token_count"":2,""sequence_logprob"":-4.791701793670654,""mean_token_logprob"":-2.395850896835327,""token_logprobs"":[-4.588360786437988,-0.20334114134311676]},{""candidate"":""Tsik"",""token_ids"":[52793,1579],""token_count"":2,""sequence_logprob"":-5.96574592590332,""mean_token_logprob"":-2.98287296295166,""token_logprobs"":[-5.963360786437988,-0.0023850349243730307]},{""candidate"":""Twitter"",""token_ids"":[24862],""token_count"":1,""sequence_logprob"":-0.028938578441739082,""mean_token_logprob"":-0.028938578441739082,""token_logprobs"":[-0.028938578441739082]}]",Twitter,false
622417,Seep,Seep,8,48,audio_icl_candidate,candidate,,"[{""candidate"":""Infant Cry"",""token_ids"":[19433,517,42705],""token_count"":3,""sequence_logprob"":-7.762031078338623,""mean_token_logprob"":-2.587343692779541,""token_logprobs"":[-7.741404056549072,-0.005968960002064705,-0.014658022671937943]},{""candidate"":""Phee"",""token_ids"":[47,49053],""token_count"":2,""sequence_logprob"":-5.307897090911865,""mean_token_logprob"":-2.6539485454559326,""token_logprobs"":[-5.305971622467041,-0.0019255208317190409]},{""candidate"":""Seep"",""token_ids"":[1514,747],""token_count"":2,""sequence_logprob"":-4.3696136474609375,""mean_token_logprob"":-2.1848068237304688,""token_logprobs"":[-4.368471622467041,-0.001141849672421813]},{""candidate"":""Trill"",""token_ids"":[1282,483],""token_count"":2,""sequence_logprob"":-4.124894618988037,""mean_token_logprob"":-2.0624473094940186,""token_logprobs"":[-3.868471622467041,-0.2564232051372528]},{""candidate"":""Tsik"",""token_ids"":[52793,1579],""token_count"":2,""sequence_logprob"":-5.244483947753906,""mean_token_logprob"":-2.622241973876953,""token_logprobs"":[-5.243471622467041,-0.0010124086402356625]},{""candidate"":""Twitter"",""token_ids"":[24862],""token_count"":1,""sequence_logprob"":-0.05230085179209709,""mean_token_logprob"":-0.05230085179209709,""token_logprobs"":[-0.05230085179209709]}]",Twitter,false
622758,Twitter,Twitter,8,48,audio_icl_candidate,candidate,,"[{""candidate"":""Infant Cry"",""token_ids"":[19433,517,42705],""token_count"":3,""sequence_logprob"":-9.514101028442383,""mean_token_logprob"":-3.1713670094807944,""token_logprobs"":[-9.494917869567871,-0.005808972287923098,-0.0133739048615098]},{""candidate"":""Phee"",""token_ids"":[47,49053],""token_count"":2,""sequence_logprob"":-6.4015278816223145,""mean_token_logprob"":-3.2007639408111572,""token_logprobs"":[-6.400257587432861,-0.0012703214306384325]},{""candidate"":""Seep"",""token_ids"":[1514,747],""token_count"":2,""sequence_logprob"":-5.150929927825928,""mean_token_logprob"":-2.575464963912964,""token_logprobs"":[-5.150257587432861,-0.0006721144891344011]},{""candidate"":""Trill"",""token_ids"":[1282,483],""token_count"":2,""sequence_logprob"":-4.828707218170166,""mean_token_logprob"":-2.414353609085083,""token_logprobs"":[-4.650257587432861,-0.17844964563846588]},{""candidate"":""Tsik"",""token_ids"":[52793,1579],""token_count"":2,""sequence_logprob"":-6.026906967163086,""mean_token_logprob"":-3.013453483581543,""token_logprobs"":[-6.025257587432861,-0.0016494491137564182]},{""candidate"":""Twitter"",""token_ids"":[24862],""token_count"":1,""sequence_logprob"":-0.024957722052931786,""mean_token_logprob"":-0.024957722052931786,""token_logprobs"":[-0.024957722052931786]}]",Twitter,true
623382,Seep,Seep,8,48,audio_icl_candidate,candidate,,"[{""candidate"":""Infant Cry"",""token_ids"":[19433,517,42705],""token_count"":3,""sequence_logprob"":-8.992782592773438,""mean_token_logprob"":-2.997594197591146,""token_logprobs"":[-8.968213081359863,-0.008067049086093903,-0.016502317041158676]},{""candidate"":""Phee"",""token_ids"":[47,49053],""token_count"":2,""sequence_logprob"":-5.727360725402832,""mean_token_logprob"":-2.863680362701416,""token_logprobs"":[-5.724964618682861,-0.0023960948456078768]},{""candidate"":""Seep"",""token_ids"":[1514,747],""token_count"":2,""sequence_logprob"":-4.7883195877075195,""mean_token_logprob"":-2.3941597938537598,""token_logprobs"":[-4.787464618682861,-0.0008551992941647768]},{""candidate"":""Trill"",""token_ids"":[1282,483],""token_count"":2,""sequence_logprob"":-4.568105697631836,""mean_token_logprob"":-2.284052848815918,""token_logprobs"":[-4.287464618682861,-0.2806411683559418]},{""candidate"":""Tsik"",""token_ids"":[52793,1579],""token_count"":2,""sequence_logprob"":-5.726464748382568,""mean_token_logprob"":-2.863232374191284,""token_logprobs"":[-5.724964618682861,-0.0014999578706920147]},{""candidate"":""Twitter"",""token_ids"":[24862],""token_count"":1,""sequence_logprob"":-0.03839561343193054,""mean_token_logprob"":-0.03839561343193054,""token_logprobs"":[-0.03839561343193054]}]",Twitter,false
623573,Twitter,Twitter,8,48,audio_icl_candidate,candidate,,"[{""candidate"":""Infant Cry"",""token_ids"":[19433,517,42705],""token_count"":3,""sequence_logprob"":-9.673332214355469,""mean_token_logprob"":-3.2244440714518228,""token_logprobs"":[-9.650042533874512,-0.004843170288950205,-0.018447145819664]},{""candidate"":""Phee"",""token_ids"":[47,49053],""token_count"":2,""sequence_logprob"":-6.27952241897583,""mean_token_logprob"":-3.139761209487915,""token_logprobs"":[-6.278158187866211,-0.001364015624858439]},{""candidate"":""Seep"",""token_ids"":[1514,747],""token_count"":2,""sequence_logprob"":-5.091980457305908,""mean_token_logprob"":-2.545990228652954,""token_logprobs"":[-5.090658187866211,-0.0013222293928265572]},{""candidate"":""Trill"",""token_ids"":[1282,483],""token_count"":2,""sequence_logprob"":-4.637301921844482,""mean_token_logprob"":-2.318650960922241,""token_logprobs"":[-4.465658187866211,-0.17164383828639984]},{""candidate"":""Tsik"",""token_ids"":[52793,1579],""token_count"":2,""sequence_logprob"":-5.9051408767700195,""mean_token_logprob"":-2.9525704383850098,""token_logprobs"":[-5.903158187866211,-0.001982510555535555]},{""candidate"":""Twitter"",""token_ids"":[24862],""token_count"":1,""sequence_logprob"":-0.02903318963944912,""mean_token_logprob"":-0.02903318963944912,""token_logprobs"":[-0.02903318963944912]}]",Twitter,true
623621,Seep,Seep,8,48,audio_icl_candidate,candidate,,"[{""candidate"":""Infant Cry"",""token_ids"":[19433,517,42705],""token_count"":3,""sequence_logprob"":-8.753450393676758,""mean_token_logprob"":-2.9178167978922525,""token_logprobs"":[-8.73195743560791,-0.006249409634619951,-0.015243110246956348]},{""candidate"":""Phee"",""token_ids"":[47,49053],""token_count"":2,""sequence_logprob"":-5.8541178703308105,""mean_token_logprob"":-2.9270589351654053,""token_logprobs"":[-5.852207660675049,-0.0019100533099845052]},{""candidate"":""Seep"",""token_ids"":[1514,747],""token_count"":2,""sequence_logprob"":-4.666094779968262,""mean_token_logprob"":-2.333047389984131,""token_logprobs"":[-4.664707660675049,-0.0013872295385226607]},{""candidate"":""Trill"",""token_ids"":[1282,483],""token_count"":2,""sequence_logprob"":-4.51829195022583,""mean_token_logprob"":-2.259145975112915,""token_logprobs"":[-4.289707660675049,-0.22858431935310364]},{""candidate"":""Tsik"",""token_ids"":[52793,1579],""token_count"":2,""sequence_logprob"":-5.415934085845947,""mean_token_logprob"":-2.7079670429229736,""token_logprobs"":[-5.414707660675049,-0.0012265071272850037]},{""candidate"":""Twitter"",""token_ids"":[24862],""token_count"":1,""sequence_logprob"":-0.040961336344480515,""mean_token_logprob"":-0.040961336344480515,""token_logprobs"":[-0.040961336344480515]}]",Twitter,false
623676,Infant Cry,Infant Cry,8,48,audio_icl_candidate,candidate,,"[{""candidate"":""Infant Cry"",""token_ids"":[19433,517,42705],""token_count"":3,""sequence_logprob"":-7.9483537673950195,""mean_token_logprob"":-2.64945125579834,""token_logprobs"":[-7.926445960998535,-0.0059081679210066795,-0.01599985733628273]},{""candidate"":""Phee"",""token_ids"":[47,49053],""token_count"":2,""sequence_logprob"":-5.487137794494629,""mean_token_logprob"":-2.7435688972473145,""token_logprobs"":[-5.485069751739502,-0.0020680485758930445]},{""candidate"":""Seep"",""token_ids"":[1514,747],""token_count"":2,""sequence_logprob"":-4.485634803771973,""mean_token_logprob"":-2.2428174018859863,""token_logprobs"":[-4.485069751739502,-0.000565249880310148]},{""candidate"":""Trill"",""token_ids"":[1282,483],""token_count"":2,""sequence_logprob"":-4.418785572052002,""mean_token_logprob"":-2.209392786026001,""token_logprobs"":[-4.172569751739502,-0.2462158352136612]},{""candidate"":""Tsik"",""token_ids"":[52793,1579],""token_count"":2,""sequence_logprob"":-5.174589157104492,""mean_token_logprob"":-2.587294578552246,""token_logprobs"":[-5.172569751739502,-0.002019391627982259]},{""candidate"":""Twitter"",""token_ids"":[24862],""token_count"":1,""sequence_logprob"":-0.04489472880959511,""mean_token_logprob"":-0.04489472880959511,""token_logprobs"":[-0.04489472880959511]}]",Twitter,false
623691,Infant Cry,Infant Cry,8,48,audio_icl_candidate,candidate,,"[{""candidate"":""Infant Cry"",""token_ids"":[19433,517,42705],""token_count"":3,""sequence_logprob"":-8.254533767700195,""mean_token_logprob"":-2.751511255900065,""token_logprobs"":[-8.231739044189453,-0.00558826606720686,-0.017206557095050812]},{""candidate"":""Phee"",""token_ids"":[47,49053],""token_count"":2,""sequence_logprob"":-5.66636323928833,""mean_token_logprob"":-2.833181619644165,""token_logprobs"":[-5.663592338562012,-0.0027709919959306717]},{""candidate"":""Seep"",""token_ids"":[1514,747],""token_count"":2,""sequence_logprob"":-4.790349006652832,""mean_token_logprob"":-2.395174503326416,""token_logprobs"":[-4.788592338562012,-0.0017566739115864038]},{""candidate"":""Trill"",""token_ids"":[1282,483],""token_count"":2,""sequence_logprob"":-4.596193313598633,""mean_token_logprob"":-2.2980966567993164,""token_logprobs"":[-4.351092338562012,-0.24510091543197632]},{""candidate"":""Tsik"",""token_ids"":[52793,1579],""token_count"":2,""sequence_logprob"":-5.415776252746582,""mean_token_logprob"":-2.707888126373291,""token_logprobs"":[-5.413592338562012,-0.002183911856263876]},{""candidate"":""Twitter"",""token_ids"":[24862],""token_count"":1,""sequence_logprob"":-0.04256657138466835,""mean_token_logprob"":-0.04256657138466835,""token_logprobs"":[-0.04256657138466835]}]",Twitter,false
623713,Seep,Seep,8,48,audio_icl_candidate,candidate,,"[{""candidate"":""Infant Cry"",""token_ids"":[19433,517,42705],""token_count"":3,""sequence_logprob"":-8.805099487304688,""mean_token_logprob"":-2.935033162434896,""token_logprobs"":[-8.782073974609375,-0.0065081072971224785,-0.016517912968993187]},{""candidate"":""Phee"",""token_ids"":[47,49053],""token_count"":2,""sequence_logprob"":-5.7874674797058105,""mean_token_logprob"":-2.8937337398529053,""token_logprobs"":[-5.785811901092529,-0.0016553997993469238]},{""candidate"":""Seep"",""token_ids"":[1514,747],""token_count"":2,""sequence_logprob"":-4.849569320678711,""mean_token_logprob"":-2.4247846603393555,""token_logprobs"":[-4.848311901092529,-0.001257224939763546]},{""candidate"":""Trill"",""token_ids"":[1282,483],""token_count"":2,""sequence_logprob"":-4.665050506591797,""mean_token_logprob"":-2.3325252532958984,""token_logprobs"":[-4.410811901092529,-0.25423845648765564]},{""candidate"":""Tsik"",""token_ids"":[52793,1579],""token_count"":2,""sequence_logprob"":-5.724553108215332,""mean_token_logprob"":-2.862276554107666,""token_logprobs"":[-5.723311901092529,-0.0012411518255248666]},{""candidate"":""Twitter"",""token_ids"":[24862],""token_count"":1,""sequence_logprob"":-0.03835029900074005,""mean_token_logprob"":-0.03835029900074005,""token_logprobs"":[-0.03835029900074005]}]",Twitter,false
623831,Tsik,Tsik,8,48,audio_icl_candidate,candidate,,"[{""candidate"":""Infant Cry"",""token_ids"":[19433,517,42705],""token_count"":3,""sequence_logprob"":-9.612289428710938,""mean_token_logprob"":-3.204096476236979,""token_logprobs"":[-9.585086822509766,-0.007283680606633425,-0.01991947367787361]},{""candidate"":""Phee"",""token_ids"":[47,49053],""token_count"":2,""sequence_logprob"":-6.274869441986084,""mean_token_logprob"":-3.137434720993042,""token_logprobs"":[-6.271613121032715,-0.0032561400439590216]},{""candidate"":""Seep"",""token_ids"":[1514,747],""token_count"":2,""sequence_logprob"":-5.397829532623291,""mean_token_logprob"":-2.6989147663116455,""token_logprobs"":[-5.396613121032715,-0.0012163867941126227]},{""candidate"":""Trill"",""token_ids"":[1282,483],""token_count"":2,""sequence_logprob"":-5.169113636016846,""mean_token_logprob"":-2.584556818008423,""token_logprobs"":[-4.896613121032715,-0.27250057458877563]},{""candidate"":""Tsik"",""token_ids"":[52793,1579],""token_count"":2,""sequence_logprob"":-6.212152481079102,""mean_token_logprob"":-3.106076240539551,""token_logprobs"":[-6.209113121032715,-0.0030392666812986135]},{""candidate"":""Twitter"",""token_ids"":[24862],""token_count"":1,""sequence_logprob"":-0.0241725854575634,""mean_token_logprob"":-0.0241725854575634,""token_logprobs"":[-0.0241725854575634]}]",Twitter,false
624179,Twitter,Twitter,8,48,audio_icl_candidate,candidate,,"[{""candidate"":""Infant Cry"",""token_ids"":[19433,517,42705],""token_count"":3,""sequence_logprob"":-8.815567970275879,""mean_token_logprob"":-2.9385226567586265,""token_logprobs"":[-8.80047607421875,-0.004830239340662956,-0.010261633433401585]},{""candidate"":""Phee"",""token_ids"":[47,49053],""token_count"":2,""sequence_logprob"":-5.428819179534912,""mean_token_logprob"":-2.714409589767456,""token_logprobs"":[-5.427994728088379,-0.0008245882345363498]},{""candidate"":""Seep"",""token_ids"":[1514,747],""token_count"":2,""sequence_logprob"":-4.30352783203125,""mean_token_logprob"":-2.151763916015625,""token_logprobs"":[-4.302994728088379,-0.0005333193112164736]},{""candidate"":""Trill"",""token_ids"":[1282,483],""token_count"":2,""sequence_logprob"":-4.223904132843018,""mean_token_logprob"":-2.111952066421509,""token_logprobs"":[-4.052994728088379,-0.17090919613838196]},{""candidate"":""Tsik"",""token_ids"":[52793,1579],""token_count"":2,""sequence_logprob"":-4.92978572845459,""mean_token_logprob"":-2.464892864227295,""token_logprobs"":[-4.927994728088379,-0.0017910643946379423]},{""candidate"":""Twitter"",""token_ids"":[24862],""token_count"":1,""sequence_logprob"":-0.06090810149908066,""mean_token_logprob"":-0.06090810149908066,""token_logprobs"":[-0.06090810149908066]}]",Twitter,true
624712,Trill,Trill,8,48,audio_icl_candidate,candidate,,"[{""candidate"":""Infant Cry"",""token_ids"":[19433,517,42705],""token_count"":3,""sequence_logprob"":-8.847174644470215,""mean_token_logprob"":-2.949058214823405,""token_logprobs"":[-8.822834014892578,-0.007087565027177334,-0.0172527227550745]},{""candidate"":""Phee"",""token_ids"":[47,49053],""token_count"":2,""sequence_logprob"":-5.851400375366211,""mean_token_logprob"":-2.9257001876831055,""token_logprobs"":[-5.849820613861084,-0.0015798242529854178]},{""candidate"":""Seep"",""token_ids"":[1514,747],""token_count"":2,""sequence_logprob"":-4.60044527053833,""mean_token_logprob"":-2.300222635269165,""token_logprobs"":[-4.599820613861084,-0.0006248190766200423]},{""candidate"":""Trill"",""token_ids"":[1282,483],""token_count"":2,""sequence_logprob"":-4.662745475769043,""mean_token_logprob"":-2.3313727378845215,""token_logprobs"":[-4.474820613861084,-0.1879248023033142]},{""candidate"":""Tsik"",""token_ids"":[52793,1579],""token_count"":2,""sequence_logprob"":-5.414721488952637,""mean_token_logprob"":-2.7073607444763184,""token_logprobs"":[-5.412320613861084,-0.002400732832029462]},{""candidate"":""Twitter"",""token_ids"":[24862],""token_count"":1,""sequence_logprob"":-0.04914325475692749,""mean_token_logprob"":-0.04914325475692749,""token_logprobs"":[-0.04914325475692749]}]",Twitter,false
625053,Twitter,Twitter,8,48,audio_icl_candidate,candidate,,"[{""candidate"":""Infant Cry"",""token_ids"":[19433,517,42705],""token_count"":3,""sequence_logprob"":-10.288146018981934,""mean_token_logprob"":-3.429382006327311,""token_logprobs"":[-10.204001426696777,-0.006609246600419283,-0.07753609865903854]},{""candidate"":""Phee"",""token_ids"":[47,49053],""token_count"":2,""sequence_logprob"":-6.955342769622803,""mean_token_logprob"":-3.4776713848114014,""token_logprobs"":[-6.952243328094482,-0.003099520690739155]},{""candidate"":""Seep"",""token_ids"":[1514,747],""token_count"":2,""sequence_logprob"":-5.891263008117676,""mean_token_logprob"":-2.945631504058838,""token_logprobs"":[-5.889743328094482,-0.0015197168104350567]},{""candidate"":""Trill"",""token_ids"":[1282,483],""token_count"":2,""sequence_logprob"":-5.36706018447876,""mean_token_logprob"":-2.68353009223938,""token_logprobs"":[-5.202243328094482,-0.16481707990169525]},{""candidate"":""Tsik"",""token_ids"":[52793,1579],""token_count"":2,""sequence_logprob"":-6.642450332641602,""mean_token_logprob"":-3.321225166320801,""token_logprobs"":[-6.639743328094482,-0.0027070327196270227]},{""candidate"":""Twitter"",""token_ids"":[24862],""token_count"":1,""sequence_logprob"":-0.016113413497805595,""mean_token_logprob"":-0.016113413497805595,""token_logprobs"":[-0.016113413497805595]}]",Twitter,true
628729,Infant Cry,Infant Cry,8,48,audio_icl_candidate,candidate,,"[{""candidate"":""Infant Cry"",""token_ids"":[19433,517,42705],""token_count"":3,""sequence_logprob"":-8.310417175292969,""mean_token_logprob"":-2.7701390584309897,""token_logprobs"":[-8.287723541259766,-0.006611970253288746,-0.01608221046626568]},{""candidate"":""Phee"",""token_ids"":[47,49053],""token_count"":2,""sequence_logprob"":-5.852756977081299,""mean_token_logprob"":-2.9263784885406494,""token_logprobs"":[-5.851168155670166,-0.0015887507470324636]},{""candidate"":""Seep"",""token_ids"":[1514,747],""token_count"":2,""sequence_logprob"":-4.664766311645508,""mean_token_logprob"":-2.332383155822754,""token_logprobs"":[-4.663668155670166,-0.0010980297811329365]},{""candidate"":""Trill"",""token_ids"":[1282,483],""token_count"":2,""sequence_logprob"":-4.576950550079346,""mean_token_logprob"":-2.288475275039673,""token_logprobs"":[-4.351168155670166,-0.22578251361846924]},{""candidate"":""Tsik"",""token_ids"":[52793,1579],""token_count"":2,""sequence_logprob"":-5.415853500366211,""mean_token_logprob"":-2.7079267501831055,""token_logprobs"":[-5.413668155670166,-0.0021852203644812107]},{""candidate"":""Twitter"",""token_ids"":[24862],""token_count"":1,""sequence_logprob"":-0.03457437828183174,""mean_token_logprob"":-0.03457437828183174,""token_logprobs"":[-0.03457437828183174]}]",Twitter,false
631448,Trill,Trill,8,48,audio_icl_candidate,candidate,,"[{""candidate"":""Infant Cry"",""token_ids"":[19433,517,42705],""token_count"":3,""sequence_logprob"":-9.20368480682373,""mean_token_logprob"":-3.06789493560791,""token_logprobs"":[-9.181205749511719,-0.005618850234895945,-0.01685965619981289]},{""candidate"":""Phee"",""token_ids"":[47,49053],""token_count"":2,""sequence_logprob"":-6.154209136962891,""mean_token_logprob"":-3.0771045684814453,""token_logprobs"":[-6.151629447937012,-0.002579696709290147]},{""candidate"":""Seep"",""token_ids"":[1514,747],""token_count"":2,""sequence_logprob"":-5.2148051261901855,""mean_token_logprob"":-2.6074025630950928,""token_logprobs"":[-5.214129447937012,-0.0006756883230991662]},{""candidate"":""Trill"",""token_ids"":[1282,483],""token_count"":2,""sequence_logprob"":-4.858004570007324,""mean_token_logprob"":-2.429002285003662,""token_logprobs"":[-4.651629447937012,-0.2063750922679901]},{""candidate"":""Tsik"",""token_ids"":[52793,1579],""token_count"":2,""sequence_logprob"":-5.903931617736816,""mean_token_logprob"":-2.951965808868408,""token_logprobs"":[-5.901629447937012,-0.0023022594396024942]},{""candidate"":""Twitter"",""token_ids"":[24862],""token_count"":1,""sequence_logprob"":-0.025801608338952065,""mean_token_logprob"":-0.025801608338952065,""token_logprobs"":[-0.025801608338952065]}]",Twitter,false
631485,Phee,Phee,8,48,audio_icl_candidate,candidate,,"[{""candidate"":""Infant Cry"",""token_ids"":[19433,517,42705],""token_count"":3,""sequence_logprob"":-8.344027519226074,""mean_token_logprob"":-2.7813425064086914,""token_logprobs"":[-8.32696533203125,-0.00450536422431469,-0.01255748514086008]},{""candidate"":""Phee"",""token_ids"":[47,49053],""token_count"":2,""sequence_logprob"":-5.061004161834717,""mean_token_logprob"":-2.5305020809173584,""token_logprobs"":[-5.0596723556518555,-0.0013317534467205405]},{""candidate"":""Seep"",""token_ids"":[1514,747],""token_count"":2,""sequence_logprob"":-4.18515157699585,""mean_token_logprob"":-2.092575788497925,""token_logprobs"":[-4.1846723556518555,-0.0004789874074049294]},{""candidate"":""Trill"",""token_ids"":[1282,483],""token_count"":2,""sequence_logprob"":-4.184774398803711,""mean_token_logprob"":-2.0923871994018555,""token_logprobs"":[-3.9971721172332764,-0.18760250508785248]},{""candidate"":""Tsik"",""token_ids"":[52793,1579],""token_count"":2,""sequence_logprob"":-5.061615943908691,""mean_token_logprob"":-2.5308079719543457,""token_logprobs"":[-5.0596723556518555,-0.0019434866262599826]},{""candidate"":""Twitter"",""token_ids"":[24862],""token_count"":1,""sequence_logprob"":-0.04972882196307182,""mean_token_logprob"":-0.04972882196307182,""token_logprobs"":[-0.04972882196307182]}]",Twitter,false
631861,Infant Cry,Infant Cry,8,48,audio_icl_candidate,candidate,,"[{""candidate"":""Infant Cry"",""token_ids"":[19433,517,42705],""token_count"":3,""sequence_logprob"":-7.5937957763671875,""mean_token_logprob"":-2.5312652587890625,""token_logprobs"":[-7.572587490081787,-0.00627618283033371,-0.014932170510292053]},{""candidate"":""Phee"",""token_ids"":[47,49053],""token_count"":2,""sequence_logprob"":-5.379705905914307,""mean_token_logprob"":-2.6898529529571533,""token_logprobs"":[-5.3782806396484375,-0.0014253228437155485]},{""candidate"":""Seep"",""token_ids"":[1514,747],""token_count"":2,""sequence_logprob"":-4.129420280456543,""mean_token_logprob"":-2.0647101402282715,""token_logprobs"":[-4.1282806396484375,-0.0011394681641831994]},{""candidate"":""Trill"",""token_ids"":[1282,483],""token_count"":2,""sequence_logprob"":-3.9545843601226807,""mean_token_logprob"":-1.9772921800613403,""token_logprobs"":[-3.7532808780670166,-0.2013033926486969]},{""candidate"":""Tsik"",""token_ids"":[52793,1579],""token_count"":2,""sequence_logprob"":-5.005157947540283,""mean_token_logprob"":-2.5025789737701416,""token_logprobs"":[-5.0032806396484375,-0.0018774517811834812]},{""candidate"":""Twitter"",""token_ids"":[24862],""token_count"":1,""sequence_logprob"":-0.07493191212415695,""mean_token_logprob"":-0.07493191212415695,""token_logprobs"":[-0.07493191212415695]}]",Twitter,false
631947,Tsik,Tsik,8,48,audio_icl_candidate,candidate,,"[{""candidate"":""Infant Cry"",""token_ids"":[19433,517,42705],""token_count"":3,""sequence_logprob"":-9.172024726867676,""mean_token_logprob"":-3.0573415756225586,""token_logprobs"":[-9.149409294128418,-0.005534444935619831,-0.017081288620829582]},{""candidate"":""Phee"",""token_ids"":[47,49053],""token_count"":2,""sequence_logprob"":-6.524910926818848,""mean_token_logprob"":-3.262455463409424,""token_logprobs"":[-6.523575305938721,-0.001335444045253098]},{""candidate"":""Seep"",""token_ids"":[1514,747],""token_count"":2,""sequence_logprob"":-5.274851322174072,""mean_token_logprob"":-2.637425661087036,""token_logprobs"":[-5.273575305938721,-0.0012757980730384588]},{""candidate"":""Trill"",""token_ids"":[1282,483],""token_count"":2,""sequence_logprob"":-4.885705947875977,""mean_token_logprob"":-2.4428529739379883,""token_logprobs"":[-4.711075305938721,-0.17463061213493347]},{""candidate"":""Tsik"",""token_ids"":[52793,1579],""token_count"":2,""sequence_logprob"":-6.151342391967773,""mean_token_logprob"":-3.0756711959838867,""token_logprobs"":[-6.148575305938721,-0.002767068799585104]},{""candidate"":""Twitter"",""token_ids"":[24862],""token_count"":1,""sequence_logprob"":-0.02370470017194748,""mean_token_logprob"":-0.02370470017194748,""token_logprobs"":[-0.02370470017194748]}]",Twitter,false
632037,Tsik,Tsik,8,48,audio_icl_candidate,candidate,,"[{""candidate"":""Infant Cry"",""token_ids"":[19433,517,42705],""token_count"":3,""sequence_logprob"":-8.590171813964844,""mean_token_logprob"":-2.8633906046549478,""token_logprobs"":[-8.568133354187012,-0.0060138702392578125,-0.01602461002767086]},{""candidate"":""Phee"",""token_ids"":[47,49053],""token_count"":2,""sequence_logprob"":-5.423361301422119,""mean_token_logprob"":-2.7116806507110596,""token_logprobs"":[-5.421835899353027,-0.0015254301251843572]},{""candidate"":""Seep"",""token_ids"":[1514,747],""token_count"":2,""sequence_logprob"":-4.422712802886963,""mean_token_logprob"":-2.2113564014434814,""token_logprobs"":[-4.421835899353027,-0.000876757490914315]},{""candidate"":""Trill"",""token_ids"":[1282,483],""token_count"":2,""sequence_logprob"":-4.318888187408447,""mean_token_logprob"":-2.1594440937042236,""token_logprobs"":[-4.109335899353027,-0.20955215394496918]},{""candidate"":""Tsik"",""token_ids"":[52793,1579],""token_count"":2,""sequence_logprob"":-5.361327171325684,""mean_token_logprob"":-2.680663585662842,""token_logprobs"":[-5.359335899353027,-0.001991433557122946]},{""candidate"":""Twitter"",""token_ids"":[24862],""token_count"":1,""sequence_logprob"":-0.04936159402132034,""mean_token_logprob"":-0.04936159402132034,""token_logprobs"":[-0.04936159402132034]}]",Twitter,false
