event_id,target,prediction,correct,recording_id
101138,Phee,Phee,true,2022_2_3
102022,Trill,Trill,true,2022_2_3
108998,Phee,Phee,true,2022_2_4
110359,Tsik,Tsik,true,2022_2_4
110581,Tsik,Tsik,true,2022_2_4
121321,Seep,Seep,true,2022_2_5
121474,Trill,Trill,true,2022_2_5
122742,Tsik,Tsik,true,2022_2_6
131555,Infant Cry,Infant Cry,true,2022_2_6
135177,Seep,Seep,true,2022_2_7
137886,Twitter,Twitter,true,2022_2_7
143307,Tsik,Tsik,true,2022_2_8
152770,Twitter,Twitter,true,2022_2_8
161381,Phee,Phee,true,2022_3_1
161850,Trill,Trill,true,2022_3_1
162983,Infant Cry,Infant Cry,true,2022_3_1
166603,Twitter,Tsik,false,2022_3_1
170858,Tsik,Tsik,true,2022_3_1
172015,Trill,Trill,true,2022_3_1
173793,Seep,Seep,true,2022_3_2
174653,Twitter,Twitter,true,2022_3_2
190781,Trill,Trill,true,2022_4_0
193131,Infant Cry,Infant Cry,true,2022_3_3
195490,Trill,Trill,true,2022_4_0
200722,Tsik,Tsik,true,2022_4_0
201275,Infant Cry,Infant Cry,true,2022_3_4
202978,Phee,Phee,true,2022_3_4
205050,Twitter,Twitter,true,2022_10_0
209319,Phee,Phee,true,2022_10_0
209834,Tsik,Tsik,true,2022_12_0
209838,Tsik,Tsik,true,2022_12_0
209846,Tsik,Tsik,true,2022_12_0
209851,Tsik,Tsik,true,2022_12_0
209853,Tsik,Infant Cry,false,2022_12_0
209876,Tsik,Tsik,true,2022_12_0
209886,Tsik,Tsik,true,2022_12_0
209891,Tsik,Tsik,true,2022_12_0
209893,Tsik,Tsik,true,2022_12_0
209900,Tsik,Tsik,true,2022_12_0
209901,Tsik,Tsik,true,2022_12_0
209905,Tsik,Tsik,true,2022_12_0
209919,Tsik,Tsik,true,2022_12_0
211769,Twitter,Twitter,true,2019_12_0
211832,Seep,Seep,true,2019_12_0
211839,Phee,Phee,true,2019_12_0
211974,Seep,Tsik,false,2022_3_4
212002,Seep,Seep,true,2022_3_4
212103,Seep,Seep,true,2022_3_4
212106,Seep,Seep,true,2022_3_4
212109,Seep,Seep,true,2022_3_4
212110,Seep,Seep,true,2022_3_4
212113,Seep,Seep,true,2022_3_4
212116,Seep,Seep,true,2022_3_4
212120,Seep,Seep,true,2022_3_4
212126,Seep,Seep,true,2022_3_4
212127,Seep,Seep,true,2022_3_4
212130,Seep,Seep,true,2022_3_4
213327,Infant Cry,Infant Cry,true,2019_12_0
221515,Phee,Phee,true,2022_3_5
221925,Infant Cry,Infant Cry,true,2022_3_5
223069,Infant Cry,Infant Cry,true,2019_12_0
223077,Infant Cry,Infant Cry,true,2019_12_0
223107,Phee,Phee,true,2019_12_0
223123,Trill,Trill,true,2019_12_0
223144,Trill,Twitter,false,2019_12_0
223149,Twitter,Twitter,true,2019_12_0
223154,Phee,Phee,true,2019_12_0
223184,Twitter,Twitter,true,2019_12_0
223196,Phee,Phee,true,2019_12_0
223198,Phee,Phee,true,2019_12_0
223206,Phee,Phee,true,2019_12_0
223208,Phee,Phee,true,2019_12_0
223247,Infant Cry,Infant Cry,true,2019_12_0
223262,Infant Cry,Infant Cry,true,2019_12_0
223263,Trill,Trill,true,2019_12_0
223298,Seep,Seep,true,2019_12_0
223312,Infant Cry,Infant Cry,true,2019_12_0
223332,Infant Cry,Infant Cry,true,2019_12_0
223352,Infant Cry,Infant Cry,true,2019_12_0
223365,Twitter,Tsik,false,2019_12_0
223371,Tsik,Seep,false,2019_12_0
223375,Infant Cry,Infant Cry,true,2019_12_0
223383,Infant Cry,Infant Cry,true,2019_12_0
223396,Infant Cry,Infant Cry,true,2019_12_0
223400,Infant Cry,Infant Cry,true,2019_12_0
223402,Infant Cry,Infant Cry,true,2019_12_0
227303,Twitter,Twitter,true,2020_1_0
228489,Seep,Seep,true,2020_2_0
228842,Twitter,Twitter,true,2020_2_0
233067,Trill,Tsik,false,2022_12_0
234304,Infant Cry,Infant Cry,true,2020_1_0
235891,Seep,Seep,true,2022_4_0
237025,Seep,Seep,true,2020_1_0
237804,Infant Cry,Infant Cry,true,2022_12_1
238029,Infant Cry,Infant Cry,true,2022_12_1
238142,Infant Cry,Infant Cry,true,2022_3_5
238306,Infant Cry,Infant Cry,true,2020_2_0
238981,Trill,Trill,true,2020_2_0
24031,Phee,Phee,true,2022_1_2
241125,Twitter,Twitter,true,2020_2_0
242790,Phee,Phee,true,2022_3_5
242947,Seep,Seep,true,2022_3_5
248161,Tsik,Tsik,true,2022_9_0
248263,Twitter,Twitter,true,2022_9_0
248296,Twitter,Twitter,true,2022_9_0
250172,Twitter,Twitter,true,2022_4_0
26795,Phee,Phee,true,2022_1_2
268974,Phee,Phee,true,2022_12_1
269263,Trill,Trill,true,2022_12_1
273977,Twitter,Twitter,true,2022_12_1
274918,Twitter,Twitter,true,2022_3_6
277849,Seep,Seep,true,2020_2_0
285498,Seep,Seep,true,2020_2_0
285967,Phee,Phee,true,2020_2_0
293662,Twitter,Twitter,true,2022_3_7
294079,Seep,Seep,true,2022_3_7
297892,Seep,Seep,true,2022_12_1
299793,Infant Cry,Infant Cry,true,2022_3_7
303572,Seep,Seep,true,2022_3_7
313999,Twitter,Twitter,true,2022_3_8
31471,Tsik,Tsik,true,2022_1_3
315549,Infant Cry,Infant Cry,true,2022_3_9
317391,Phee,Phee,true,2022_3_9
31828,Seep,Seep,true,2022_1_3
329778,Infant Cry,Infant Cry,true,2022_3_10
335642,Tsik,Tsik,true,2020_1_1
342684,Infant Cry,Infant Cry,true,2022_3_11
343808,Trill,Trill,true,2022_3_11
34756,Phee,Phee,true,2022_1_3
350340,Infant Cry,Infant Cry,true,2022_3_12
352081,Infant Cry,Infant Cry,true,2022_12_2
354197,Infant Cry,Infant Cry,true,2022_3_12
354379,Trill,Trill,true,2022_3_12
357670,Infant Cry,Infant Cry,true,2022_3_12
362733,Trill,Trill,true,2022_3_13
363877,Twitter,Twitter,true,2022_4_1
36485,Phee,Phee,true,2022_1_3
36522,Twitter,Twitter,true,2022_1_3
372773,Infant Cry,Infant Cry,true,2022_10_0
377896,Phee,Phee,true,2022_10_1
380174,Twitter,Twitter,true,2022_9_0
386889,Twitter,Twitter,true,2022_3_13
389438,Phee,Phee,true,2022_4_1
395548,Phee,Phee,true,2022_4_2
397118,Trill,Trill,true,2022_4_2
400874,Twitter,Twitter,true,2022_4_2
401218,Infant Cry,Infant Cry,true,2022_4_2
405841,Infant Cry,Infant Cry,true,2022_4_3
408631,Phee,Phee,true,2022_4_3
411252,Seep,Seep,true,2022_10_1
414997,Seep,Seep,true,2022_10_1
422474,Seep,Seep,true,2022_10_2
422515,Seep,Seep,true,2022_10_2
423771,Tsik,Tsik,true,2022_9_0
436313,Trill,Trill,true,2022_9_1
43726,Twitter,Twitter,true,2022_1_4
438410,Tsik,Tsik,true,2022_9_1
442547,Twitter,Twitter,true,2022_9_1
452855,Twitter,Twitter,true,2022_4_4
456914,Trill,Twitter,false,2022_10_3
463226,Trill,Trill,true,2022_4_5
46505,Seep,Seep,true,2022_1_4
468429,Tsik,Tsik,true,2022_4_5
470849,Trill,Phee,false,2022_4_6
480809,Tsik,Tsik,true,2022_4_6
481037,Tsik,Tsik,true,2022_4_7
495081,Seep,Seep,true,2022_12_2
501612,Infant Cry,Infant Cry,true,2022_12_2
502854,Trill,Trill,true,2022_12_2
508634,Twitter,Twitter,true,2023_4_1
508636,Twitter,Twitter,true,2023_4_1
508670,Phee,Phee,true,2023_4_1
508675,Phee,Phee,true,2023_4_1
508695,Twitter,Twitter,true,2023_4_1
508696,Phee,Phee,true,2023_4_1
508707,Phee,Phee,true,2023_4_1
508717,Phee,Phee,true,2023_4_1
508745,Infant Cry,Infant Cry,true,2023_4_1
508749,Twitter,Twitter,true,2023_4_1
508764,Infant Cry,Infant Cry,true,2023_4_1
508775,Phee,Phee,true,2023_4_1
508777,Twitter,Twitter,true,2023_4_1
508780,Infant Cry,Infant Cry,true,2023_4_1
508801,Infant Cry,Infant Cry,true,2023_4_1
508828,Twitter,Twitter,true,2023_4_1
508830,Twitter,Twitter,true,2023_4_1
508835,Phee,Phee,true,2023_4_1
508866,Tsik,Tsik,true,2023_4_1
508870,Tsik,Tsik,true,2023_4_1
508872,Tsik,Tsik,true,2023_4_1
508896,Seep,Seep,true,2023_4_1
508903,Tsik,Tsik,true,2023_4_1
508905,Tsik,Tsik,true,2023_4_1
508923,Tsik,Tsik,true,2022_12_3
508964,Twitter,Twitter,true,2022_12_3
508966,Phee,Phee,true,2022_12_3
508992,Twitter,Twitter,true,2022_12_3
508993,Twitter,Twitter,true,2022_12_3
509005,Twitter,Twitter,true,2022_12_3
509006,Twitter,Twitter,true,2022_12_3
509008,Twitter,Twitter,true,2022_12_3
509009,Phee,Phee,true,2022_12_3
509015,Phee,Phee,true,2022_12_3
509026,Twitter,Twitter,true,2022_12_3
509036,Phee,Phee,true,2022_12_3
509046,Twitter,Twitter,true,2022_12_3
509047,Phee,Phee,true,2022_12_3
509050,Phee,Phee,true,2022_12_3
509055,Seep,Seep,true,2022_12_3
509060,Seep,Seep,true,2022_12_3
509065,Seep,Seep,true,2022_12_3
509083,Infant Cry,Infant Cry,true,2022_12_3
509087,Twitter,Twitter,true,2022_12_3
509091,Infant Cry,Infant Cry,true,2022_12_3
509092,Infant Cry,Twitter,false,2022_12_3
509100,Infant Cry,Infant Cry,true,2022_12_3
50919,Tsik,Tsik,true,2022_1_5
511620,Phee,Phee,true,2022_12_3
511735,Twitter,Twitter,true,2022_12_3
51436,Trill,Trill,true,2022_1_5
515398,Trill,Trill,true,2022_12_3
517703,Trill,Trill,true,2020_2_1
518079,Phee,Phee,true,2020_2_1
518850,Infant Cry,Infant Cry,true,2022_12_4
521545,Phee,Phee,true,2020_7_0
523406,Seep,Seep,true,2023_3_0
524694,Infant Cry,Infant Cry,true,2023_3_0
524878,Infant Cry,Infant Cry,true,2023_3_0
525243,Twitter,Twitter,true,2023_3_0
525561,Twitter,Twitter,true,2023_3_0
525562,Twitter,Twitter,true,2023_3_0
525735,Tsik,Tsik,true,2021_1_0
525796,Phee,Phee,true,2021_1_0
525942,Phee,Phee,true,2021_1_0
526040,Infant Cry,Infant Cry,true,2021_1_0
526430,Trill,Trill,true,2021_1_0
526541,Infant Cry,Infant Cry,true,2021_1_0
526671,Infant Cry,Infant Cry,true,2021_1_0
526711,Infant Cry,Infant Cry,true,2021_1_0
526904,Tsik,Tsik,true,2021_1_0
527150,Phee,Phee,true,2021_1_0
527437,Seep,Seep,true,2021_1_0
527487,Twitter,Twitter,true,2021_1_0
527518,Phee,Phee,true,2021_1_0
527789,Phee,Phee,true,2021_1_0
52861,Trill,Trill,true,2022_1_5
528688,Phee,Phee,true,2021_1_0
533988,Seep,Seep,true,2020_7_0
536094,Phee,Phee,true,2020_3_0
539125,Twitter,Twitter,true,2020_3_0
539296,Seep,Seep,true,2020_3_0
539354,Phee,Phee,true,2020_3_0
540984,Infant Cry,Infant Cry,true,2020_5_0
541326,Seep,Seep,true,2020_3_0
54180,Phee,Phee,true,2022_1_5
547929,Twitter,Twitter,true,2020_7_0
547992,Phee,Phee,true,2020_7_0
548798,Trill,Trill,true,2020_7_0
549295,Trill,Trill,true,2020_10_0
549904,Tsik,Tsik,true,2020_10_0
549995,Trill,Trill,true,2020_10_0
550353,Twitter,Twitter,true,2020_10_0
550482,Twitter,Twitter,true,2020_10_0
551590,Phee,Phee,true,2020_10_0
5555,Twitter,Trill,false,2022_1_0
556028,Seep,Seep,true,2020_11_0
556866,Twitter,Twitter,true,2020_10_0
557194,Twitter,Twitter,true,2020_10_0
557502,Phee,Phee,true,2020_10_0
558254,Tsik,Tsik,true,2020_10_0
558285,Twitter,Twitter,true,2020_10_0
558438,Infant Cry,Infant Cry,true,2020_10_0
558541,Phee,Phee,true,2020_10_0
558594,Infant Cry,Infant Cry,true,2020_10_0
558633,Infant Cry,Infant Cry,true,2020_10_0
558689,Infant Cry,Infant Cry,true,2020_10_0
561688,Trill,Trill,true,2020_12_0
56195,Trill,Trill,true,2022_1_5
562625,Infant Cry,Infant Cry,true,2020_12_0
563468,Tsik,Tsik,true,2020_12_0
564626,Trill,Trill,true,2020_10_0
565266,Infant Cry,Infant Cry,true,2020_10_1
567471,Twitter,Twitter,true,2021_9_0
567790,Tsik,Tsik,true,2021_9_0
571992,Seep,Seep,true,2020_10_1
572081,Trill,Trill,true,2020_10_1
575225,Phee,Phee,true,2020_10_1
57995,Infant Cry,Infant Cry,true,2022_2_0
580149,Trill,Trill,true,2021_1_1
580352,Phee,Phee,true,2021_1_1
582600,Phee,Phee,true,2020_11_0
582662,Seep,Seep,true,2020_11_0
582669,Phee,Phee,true,2020_11_0
582722,Twitter,Twitter,true,2020_10_1
583172,Phee,Phee,true,2020_10_1
583214,Infant Cry,Infant Cry,true,2020_10_1
583673,Phee,Phee,true,2020_10_1
583769,Phee,Phee,true,2020_10_1
583884,Seep,Seep,true,2020_10_1
584012,Phee,Phee,true,2020_10_1
584053,Trill,Trill,true,2020_10_1
584362,Seep,Seep,true,2020_10_1
584396,Twitter,Twitter,true,2020_10_1
586064,Seep,Seep,true,2020_10_1
589271,Tsik,Tsik,true,2020_12_0
589438,Trill,Infant Cry,false,2020_12_0
590590,Phee,Phee,true,2020_7_0
592253,Trill,Trill,true,2020_7_0
592286,Twitter,Twitter,true,2020_7_0
592333,Trill,Trill,true,2023_2_0
592365,Trill,Trill,true,2023_2_0
592485,Trill,Trill,true,2023_2_0
593315,Tsik,Tsik,true,2020_10_1
593649,Trill,Trill,true,2020_10_1
594023,Trill,Trill,true,2020_10_1
595018,Trill,Trill,true,2020_10_2
596191,Infant Cry,Infant Cry,true,2023_2_0
598116,Twitter,Twitter,true,2020_10_2
598781,Twitter,Twitter,true,2020_10_2
600731,Twitter,Twitter,true,2020_12_0
601927,Twitter,Twitter,true,2020_12_1
602268,Twitter,Twitter,true,2020_12_1
604234,Infant Cry,Infant Cry,true,2020_12_1
609454,Infant Cry,Infant Cry,true,2020_10_2
610080,Tsik,Tsik,true,2020_10_2
612455,Infant Cry,Infant Cry,true,2020_12_1
612456,Infant Cry,Infant Cry,true,2020_12_1
612715,Infant Cry,Infant Cry,true,2020_12_1
614582,Tsik,Tsik,true,2021_1_1
61472,Phee,Phee,true,2022_2_0
614794,Tsik,Tsik,true,2021_1_1
617822,Seep,Seep,true,2023_3_0
618440,Infant Cry,Infant Cry,true,2023_3_0
619623,Seep,Seep,true,2020_12_1
622260,Twitter,Twitter,true,2020_10_2
622312,Tsik,Tsik,true,2020_10_2
622320,Trill,Trill,true,2020_10_2
622417,Seep,Seep,true,2020_10_2
622758,Twitter,Twitter,true,2020_10_2
623382,Seep,Seep,true,2020_10_2
623573,Twitter,Twitter,true,2020_10_2
623621,Seep,Seep,true,2020_10_2
623676,Infant Cry,Infant Cry,true,2020_10_2
623691,Infant Cry,Infant Cry,true,2020_10_2
623713,Seep,Seep,true,2020_10_2
623831,Tsik,Tsik,true,2020_10_2
624179,Twitter,Twitter,true,2020_10_2
624712,Trill,Trill,true,2020_10_2
625053,Twitter,Twitter,true,2020_10_2
628729,Infant Cry,Infant Cry,true,2021_1_1
630476,Trill,Trill,true,2023_3_0
630989,Phee,Phee,true,2023_3_0
631021,Seep,Seep,true,2023_3_0
631145,Phee,Trill,false,2023_3_0
631448,Trill,Twitter,false,2021_1_1
631485,Phee,Phee,true,2021_1_1
631861,Infant Cry,Infant Cry,true,2021_1_1
631947,Tsik,Tsik,true,2021_1_1
632037,Tsik,Tsik,true,2021_1_1
632300,Phee,Phee,true,2021_1_1
632381,Twitter,Twitter,true,2021_1_1
632863,Phee,Phee,true,2021_1_1
633531,Phee,Trill,false,2021_1_1
633994,Trill,Trill,true,2021_1_2
636120,Tsik,Twitter,false,2023_3_0
636151,Tsik,Tsik,true,2023_3_0
637669,Seep,Seep,true,2020_11_0
638580,Phee,Phee,true,2023_3_0
638810,Trill,Trill,true,2023_3_1
639491,Phee,Phee,true,2023_3_1
639917,Trill,Trill,true,2023_3_1
642827,Tsik,Tsik,true,2020_2_1
645428,Twitter,Twitter,true,2020_2_2
647588,Phee,Phee,true,2020_10_3
648272,Twitter,Twitter,true,2020_11_0
649137,Trill,Trill,true,2020_11_0
651191,Infant Cry,Infant Cry,true,2023_3_1
651229,Twitter,Twitter,true,2023_3_1
652668,Seep,Seep,true,2023_3_1
654915,Tsik,Tsik,true,2023_3_1
655668,Seep,Seep,true,2023_3_1
655868,Seep,Seep,true,2023_3_1
657440,Phee,Phee,true,2023_3_2
657848,Infant Cry,Infant Cry,true,2023_3_2
658275,Phee,Phee,true,2023_3_2
659272,Infant Cry,Infant Cry,true,2023_3_2
662160,Tsik,Tsik,true,2023_3_2
662800,Twitter,Twitter,true,2023_3_2
663233,Phee,Phee,true,2023_3_2
6633,Infant Cry,Infant Cry,true,2022_1_0
663998,Tsik,Tsik,true,2020_11_1
664504,Infant Cry,Infant Cry,true,2020_11_1
666082,Infant Cry,Infant Cry,true,2020_11_1
666489,Tsik,Tsik,true,2020_11_1
666571,Tsik,Tsik,true,2020_11_1
666726,Tsik,Tsik,true,2020_11_1
666835,Tsik,Tsik,true,2020_11_1
666889,Trill,Trill,true,2020_11_1
667042,Trill,Trill,true,2020_11_1
667091,Trill,Trill,true,2020_11_1
667130,Seep,Seep,true,2020_11_1
667201,Twitter,Twitter,true,2020_11_1
667312,Trill,Trill,true,2020_11_1
667582,Tsik,Tsik,true,2020_11_1
667865,Infant Cry,Infant Cry,true,2020_11_1
667905,Infant Cry,Infant Cry,true,2020_11_1
668393,Tsik,Tsik,true,2020_11_1
668428,Trill,Trill,true,2020_11_1
668980,Tsik,Trill,false,2020_11_1
669075,Trill,Trill,true,2020_11_1
669272,Seep,Seep,true,2020_11_1
669273,Seep,Seep,true,2020_11_1
669577,Phee,Phee,true,2020_11_1
669789,Tsik,Tsik,true,2020_11_1
669950,Infant Cry,Infant Cry,true,2020_11_1
669953,Infant Cry,Infant Cry,true,2020_11_1
670039,Infant Cry,Infant Cry,true,2020_11_1
670290,Seep,Seep,true,2020_11_1
670835,Trill,Trill,true,2023_3_2
678522,Twitter,Twitter,true,2020_11_2
679182,Trill,Twitter,false,2020_11_2
680295,Twitter,Twitter,true,2020_11_2
680791,Twitter,Twitter,true,2023_3_3
686112,Trill,Trill,true,2023_4_2
687244,Trill,Trill,true,2023_4_2
687663,Tsik,Twitter,false,2023_4_2
691528,Infant Cry,Infant Cry,true,2023_3_3
691986,Trill,Phee,false,2023_3_3
693164,Infant Cry,Infant Cry,true,2023_2_0
695093,Infant Cry,Infant Cry,true,2023_3_3
695230,Trill,Trill,true,2023_3_4
696291,Infant Cry,Infant Cry,true,2023_2_0
697899,Seep,Seep,true,2023_2_0
699227,Twitter,Twitter,true,2023_3_4
704199,Phee,Phee,true,2023_2_1
706021,Phee,Phee,true,2023_3_4
707417,Trill,Trill,true,2023_2_1
708365,Phee,Phee,true,2023_4_2
708875,Trill,Trill,true,2023_3_4
714664,Trill,Trill,true,2023_4_2
715845,Seep,Seep,true,2020_10_3
716490,Tsik,Tsik,true,2020_10_3
725567,Infant Cry,Infant Cry,true,2020_9_0
725841,Trill,Trill,true,2023_4_2
729021,Infant Cry,Infant Cry,true,2023_2_1
731937,Infant Cry,Infant Cry,true,2023_2_1
732993,Seep,Seep,true,2023_4_3
734091,Phee,Phee,true,2023_2_1
734314,Seep,Seep,true,2023_2_2
736548,Seep,Seep,true,2023_2_2
737715,Twitter,Twitter,true,2023_3_4
738495,Trill,Trill,true,2023_3_4
739815,Seep,Twitter,false,2023_4_3
741056,Seep,Seep,true,2023_4_3
742006,Infant Cry,Infant Cry,true,2023_3_4
745366,Phee,Phee,true,2023_4_3
746198,Tsik,Tsik,true,2023_4_3
753447,Tsik,Tsik,true,2023_3_5
755986,Tsik,Tsik,true,2023_4_4
758751,Phee,Phee,true,2023_4_4
762457,Trill,Trill,true,2023_2_2
763863,Infant Cry,Infant Cry,true,2023_2_2
765458,Infant Cry,Infant Cry,true,2023_2_2
765518,Infant Cry,Infant Cry,true,2023_2_2
766645,Twitter,Twitter,true,2023_3_5
768310,Trill,Trill,true,2023_3_5
768697,Twitter,Twitter,true,2023_3_5
769197,Seep,Seep,true,2023_3_5
769489,Seep,Seep,true,2023_3_5
770417,Tsik,Tsik,true,2023_3_5
770853,Tsik,Tsik,true,2023_3_5
773125,Seep,Seep,true,2023_3_6
773651,Phee,Phee,true,2023_3_6
778988,Phee,Phee,true,2020_11_2
779744,Tsik,Tsik,true,2020_11_2
781044,Trill,Twitter,false,2023_3_6
781684,Seep,Seep,true,2023_3_6
784804,Tsik,Tsik,true,2023_3_7
786011,Twitter,Twitter,true,2020_11_2
786486,Infant Cry,Infant Cry,true,2020_11_2
787004,Tsik,Tsik,true,2020_11_2
788000,Phee,Phee,true,2023_4_4
792714,Tsik,Tsik,true,2023_3_7
794037,Seep,Seep,true,2023_3_7
794666,Phee,Phee,true,2023_4_4
799377,Tsik,Tsik,true,2023_4_4
79941,Twitter,Twitter,true,2022_2_1
799579,Infant Cry,Infant Cry,true,2023_3_7
801091,Tsik,Tsik,true,2023_4_5
804279,Trill,Trill,true,2023_4_5
804713,Tsik,Tsik,true,2023_4_5
805029,Tsik,Tsik,true,2023_4_5
805513,Twitter,Twitter,true,2023_4_5
805610,Trill,Trill,true,2023_4_5
807122,Tsik,Tsik,true,2023_4_5
807189,Twitter,Twitter,true,2023_4_5
809280,Trill,Trill,true,2023_4_5
811393,Twitter,Twitter,true,2023_4_5
8116,Twitter,Twitter,true,2022_1_0
81191,Seep,Seep,true,2022_2_2
81234,Phee,Phee,true,2022_2_2
816990,Tsik,Tsik,true,2023_4_6
817109,Infant Cry,Infant Cry,true,2023_4_6
817681,Infant Cry,Infant Cry,true,2023_4_6
820757,Twitter,Twitter,true,2023_4_6
822050,Phee,Phee,true,2023_4_6
822265,Phee,Phee,true,2023_4_6
824405,Phee,Phee,true,2023_4_7
826133,Twitter,Twitter,true,2023_4_7
827373,Trill,Trill,true,2023_4_7
836027,Trill,Trill,true,2023_4_8
836799,Twitter,Twitter,true,2023_4_8
837515,Trill,Trill,true,2023_4_8
840586,Phee,Phee,true,2023_4_8
84423,Tsik,Twitter,false,2022_1_6
844274,Twitter,Twitter,true,2023_4_9
84477,Twitter,Twitter,true,2022_1_6
847877,Tsik,Tsik,true,2023_4_9
851005,Phee,Phee,true,2023_4_9
851383,Trill,Trill,true,2023_4_9
851385,Twitter,Twitter,true,2023_4_9
851788,Phee,Trill,false,2023_4_9
852107,Trill,Trill,true,2023_4_9
852264,Phee,Phee,true,2023_4_9
853911,Tsik,Tsik,true,2023_4_10
857186,Seep,Seep,true,2023_4_10
857896,Phee,Phee,true,2023_4_10
857970,Phee,Phee,true,2023_4_10
859379,Trill,Trill,true,2020_10_3
860537,Phee,Phee,true,2020_10_3
861790,Trill,Trill,true,2020_10_3
861853,Twitter,Twitter,true,2020_10_4
862343,Phee,Phee,true,2020_10_4
862520,Phee,Phee,true,2020_10_4
866025,Infant Cry,Infant Cry,true,2020_11_2
866515,Seep,Seep,true,2020_11_2
866525,Twitter,Twitter,true,2020_11_2
866533,Twitter,Twitter,true,2020_11_2
866655,Seep,Tsik,false,2020_11_2
866838,Twitter,Twitter,true,2020_11_2
867327,Infant Cry,Infant Cry,true,2020_11_2
867489,Tsik,Tsik,true,2020_11_2
867502,Trill,Trill,true,2020_11_2
867780,Trill,Trill,true,2020_11_3
868095,Infant Cry,Infant Cry,true,2020_11_3
9024,Infant Cry,Infant Cry,true,2022_1_0
